video_id,title,url,channel,duration_seconds,duration_string,view_count,publish_date,playlist_id,playlist_title,thumbnail_url,content_type,availability,live_status,description,refs_hint,primary_category,secondary_categories,classification_confidence,classification_rationale,classification_model,classification_prompt_version,classified_at,audit_status,audit_reviewer,audit_notes,audit_timestamp,proposed_categories
SP0AgLcrgdk,هل الرياضيات افكار مجردة او موجودة في نسيج الكون؟ [328],https://www.youtube.com/watch?v=SP0AgLcrgdk,of_science_and_superstition,503,8:23,18000,2026-09-10T01:22:12,UCGbERG1PdZe8qxWQg5QttWA,بين العلم و الخرافة  Of Science and Superstition - Videos,https://i.ytimg.com/vi/SP0AgLcrgdk/hqdefault.jpg?sqp=-oaymwEcCOADEI4CSFXyq4qpAw4IARUAAIhCGAFwAcABBg==&rs=AOn4CLDwy3mbpP-28EYHt6OCwu_5lFtLdg,video,,,,,عام / متنوع,,0.0,,,,,pending,,,,
U_iebiluTRQ,سياسة البلطجة العالمية [327],https://www.youtube.com/watch?v=U_iebiluTRQ,of_science_and_superstition,363,6:03,7000,2026-09-10T01:22:12,UCGbERG1PdZe8qxWQg5QttWA,بين العلم و الخرافة  Of Science and Superstition - Videos,https://i.ytimg.com/vi/U_iebiluTRQ/hq720.jpg?sqp=-oaymwEcCNAFEJQDSFXyq4qpAw4IARUAAIhCGAFwAcABBg==&rs=AOn4CLC1nfreAIKp32b9sGMuFPLNGwz4LA,video,,,,,عام / متنوع,,0.0,,,,,pending,,,,
P-iRW_1N9vE,هل ينتج المنطق الفلسفي معرفة في الواقع؟ [326],https://www.youtube.com/watch?v=P-iRW_1N9vE,of_science_and_superstition,437,7:17,6600,2026-09-10T01:22:12,UCGbERG1PdZe8qxWQg5QttWA,بين العلم و الخرافة  Of Science and Superstition - Videos,https://i.ytimg.com/vi/P-iRW_1N9vE/hq720.jpg?sqp=-oaymwEcCNAFEJQDSFXyq4qpAw4IARUAAIhCGAFwAcABBg==&rs=AOn4CLCwWjBvQ-mD3SwARyQNTXEldm3Ssg,video,,,,,عام / متنوع,,0.0,,,,,pending,,,,
xtHJJLU2BrY,ما هي المشكلة في فكرة التنظيم الدقيق للكون؟ [323],https://www.youtube.com/watch?v=xtHJJLU2BrY,of_science_and_superstition,412,6:52,22000,2026-09-10T01:22:12,UCGbERG1PdZe8qxWQg5QttWA,بين العلم و الخرافة  Of Science and Superstition - Videos,https://i.ytimg.com/vi/xtHJJLU2BrY/hqdefault.jpg?sqp=-oaymwEcCOADEI4CSFXyq4qpAw4IARUAAIhCGAFwAcABBg==&rs=AOn4CLA0cj7O0Zbl-vi9dyD1Ibpg6OT4ng,video,,,,,عام / متنوع,,0.0,,,,,pending,,,,
vI3G9x0s404,الموديلات الهيكلية في الدماغ [322],https://www.youtube.com/watch?v=vI3G9x0s404,of_science_and_superstition,660,11:00,7300,2026-09-10T01:22:12,UCGbERG1PdZe8qxWQg5QttWA,بين العلم و الخرافة  Of Science and Superstition - Videos,https://i.ytimg.com/vi/vI3G9x0s404/hq720.jpg?sqp=-oaymwEcCNAFEJQDSFXyq4qpAw4IARUAAIhCGAFwAcABBg==&rs=AOn4CLB48hIxH6hYt60eEo1-8ACSYKTDvw,video,,,,,عام / متنوع,,0.0,,,,,pending,,,,
tQzzDkhhMTU,Reading Comments - 14 [320],https://www.youtube.com/watch?v=tQzzDkhhMTU,of_science_and_superstition,1693,28:13,10000,2026-09-10T01:22:12,UCGbERG1PdZe8qxWQg5QttWA,بين العلم و الخرافة  Of Science and Superstition - Videos,https://i.ytimg.com/vi/tQzzDkhhMTU/hq720.jpg?sqp=-oaymwE2CNAFEJQDSFXyq4qpAygIARUAAIhCGAFwAcABBvABAfgB_gmAAtAFigIMCAAQARhJIEUocjAP&rs=AOn4CLA6DzA9hNpgFyhSXjRKB-2WkO5gPw,video,,,,,عام / متنوع,,0.0,,,,,pending,,,,
nsjfYhvFJlA,دور جزئ “ر ن ا“ في صنع بروتين الخلايا الحية [314],https://www.youtube.com/watch?v=nsjfYhvFJlA,of_science_and_superstition,639,10:39,5600,2026-09-10T01:22:12,UCGbERG1PdZe8qxWQg5QttWA,بين العلم و الخرافة  Of Science and Superstition - Videos,https://i.ytimg.com/vi/nsjfYhvFJlA/hqdefault.jpg?sqp=-oaymwEcCOADEI4CSFXyq4qpAw4IARUAAIhCGAFwAcABBg==&rs=AOn4CLBOON6H_pLwSb_GOhKaQQzlS7OBcQ,video,,,,,عام / متنوع,,0.0,,,,,pending,,,,
KOgLFiMxR0E,لقاء في حوارات مريم حول وهم الإرادة [313],https://www.youtube.com/watch?v=KOgLFiMxR0E,of_science_and_superstition,4872,1:21:12,14000,2026-09-10T01:22:12,UCGbERG1PdZe8qxWQg5QttWA,بين العلم و الخرافة  Of Science and Superstition - Videos,https://i.ytimg.com/vi/KOgLFiMxR0E/hq720.jpg?sqp=-oaymwEcCNAFEJQDSFXyq4qpAw4IARUAAIhCGAFwAcABBg==&rs=AOn4CLAaAvIql36cU15Ii9NP1ZJHMrrjXg,video,,,,,عام / متنوع,,0.0,,,,,pending,,,,
VBmZyELOzf8,What’s the Problem with the Flat Earth Theory? [311],https://www.youtube.com/watch?v=VBmZyELOzf8,of_science_and_superstition,289,4:49,12000,2026-09-10T01:22:12,UCGbERG1PdZe8qxWQg5QttWA,بين العلم و الخرافة  Of Science and Superstition - Videos,https://i.ytimg.com/vi/VBmZyELOzf8/hqdefault.jpg?sqp=-oaymwEcCOADEI4CSFXyq4qpAw4IARUAAIhCGAFwAcABBg==&rs=AOn4CLDhgDMYQDQirZ9xaeIOQV5ybdT3_w,video,,,,,عام / متنوع,,0.0,,,,,pending,,,,
2Rb6t_eHXxQ,لماذا كلنا منافقين؟ [310],https://www.youtube.com/watch?v=2Rb6t_eHXxQ,of_science_and_superstition,773,12:53,60000,2026-09-10T01:22:12,UCGbERG1PdZe8qxWQg5QttWA,بين العلم و الخرافة  Of Science and Superstition - Videos,https://i.ytimg.com/vi/2Rb6t_eHXxQ/hqdefault.jpg?sqp=-oaymwEcCOADEI4CSFXyq4qpAw4IARUAAIhCGAFwAcABBg==&rs=AOn4CLDDulg8j93VclcHRTEkkgHZORgrsA,video,,,,,عام / متنوع,,0.0,,,,,pending,,,,
l6ozKpxW6CU,الافيون الفكري [309],https://www.youtube.com/watch?v=l6ozKpxW6CU,of_science_and_superstition,598,9:58,26000,2026-09-10T01:22:12,UCGbERG1PdZe8qxWQg5QttWA,بين العلم و الخرافة  Of Science and Superstition - Videos,https://i.ytimg.com/vi/l6ozKpxW6CU/hq720.jpg?sqp=-oaymwEcCNAFEJQDSFXyq4qpAw4IARUAAIhCGAFwAcABBg==&rs=AOn4CLDtNzpGjwtSRJh4nYtiPA9Aosd2jQ,video,,,,,عام / متنوع,,0.0,,,,,pending,,,,
U_G2HoLGYkE,كيف تصنع الايدولوجية من حوادث التاريخ [308],https://www.youtube.com/watch?v=U_G2HoLGYkE,of_science_and_superstition,735,12:15,10000,2026-09-10T01:22:12,UCGbERG1PdZe8qxWQg5QttWA,بين العلم و الخرافة  Of Science and Superstition - Videos,https://i.ytimg.com/vi/U_G2HoLGYkE/hqdefault.jpg?sqp=-oaymwEcCOADEI4CSFXyq4qpAw4IARUAAIhCGAFwAcABBg==&rs=AOn4CLCTVXjJ7Pde32htZb_pJd8cLPU_7g,video,,,,,عام / متنوع,,0.0,,,,,pending,,,,
mdNa79aX0UA,مدخل الى الشخصية الانسانية في علم النفس [306],https://www.youtube.com/watch?v=mdNa79aX0UA,of_science_and_superstition,1034,17:14,25000,2026-09-10T01:22:12,UCGbERG1PdZe8qxWQg5QttWA,بين العلم و الخرافة  Of Science and Superstition - Videos,https://i.ytimg.com/vi/mdNa79aX0UA/hq720.jpg?sqp=-oaymwEcCNAFEJQDSFXyq4qpAw4IARUAAIhCGAFwAcABBg==&rs=AOn4CLAcAYRv_HidVSf_LsKmvFwCBtyhMQ,video,,,,,عام / متنوع,,0.0,,,,,pending,,,,
wUHXd6VWA5A,ما هي السعادة؟ [302],https://www.youtube.com/watch?v=wUHXd6VWA5A,of_science_and_superstition,1003,16:43,27000,2026-09-10T01:22:12,UCGbERG1PdZe8qxWQg5QttWA,بين العلم و الخرافة  Of Science and Superstition - Videos,https://i.ytimg.com/vi/wUHXd6VWA5A/hqdefault.jpg?sqp=-oaymwEcCOADEI4CSFXyq4qpAw4IARUAAIhCGAFwAcABBg==&rs=AOn4CLAufaRBZ6Rwkr8usXSeNS74uVbCaA,video,,,,,عام / متنوع,,0.0,,,,,pending,,,,
XYMN0fIGdV4,حوار حول الذكاء الاصطناعي ومخاطره في قناة د. سامي الديب [300],https://www.youtube.com/watch?v=XYMN0fIGdV4,of_science_and_superstition,5938,1:38:58,7000,2026-09-10T01:22:12,UCGbERG1PdZe8qxWQg5QttWA,بين العلم و الخرافة  Of Science and Superstition - Videos,https://i.ytimg.com/vi/XYMN0fIGdV4/hq720.jpg?sqp=-oaymwEcCNAFEJQDSFXyq4qpAw4IARUAAIhCGAFwAcABBg==&rs=AOn4CLB0bif9TGuU8frsWQW3e9qn4aWraQ,video,,,,,عام / متنوع,,0.0,,,,,pending,,,,
KKK7o0N_fLI,[296] اعراض واسباب اضطراب ADHD,https://www.youtube.com/watch?v=KKK7o0N_fLI,of_science_and_superstition,856,14:16,14000,2026-09-10T01:22:12,UCGbERG1PdZe8qxWQg5QttWA,بين العلم و الخرافة  Of Science and Superstition - Videos,https://i.ytimg.com/vi/KKK7o0N_fLI/hqdefault.jpg?sqp=-oaymwEcCOADEI4CSFXyq4qpAw4IARUAAIhCGAFwAcABBg==&rs=AOn4CLBNecWnBZX0Ln32NpAk2ydgmDREMw,video,,,,,عام / متنوع,,0.0,,,,,pending,,,,
E2QdWw-TLuY,تأثير هرمون الدوبامين في الدماغ - حوار في قناة د. سامي الديب [294],https://www.youtube.com/watch?v=E2QdWw-TLuY,of_science_and_superstition,5871,1:37:51,12000,2026-09-10T01:22:12,UCGbERG1PdZe8qxWQg5QttWA,بين العلم و الخرافة  Of Science and Superstition - Videos,https://i.ytimg.com/vi/E2QdWw-TLuY/hq720.jpg?sqp=-oaymwEcCNAFEJQDSFXyq4qpAw4IARUAAIhCGAFwAcABBg==&rs=AOn4CLD3XWy3tOxVdPfx8DshWRXiBoFekQ,video,,,,,عام / متنوع,,0.0,,,,,pending,,,,
ttbFo7mwtzo,الجينات المعطوبة والمقاطع الزائدة في د ن ا الانسان  [290],https://www.youtube.com/watch?v=ttbFo7mwtzo,of_science_and_superstition,785,13:05,13000,2026-09-10T01:22:12,UCGbERG1PdZe8qxWQg5QttWA,بين العلم و الخرافة  Of Science and Superstition - Videos,https://i.ytimg.com/vi/ttbFo7mwtzo/hq720.jpg?sqp=-oaymwEcCNAFEJQDSFXyq4qpAw4IARUAAIhCGAFwAcABBg==&rs=AOn4CLBiI6gnGpHdO1Rqt6ghTKe5dAQohQ,video,,,,,عام / متنوع,,0.0,,,,,pending,,,,
XBCtFShOk8A,قراءة للتعليقات - 13  [289],https://www.youtube.com/watch?v=XBCtFShOk8A,of_science_and_superstition,1487,24:47,6100,2026-09-10T01:22:12,UCGbERG1PdZe8qxWQg5QttWA,بين العلم و الخرافة  Of Science and Superstition - Videos,https://i.ytimg.com/vi/XBCtFShOk8A/hq720.jpg?sqp=-oaymwE2CNAFEJQDSFXyq4qpAygIARUAAIhCGAFwAcABBvABAfgB_gmAAtAFigIMCAAQARhnIGcoZzAP&rs=AOn4CLCWICHF0FMYlLszluno0JCwD9uMyQ,video,,,,,عام / متنوع,,0.0,,,,,pending,,,,
J68y5qREJ-4,كيف تعمل طرق تحديد زمن الحفريات؟ [288],https://www.youtube.com/watch?v=J68y5qREJ-4,of_science_and_superstition,752,12:32,5100,2026-09-10T01:22:12,UCGbERG1PdZe8qxWQg5QttWA,بين العلم و الخرافة  Of Science and Superstition - Videos,https://i.ytimg.com/vi/J68y5qREJ-4/hqdefault.jpg?sqp=-oaymwEcCOADEI4CSFXyq4qpAw4IARUAAIhCGAFwAcABBg==&rs=AOn4CLAXjqrE3Xc7p3WTLuKtfMZXRH-gNg,video,,,,,عام / متنوع,,0.0,,,,,pending,,,,
1-WWrHuZByM,كيف نستنتج الانساب من الجينات البشرية؟ [287],https://www.youtube.com/watch?v=1-WWrHuZByM,of_science_and_superstition,1045,17:25,19000,2026-09-10T01:22:12,UCGbERG1PdZe8qxWQg5QttWA,بين العلم و الخرافة  Of Science and Superstition - Videos,https://i.ytimg.com/vi/1-WWrHuZByM/hq720.jpg?sqp=-oaymwEcCNAFEJQDSFXyq4qpAw4IARUAAIhCGAFwAcABBg==&rs=AOn4CLDuHiUzAZxQAsTy2KYXAEjFJ8FCKg,video,,,,,عام / متنوع,,0.0,,,,,pending,,,,
a6DzaWUA1Z0,لماذا لا تدرس هذه المواد في الثانوية او الاعدادية؟ [286],https://www.youtube.com/watch?v=a6DzaWUA1Z0,of_science_and_superstition,624,10:24,19000,2026-09-10T01:22:12,UCGbERG1PdZe8qxWQg5QttWA,بين العلم و الخرافة  Of Science and Superstition - Videos,https://i.ytimg.com/vi/a6DzaWUA1Z0/hqdefault.jpg?sqp=-oaymwEcCOADEI4CSFXyq4qpAw4IARUAAIhCGAFwAcABBg==&rs=AOn4CLAAyzg-pRN_x5J7M1i_ulYOI9teCg,video,,,,,عام / متنوع,,0.0,,,,,pending,,,,
OKwitPiH-pM,كيف تؤثر ادوية الكآبة على السيروتونين؟ [285],https://www.youtube.com/watch?v=OKwitPiH-pM,of_science_and_superstition,707,11:47,20000,2026-09-10T01:22:12,UCGbERG1PdZe8qxWQg5QttWA,بين العلم و الخرافة  Of Science and Superstition - Videos,https://i.ytimg.com/vi/OKwitPiH-pM/hq720.jpg?sqp=-oaymwEcCNAFEJQDSFXyq4qpAw4IARUAAIhCGAFwAcABBg==&rs=AOn4CLCybEV5BiL_noelcnai4j_wAEebyA,video,,,,,عام / متنوع,,0.0,,,,,pending,,,,
R9g2B9XJd7o,تعريف ”الآن“ الزمني في الفيزياء [283],https://www.youtube.com/watch?v=R9g2B9XJd7o,of_science_and_superstition,753,12:33,13000,2026-09-10T01:22:12,UCGbERG1PdZe8qxWQg5QttWA,بين العلم و الخرافة  Of Science and Superstition - Videos,https://i.ytimg.com/vi/R9g2B9XJd7o/hqdefault.jpg?sqp=-oaymwEcCOADEI4CSFXyq4qpAw4IARUAAIhCGAFwAcABBg==&rs=AOn4CLBZVdKDx1n0jSutqJDw_WvmRbv0Fw,video,,,,,عام / متنوع,,0.0,,,,,pending,,,,
i9ZgLlpxvIQ,الفلسفة وعلاقتها بالحياه عموما والعلم خصوصا - حوار في قناة شريف فاروق [278],https://www.youtube.com/watch?v=i9ZgLlpxvIQ,of_science_and_superstition,6253,1:44:13,9000,2026-09-10T01:22:12,UCGbERG1PdZe8qxWQg5QttWA,بين العلم و الخرافة  Of Science and Superstition - Videos,https://i.ytimg.com/vi/i9ZgLlpxvIQ/hq720.jpg?sqp=-oaymwE2CNAFEJQDSFXyq4qpAygIARUAAIhCGAFwAcABBvABAfgB_gmAAtAFigIMCAAQARgmIGUoXjAP&rs=AOn4CLAz_iyaA47Fjy1YDNq7-sUEiSNRBg,video,,,,,عام / متنوع,,0.0,,,,,pending,,,,
gECHRHLt92Y,نظرية التطور من البكتيريا للإنسان - الجزء الاول [277],https://www.youtube.com/watch?v=gECHRHLt92Y,of_science_and_superstition,4356,1:12:36,62000,2026-09-10T01:22:12,UCGbERG1PdZe8qxWQg5QttWA,بين العلم و الخرافة  Of Science and Superstition - Videos,https://i.ytimg.com/vi/gECHRHLt92Y/hq720.jpg?sqp=-oaymwEcCNAFEJQDSFXyq4qpAw4IARUAAIhCGAFwAcABBg==&rs=AOn4CLA1i7v9pPNQn2cQif4I8LzXmM3Mvg,video,,,,,عام / متنوع,,0.0,,,,,pending,,,,
CWOhwkpe5hk,Tulare Hill: A journey through serpentine habitat,https://www.youtube.com/watch?v=CWOhwkpe5hk,of_science_and_superstition,1165,19:25,2300,2026-09-10T01:22:12,UCGbERG1PdZe8qxWQg5QttWA,بين العلم و الخرافة  Of Science and Superstition - Videos,https://i.ytimg.com/vi/CWOhwkpe5hk/hq720.jpg?sqp=-oaymwEcCNAFEJQDSFXyq4qpAw4IARUAAIhCGAFwAcABBg==&rs=AOn4CLCldIqEjaSOLE92qTHVtbZgPQLmFA,video,,,,,عام / متنوع,,0.0,,,,,pending,,,,
U_RIhcB3WZM,الترقيع في الافكار الانسانية [275],https://www.youtube.com/watch?v=U_RIhcB3WZM,of_science_and_superstition,670,11:10,12000,2026-09-10T01:22:12,UCGbERG1PdZe8qxWQg5QttWA,بين العلم و الخرافة  Of Science and Superstition - Videos,https://i.ytimg.com/vi/U_RIhcB3WZM/hqdefault.jpg?sqp=-oaymwEcCOADEI4CSFXyq4qpAw4IARUAAIhCGAFwAcABBg==&rs=AOn4CLDjz8tCXmUpXYEOQ54M-XTdYgEV_Q,video,,,,,عام / متنوع,,0.0,,,,,pending,,,,
b48Mnd2ovt8,تأثير مواقع التواصل الاجتماعي على سلوك الانسان [270],https://www.youtube.com/watch?v=b48Mnd2ovt8,of_science_and_superstition,854,14:14,36000,2026-09-10T01:22:12,UCGbERG1PdZe8qxWQg5QttWA,بين العلم و الخرافة  Of Science and Superstition - Videos,https://i.ytimg.com/vi/b48Mnd2ovt8/hq720.jpg?sqp=-oaymwEcCNAFEJQDSFXyq4qpAw4IARUAAIhCGAFwAcABBg==&rs=AOn4CLBD44gf3Mvb19gppOzd7WMYIF1k1Q,video,,,,,عام / متنوع,,0.0,,,,,pending,,,,
ki_-5A1o3Cw,لقاء مع هاني سليم حول موضوع مساوئ ومحاسن الاديان [268],https://www.youtube.com/watch?v=ki_-5A1o3Cw,of_science_and_superstition,6846,1:54:06,9500,2026-09-10T01:22:12,UCGbERG1PdZe8qxWQg5QttWA,بين العلم و الخرافة  Of Science and Superstition - Videos,https://i.ytimg.com/vi/ki_-5A1o3Cw/hqdefault.jpg?sqp=-oaymwEcCOADEI4CSFXyq4qpAw4IARUAAIhCGAFwAcABBg==&rs=AOn4CLDPakII90RPiNdquyzCLICzG2T-iQ,video,,,,,عام / متنوع,,0.0,,,,,pending,,,,
4J2Ze0nBtps,حوار في قناة الراوي: الروح والنفس | ومصدر الحياة عند الانسان [267],https://www.youtube.com/watch?v=4J2Ze0nBtps,of_science_and_superstition,5578,1:32:58,36000,2026-09-10T01:22:12,UCGbERG1PdZe8qxWQg5QttWA,بين العلم و الخرافة  Of Science and Superstition - Videos,https://i.ytimg.com/vi/4J2Ze0nBtps/hqdefault.jpg?sqp=-oaymwEcCOADEI4CSFXyq4qpAw4IARUAAIhCGAFwAcABBg==&rs=AOn4CLAd14iFty_1qej_lhMRVSVUUlMN2Q,video,,,,,عام / متنوع,,0.0,,,,,pending,,,,
PgRQXb5OpBk,#shorts  مغالطة الاستنتاج الخاطئ واله الفجوات #قصيرة,https://www.youtube.com/watch?v=PgRQXb5OpBk,of_science_and_superstition,64,1:04,3900,2026-09-10T01:22:12,UCGbERG1PdZe8qxWQg5QttWA,بين العلم و الخرافة  Of Science and Superstition - Videos,https://i.ytimg.com/vi/PgRQXb5OpBk/hq720.jpg?sqp=-oaymwE2CNAFEJQDSFXyq4qpAygIARUAAIhCGAFwAcABBvABAfgBzgWAAoAKigIMCAAQARhlIFQoUzAP&rs=AOn4CLAEryZMZJgBAKsaKrH39yPwb8ZHLQ,video,,,,,عام / متنوع,,0.0,,,,,pending,,,,
bpFuS5NglHY,#shorts  الكراهية تجمع الناس #قصيرة,https://www.youtube.com/watch?v=bpFuS5NglHY,of_science_and_superstition,40,40,2300,2026-09-10T01:22:13,UCGbERG1PdZe8qxWQg5QttWA,بين العلم و الخرافة  Of Science and Superstition - Videos,https://i.ytimg.com/vi/bpFuS5NglHY/hq720.jpg?sqp=-oaymwE2CNAFEJQDSFXyq4qpAygIARUAAIhCGAFwAcABBvABAfgB_gmAAtAFigIMCAAQARhlIF8oUTAP&rs=AOn4CLBnh7CodNw0pFDyixoIMFFA-cfPHA,short,,,,,عام / متنوع,,0.0,,,,,pending,,,,
91tZnTGpJRE,The Mechanics of Addiction in Brain Chemistry [266],https://www.youtube.com/watch?v=91tZnTGpJRE,of_science_and_superstition,762,12:42,19000,2026-09-10T01:22:13,UCGbERG1PdZe8qxWQg5QttWA,بين العلم و الخرافة  Of Science and Superstition - Videos,https://i.ytimg.com/vi/91tZnTGpJRE/hq720.jpg?sqp=-oaymwEcCNAFEJQDSFXyq4qpAw4IARUAAIhCGAFwAcABBg==&rs=AOn4CLDZ1kjcUT7nJW-DkLtAvPUKfbBvlw,video,,,,,عام / متنوع,,0.0,,,,,pending,,,,
xGNPx2rH8-Y,الوعى والعقل ومصدر القرارت عند الإنسان مع الراوي [265],https://www.youtube.com/watch?v=xGNPx2rH8-Y,of_science_and_superstition,5323,1:28:43,16000,2026-09-10T01:22:13,UCGbERG1PdZe8qxWQg5QttWA,بين العلم و الخرافة  Of Science and Superstition - Videos,https://i.ytimg.com/vi/xGNPx2rH8-Y/hqdefault.jpg?sqp=-oaymwEcCOADEI4CSFXyq4qpAw4IARUAAIhCGAFwAcABBg==&rs=AOn4CLBOlxzPSTxOwZQqDj4WpbC2MhIpIQ,video,,,,,عام / متنوع,,0.0,,,,,pending,,,,
iczZGcSimNA,#shorts Is camel urine beneficial? #shorts,https://www.youtube.com/watch?v=iczZGcSimNA,of_science_and_superstition,60,1:00,4100,2026-09-10T01:22:13,UCGbERG1PdZe8qxWQg5QttWA,بين العلم و الخرافة  Of Science and Superstition - Videos,https://i.ytimg.com/vi/iczZGcSimNA/hqdefault.jpg?sqp=-oaymwE2COADEI4CSFXyq4qpAygIARUAAIhCGAFwAcABBvABAfgB_gmAAtAFigIMCAAQARhlIEgoRDAP&rs=AOn4CLC7MIKNgTfvpNknW2rGLenEaLU6Gw,short,,,,,عام / متنوع,,0.0,,,,,pending,,,,
Tf0PEYbvMDc,#shorts  التأثير السلبي للهرمونات الجنسية #قصيرة,https://www.youtube.com/watch?v=Tf0PEYbvMDc,of_science_and_superstition,120,2:00,3000,2026-09-10T01:22:13,UCGbERG1PdZe8qxWQg5QttWA,بين العلم و الخرافة  Of Science and Superstition - Videos,https://i.ytimg.com/vi/Tf0PEYbvMDc/hq720.jpg?sqp=-oaymwE2CNAFEJQDSFXyq4qpAygIARUAAIhCGAFwAcABBvABAfgB_gmAAtAFigIMCAAQARhBIGUoYjAP&rs=AOn4CLBBfoo3Wu2dGdvkRCLGXRlnSSvr0Q,video,,,,,عام / متنوع,,0.0,,,,,pending,,,,
PC1DYWf4X2U,#قصيرة #shorts  ٨٠٪ من الناس لا يوجد اختلاف بايولوجي في الدماغ بين الذكور والاناث,https://www.youtube.com/watch?v=PC1DYWf4X2U,of_science_and_superstition,117,1:57,1900,2026-09-10T01:22:13,UCGbERG1PdZe8qxWQg5QttWA,بين العلم و الخرافة  Of Science and Superstition - Videos,https://i.ytimg.com/vi/PC1DYWf4X2U/hq720.jpg?sqp=-oaymwE2CNAFEJQDSFXyq4qpAygIARUAAIhCGAFwAcABBvABAfgB_gmAAtAFigIMCAAQARhDIGUoYzAP&rs=AOn4CLB3xWZt-vy-XH3ntfwM7-upnvuAGA,video,,,,,عام / متنوع,,0.0,,,,,pending,,,,
FCZEpUESO6E,#shorts  الادراك المكاني عند الذكر #قصيرة,https://www.youtube.com/watch?v=FCZEpUESO6E,of_science_and_superstition,43,43,1300,2026-09-10T01:22:13,UCGbERG1PdZe8qxWQg5QttWA,بين العلم و الخرافة  Of Science and Superstition - Videos,https://i.ytimg.com/vi/FCZEpUESO6E/hqdefault.jpg?sqp=-oaymwE2COADEI4CSFXyq4qpAygIARUAAIhCGAFwAcABBvABAfgB_gmAAtAFigIMCAAQARhCIFsoZTAP&rs=AOn4CLDeeh0Vp3-P--aGixUvMAqYHJTCzw,short,,,,,عام / متنوع,,0.0,,,,,pending,,,,
txgPq5HNlWI,#shorts  الادراك الشعوري عند الانثى #قصيرة,https://www.youtube.com/watch?v=txgPq5HNlWI,of_science_and_superstition,56,56,1500,2026-09-10T01:22:13,UCGbERG1PdZe8qxWQg5QttWA,بين العلم و الخرافة  Of Science and Superstition - Videos,https://i.ytimg.com/vi/txgPq5HNlWI/hq720.jpg?sqp=-oaymwE2CNAFEJQDSFXyq4qpAygIARUAAIhCGAFwAcABBvABAfgB_gmAAtAFigIMCAAQARhEIGUoYjAP&rs=AOn4CLAH01urbfWRo9U5DN3swMBcjJD91A,short,,,,,عام / متنوع,,0.0,,,,,pending,,,,
4V1VOcQERps,#shorts  هرمون بروجيسترون في الانثى #قصيرة,https://www.youtube.com/watch?v=4V1VOcQERps,of_science_and_superstition,56,56,1500,2026-09-10T01:22:13,UCGbERG1PdZe8qxWQg5QttWA,بين العلم و الخرافة  Of Science and Superstition - Videos,https://i.ytimg.com/vi/4V1VOcQERps/hqdefault.jpg?sqp=-oaymwE2COADEI4CSFXyq4qpAygIARUAAIhCGAFwAcABBvABAfgB_gmAAtAFigIMCAAQARhGIGUoYzAP&rs=AOn4CLBHxmq5Cdh-NhIeSTckKvTG5JKyKw,short,,,,,عام / متنوع,,0.0,,,,,pending,,,,
_GpTMdejnfg,#shorts  هرمون التستوستيرون والرغبة الجنسية #قصيرة,https://www.youtube.com/watch?v=_GpTMdejnfg,of_science_and_superstition,58,58,2700,2026-09-10T01:22:13,UCGbERG1PdZe8qxWQg5QttWA,بين العلم و الخرافة  Of Science and Superstition - Videos,https://i.ytimg.com/vi/_GpTMdejnfg/hq720.jpg?sqp=-oaymwE2CNAFEJQDSFXyq4qpAygIARUAAIhCGAFwAcABBvABAfgB_gmAAtAFigIMCAAQARhJIGUoYTAP&rs=AOn4CLCX2vof9oml3QZid3jwOz99vgmzTQ,short,,,,,عام / متنوع,,0.0,,,,,pending,,,,
KizzjIZI0zw,#shorts  انتشار البداوة في العراق الحديث #قصيرة,https://www.youtube.com/watch?v=KizzjIZI0zw,of_science_and_superstition,93,1:33,2300,2026-09-10T01:22:13,UCGbERG1PdZe8qxWQg5QttWA,بين العلم و الخرافة  Of Science and Superstition - Videos,https://i.ytimg.com/vi/KizzjIZI0zw/hq720.jpg?sqp=-oaymwE2CNAFEJQDSFXyq4qpAygIARUAAIhCGAFwAcABBvABAfgB_gmAAtAFigIMCAAQARhKIGUoYjAP&rs=AOn4CLDhaYJgjlMkd9ZnoaVaaAmNRq6uqw,video,,,,,عام / متنوع,,0.0,,,,,pending,,,,
I99fks3Cb88,#shorts اهمية حرية الرأي #قصيرة,https://www.youtube.com/watch?v=I99fks3Cb88,of_science_and_superstition,61,1:01,1200,2026-09-10T01:22:13,UCGbERG1PdZe8qxWQg5QttWA,بين العلم و الخرافة  Of Science and Superstition - Videos,https://i.ytimg.com/vi/I99fks3Cb88/hq720.jpg?sqp=-oaymwE2CNAFEJQDSFXyq4qpAygIARUAAIhCGAFwAcABBvABAfgB_gmAAtAFigIMCAAQARggIFcofzAP&rs=AOn4CLBiI1-e3uRpBBytXi8Ps0gBH17-6A,video,,,,,عام / متنوع,,0.0,,,,,pending,,,,
04Y_3zpX2_4,#shorts  السياسة تنتج الهزائم #قصيرة,https://www.youtube.com/watch?v=04Y_3zpX2_4,of_science_and_superstition,118,1:58,1700,2026-09-10T01:22:13,UCGbERG1PdZe8qxWQg5QttWA,بين العلم و الخرافة  Of Science and Superstition - Videos,https://i.ytimg.com/vi/04Y_3zpX2_4/hqdefault.jpg?sqp=-oaymwE2COADEI4CSFXyq4qpAygIARUAAIhCGAFwAcABBvABAfgB_gmAAtAFigIMCAAQARgZIFQofzAP&rs=AOn4CLCSza5YI1Rj5FJzzMFSJ2k5o_Rudw,video,,,,,عام / متنوع,,0.0,,,,,pending,,,,
H6o4C1Pnd4U,#shorts  التبعات الاخلاقية للقصص #قصيرة,https://www.youtube.com/watch?v=H6o4C1Pnd4U,of_science_and_superstition,62,1:02,1200,2026-09-10T01:22:13,UCGbERG1PdZe8qxWQg5QttWA,بين العلم و الخرافة  Of Science and Superstition - Videos,https://i.ytimg.com/vi/H6o4C1Pnd4U/hq720.jpg?sqp=-oaymwE2CNAFEJQDSFXyq4qpAygIARUAAIhCGAFwAcABBvABAfgB_gmAAtAFigIMCAAQARghIFIofzAP&rs=AOn4CLDCCYwvGJtQCgBuVJFlE8xUDmUeWg,video,,,,,عام / متنوع,,0.0,,,,,pending,,,,
IGkIOPkpTyk,#shorts الوهم من نظريات المؤامرة #قصيرة,https://www.youtube.com/watch?v=IGkIOPkpTyk,of_science_and_superstition,51,51,1900,2026-09-10T01:22:13,UCGbERG1PdZe8qxWQg5QttWA,بين العلم و الخرافة  Of Science and Superstition - Videos,https://i.ytimg.com/vi/IGkIOPkpTyk/hq720.jpg?sqp=-oaymwE2CNAFEJQDSFXyq4qpAygIARUAAIhCGAFwAcABBvABAfgB_gmAAtAFigIMCAAQARh_IBUoEzAP&rs=AOn4CLCpVhx_rhbe_R4IwX4Uy8rhcfYPVw,short,,,,,عام / متنوع,,0.0,,,,,pending,,,,
bbdJCtJkJbI,#shorts المغالطات المنطقية ونظريات المؤامرة #قصيرة,https://www.youtube.com/watch?v=bbdJCtJkJbI,of_science_and_superstition,62,1:02,1700,2026-09-10T01:22:13,UCGbERG1PdZe8qxWQg5QttWA,بين العلم و الخرافة  Of Science and Superstition - Videos,https://i.ytimg.com/vi/bbdJCtJkJbI/hq720.jpg?sqp=-oaymwE2CNAFEJQDSFXyq4qpAygIARUAAIhCGAFwAcABBvABAfgB_gmAAtAFigIMCAAQARg4IGQocjAP&rs=AOn4CLAl00Sz8nYMJXBvum5Eofd44LMWow,video,,,,,عام / متنوع,,0.0,,,,,pending,,,,
qxP0jCEGI3k,#shorts  من يصدق بنظريات المؤامرة #قصيرة,https://www.youtube.com/watch?v=qxP0jCEGI3k,of_science_and_superstition,86,1:26,1500,2026-09-10T01:22:13,UCGbERG1PdZe8qxWQg5QttWA,بين العلم و الخرافة  Of Science and Superstition - Videos,https://i.ytimg.com/vi/qxP0jCEGI3k/hq720.jpg?sqp=-oaymwE2CNAFEJQDSFXyq4qpAygIARUAAIhCGAFwAcABBvABAfgB_gmAAtAFigIMCAAQARg4IGUocjAP&rs=AOn4CLAYBsUXwDPeeMSl7MVbw-U8n51zIw,video,,,,,عام / متنوع,,0.0,,,,,pending,,,,
NGa98cZHke8,#shorts لماذا تنتشر نظريات المؤامرة؟ #قصيرة,https://www.youtube.com/watch?v=NGa98cZHke8,of_science_and_superstition,45,45,974,2026-09-10T01:22:13,UCGbERG1PdZe8qxWQg5QttWA,بين العلم و الخرافة  Of Science and Superstition - Videos,https://i.ytimg.com/vi/NGa98cZHke8/hq720.jpg?sqp=-oaymwE2CNAFEJQDSFXyq4qpAygIARUAAIhCGAFwAcABBvABAfgB_gmAAtAFigIMCAAQARg6IGUocjAP&rs=AOn4CLBcSqMgFiBUitkTgIvjHAIohPNigQ,short,,,,,عام / متنوع,,0.0,,,,,pending,,,,
eFMtlkIlKcg,#shorts لماذا نخترع نظريات المؤامرة؟ #قصيرة,https://www.youtube.com/watch?v=eFMtlkIlKcg,of_science_and_superstition,85,1:25,1200,2026-09-10T01:22:13,UCGbERG1PdZe8qxWQg5QttWA,بين العلم و الخرافة  Of Science and Superstition - Videos,https://i.ytimg.com/vi/eFMtlkIlKcg/hq720.jpg?sqp=-oaymwE2CNAFEJQDSFXyq4qpAygIARUAAIhCGAFwAcABBvABAfgB_gmAAtAFigIMCAAQARg2IGQocjAP&rs=AOn4CLA-HSV27xKMf8zP5LLnO2ZntzhWvw,video,,,,,عام / متنوع,,0.0,,,,,pending,,,,
gN5CgUBi1Qs,#shorts  لماذا اتت الثورات بعد سقوط الدولة العثمانية؟ #قصيرة,https://www.youtube.com/watch?v=gN5CgUBi1Qs,of_science_and_superstition,51,51,1300,2026-09-10T01:22:13,UCGbERG1PdZe8qxWQg5QttWA,بين العلم و الخرافة  Of Science and Superstition - Videos,https://i.ytimg.com/vi/gN5CgUBi1Qs/hqdefault.jpg?sqp=-oaymwE2COADEI4CSFXyq4qpAygIARUAAIhCGAFwAcABBvABAfgB_gmAAtAFigIMCAAQARhBIF8ocjAP&rs=AOn4CLAhQlIn8x5v-P82bQGRNo52rrhNMA,short,,,,,عام / متنوع,,0.0,,,,,pending,,,,
ryVtAobLAIE,#shorts كيف نمنع الفساد الحكومي؟ #قصيرة,https://www.youtube.com/watch?v=ryVtAobLAIE,of_science_and_superstition,102,1:42,1700,2026-09-10T01:22:13,UCGbERG1PdZe8qxWQg5QttWA,بين العلم و الخرافة  Of Science and Superstition - Videos,https://i.ytimg.com/vi/ryVtAobLAIE/hq720.jpg?sqp=-oaymwE2CNAFEJQDSFXyq4qpAygIARUAAIhCGAFwAcABBvABAfgB_gmAAtAFigIMCAAQARgmIE8ofzAP&rs=AOn4CLA0JTZ5FDapmy7vNF6Hv7AQ4nwUng,video,,,,,عام / متنوع,,0.0,,,,,pending,,,,
Qj8Cf6M5_O4,#shorts  الفساد الحكومي يبدأ من النظام والقوانين #قصيرة,https://www.youtube.com/watch?v=Qj8Cf6M5_O4,of_science_and_superstition,102,1:42,1000,2026-09-10T01:22:13,UCGbERG1PdZe8qxWQg5QttWA,بين العلم و الخرافة  Of Science and Superstition - Videos,https://i.ytimg.com/vi/Qj8Cf6M5_O4/hq720.jpg?sqp=-oaymwE2CNAFEJQDSFXyq4qpAygIARUAAIhCGAFwAcABBvABAfgB_gmAAtAFigIMCAAQARhlIFsoSTAP&rs=AOn4CLBBV5AYzLEgzlVv-OFCqKHmoN_Q3g,video,,,,,عام / متنوع,,0.0,,,,,pending,,,,
Tw0q_GOlLxw,#shorts  نظرة الانسان الى السلطة الابوية #قصيرة,https://www.youtube.com/watch?v=Tw0q_GOlLxw,of_science_and_superstition,76,1:16,1500,2026-09-10T01:22:13,UCGbERG1PdZe8qxWQg5QttWA,بين العلم و الخرافة  Of Science and Superstition - Videos,https://i.ytimg.com/vi/Tw0q_GOlLxw/hq720.jpg?sqp=-oaymwE2CNAFEJQDSFXyq4qpAygIARUAAIhCGAFwAcABBvABAfgB_gmAAtAFigIMCAAQARgnIFEofzAP&rs=AOn4CLBDdhxb-mRHV2hoUFdwiJRJHRLoew,video,,,,,عام / متنوع,,0.0,,,,,pending,,,,
ydfVHTl4PEw,#shorts The emergence of hierarchical governance structures #shorts,https://www.youtube.com/watch?v=ydfVHTl4PEw,of_science_and_superstition,120,2:00,1000,2026-09-10T01:22:13,UCGbERG1PdZe8qxWQg5QttWA,بين العلم و الخرافة  Of Science and Superstition - Videos,https://i.ytimg.com/vi/ydfVHTl4PEw/hqdefault.jpg?sqp=-oaymwE2COADEI4CSFXyq4qpAygIARUAAIhCGAFwAcABBvABAfgB_gmAAtAFigIMCAAQARglIE4ofzAP&rs=AOn4CLCavOfgj-QZ7sLd2lK0PbNkuWScDw,video,,,,,عام / متنوع,,0.0,,,,,pending,,,,
8PKEB5RNGK4,#shorts  الزعامة عند الانسان القديم قبل الزراعة  #قصيرة,https://www.youtube.com/watch?v=8PKEB5RNGK4,of_science_and_superstition,107,1:47,1300,2026-09-10T01:22:13,UCGbERG1PdZe8qxWQg5QttWA,بين العلم و الخرافة  Of Science and Superstition - Videos,https://i.ytimg.com/vi/8PKEB5RNGK4/hq720.jpg?sqp=-oaymwE2CNAFEJQDSFXyq4qpAygIARUAAIhCGAFwAcABBvABAfgB_gmAAtAFigIMCAAQARhlIF0oRTAP&rs=AOn4CLCR0Z4nqisJmkFxqdS79xJE09Lbjw,video,,,,,عام / متنوع,,0.0,,,,,pending,,,,
0nbtJdRshHI,#shorts  متى يكون الانسان كريما بطبعه؟ #قصيرة,https://www.youtube.com/watch?v=0nbtJdRshHI,of_science_and_superstition,95,1:35,2400,2026-09-10T01:22:13,UCGbERG1PdZe8qxWQg5QttWA,بين العلم و الخرافة  Of Science and Superstition - Videos,https://i.ytimg.com/vi/0nbtJdRshHI/hq720.jpg?sqp=-oaymwE2CNAFEJQDSFXyq4qpAygIARUAAIhCGAFwAcABBvABAfgB_gmAAtAFigIMCAAQARhlIFkoQjAP&rs=AOn4CLAAEbqpugM5cq-pdwS92CtaVm-J_A,video,,,,,عام / متنوع,,0.0,,,,,pending,,,,
LhJMZzUDAYU,#shorts Masturbation and Watching Porn #shorts,https://www.youtube.com/watch?v=LhJMZzUDAYU,of_science_and_superstition,101,1:41,8400,2026-09-10T01:22:13,UCGbERG1PdZe8qxWQg5QttWA,بين العلم و الخرافة  Of Science and Superstition - Videos,https://i.ytimg.com/vi/LhJMZzUDAYU/hq720.jpg?sqp=-oaymwE2CNAFEJQDSFXyq4qpAygIARUAAIhCGAFwAcABBvABAfgB_gmAAtAFigIMCAAQARg7IGEocjAP&rs=AOn4CLB1rmrazZCsDWl-1lbX9skKULsjzQ,video,,,,,عام / متنوع,,0.0,,,,,pending,,,,
fQ-T9cYmXmY,#shorts  الظواهر الخارقة ليست حقيقية #قصيرة,https://www.youtube.com/watch?v=fQ-T9cYmXmY,of_science_and_superstition,101,1:41,2300,2026-09-10T01:22:13,UCGbERG1PdZe8qxWQg5QttWA,بين العلم و الخرافة  Of Science and Superstition - Videos,https://i.ytimg.com/vi/fQ-T9cYmXmY/hq720.jpg?sqp=-oaymwE2CNAFEJQDSFXyq4qpAygIARUAAIhCGAFwAcABBvABAfgB_gmAAtAFigIMCAAQARg9IGEocjAP&rs=AOn4CLB9CxjpS304QqEvLl6WySKMPpSHjw,video,,,,,عام / متنوع,,0.0,,,,,pending,,,,
W1IQglOnM20,#shorts  الوجود بدون اله #قصيرة,https://www.youtube.com/watch?v=W1IQglOnM20,of_science_and_superstition,100,1:40,3600,2026-09-10T01:22:13,UCGbERG1PdZe8qxWQg5QttWA,بين العلم و الخرافة  Of Science and Superstition - Videos,https://i.ytimg.com/vi/W1IQglOnM20/hqdefault.jpg?sqp=-oaymwE2COADEI4CSFXyq4qpAygIARUAAIhCGAFwAcABBvABAfgB_gmAAtAFigIMCAAQARg6IFgoZTAP&rs=AOn4CLAfe1tHjeepUuSaP3_EAAH2TF1lgw,video,,,,,عام / متنوع,,0.0,,,,,pending,,,,
_5L_2c-bDlA,#shorts  خرافة فكرة ام اللغات #قصيرة,https://www.youtube.com/watch?v=_5L_2c-bDlA,of_science_and_superstition,120,2:00,1700,2026-09-10T01:22:13,UCGbERG1PdZe8qxWQg5QttWA,بين العلم و الخرافة  Of Science and Superstition - Videos,https://i.ytimg.com/vi/_5L_2c-bDlA/hq720.jpg?sqp=-oaymwE2CNAFEJQDSFXyq4qpAygIARUAAIhCGAFwAcABBvABAfgB_gmAAtAFigIMCAAQARg6IFkoZTAP&rs=AOn4CLDzs37rjG7D8H8daDqRpXL9-QBE9g,video,,,,,عام / متنوع,,0.0,,,,,pending,,,,
lHDIAZMi3_8,#shorts  الانسان يصنع هدفه #قصيرة,https://www.youtube.com/watch?v=lHDIAZMi3_8,of_science_and_superstition,48,48,1500,2026-09-10T01:22:13,UCGbERG1PdZe8qxWQg5QttWA,بين العلم و الخرافة  Of Science and Superstition - Videos,https://i.ytimg.com/vi/lHDIAZMi3_8/hq720.jpg?sqp=-oaymwE2CNAFEJQDSFXyq4qpAygIARUAAIhCGAFwAcABBvABAfgB_gmAAtAFigIMCAAQARhkIGQoZDAP&rs=AOn4CLBEqZsGekxBegzxlsksIhH3WyOevA,short,,,,,عام / متنوع,,0.0,,,,,pending,,,,
G-WbZSss5K4,#shorts  هل الكراهية فطرة ام مكتسبة؟ #قصيرة,https://www.youtube.com/watch?v=G-WbZSss5K4,of_science_and_superstition,42,42,1600,2026-09-10T01:22:13,UCGbERG1PdZe8qxWQg5QttWA,بين العلم و الخرافة  Of Science and Superstition - Videos,https://i.ytimg.com/vi/G-WbZSss5K4/hq720.jpg?sqp=-oaymwE2CNAFEJQDSFXyq4qpAygIARUAAIhCGAFwAcABBvABAfgB_gmAAtAFigIMCAAQARhiIGIoYjAP&rs=AOn4CLBxBaaGfxqxiP3zN-vkLT82CNcgIA,short,,,,,عام / متنوع,,0.0,,,,,pending,,,,
Mu8pzHQN7QM,#shorts  الانحياز للاستثناء #قصيرة,https://www.youtube.com/watch?v=Mu8pzHQN7QM,of_science_and_superstition,92,1:32,1400,2026-09-10T01:22:13,UCGbERG1PdZe8qxWQg5QttWA,بين العلم و الخرافة  Of Science and Superstition - Videos,https://i.ytimg.com/vi/Mu8pzHQN7QM/hqdefault.jpg?sqp=-oaymwE2COADEI4CSFXyq4qpAygIARUAAIhCGAFwAcABBvABAfgB_gmAAtAFigIMCAAQARhlIFcoVDAP&rs=AOn4CLBoBFHelZCj9zQm-RH5ILaKsu3meg,video,,,,,عام / متنوع,,0.0,,,,,pending,,,,
lK_qBGss_lM,#shorts Fast Thinking and Psychological Comfort #short,https://www.youtube.com/watch?v=lK_qBGss_lM,of_science_and_superstition,112,1:52,2800,2026-09-10T01:22:13,UCGbERG1PdZe8qxWQg5QttWA,بين العلم و الخرافة  Of Science and Superstition - Videos,https://i.ytimg.com/vi/lK_qBGss_lM/hq720.jpg?sqp=-oaymwE2CNAFEJQDSFXyq4qpAygIARUAAIhCGAFwAcABBvABAfgB_gmAAtAFigIMCAAQARhlIFooUzAP&rs=AOn4CLBqRYbj72kyrIXcooTvQDTpxEr8fw,video,,,,,عام / متنوع,,0.0,,,,,pending,,,,
8fLkzHX6sE8,#shorts  العلم والقانون اساس الحضارة  #قصيرة,https://www.youtube.com/watch?v=8fLkzHX6sE8,of_science_and_superstition,118,1:58,2400,2026-09-10T01:22:13,UCGbERG1PdZe8qxWQg5QttWA,بين العلم و الخرافة  Of Science and Superstition - Videos,https://i.ytimg.com/vi/8fLkzHX6sE8/hqdefault.jpg?sqp=-oaymwE2COADEI4CSFXyq4qpAygIARUAAIhCGAFwAcABBvABAfgB_gmAAtAFigIMCAAQARhhIGUoUDAP&rs=AOn4CLCFKjIXHBJePLdw8ITD9gnK07Emfw,video,,,,,عام / متنوع,,0.0,,,,,pending,,,,
4Mw4AixOp0A,لماذا نعتبر اللغة أوالدين قومية؟ [262],https://www.youtube.com/watch?v=4Mw4AixOp0A,of_science_and_superstition,606,10:06,7200,2026-09-10T01:22:13,UCGbERG1PdZe8qxWQg5QttWA,بين العلم و الخرافة  Of Science and Superstition - Videos,https://i.ytimg.com/vi/4Mw4AixOp0A/hq720.jpg?sqp=-oaymwEcCNAFEJQDSFXyq4qpAw4IARUAAIhCGAFwAcABBg==&rs=AOn4CLAlMMKCbFzKEsCkKpvy6BdRJZBbTQ,video,,,,,عام / متنوع,,0.0,,,,,pending,,,,
mA3RY5E-4U8,كيف تصنع الافكار الحضارية؟ [261],https://www.youtube.com/watch?v=mA3RY5E-4U8,of_science_and_superstition,787,13:07,6400,2026-09-10T01:22:13,UCGbERG1PdZe8qxWQg5QttWA,بين العلم و الخرافة  Of Science and Superstition - Videos,https://i.ytimg.com/vi/mA3RY5E-4U8/hqdefault.jpg?sqp=-oaymwEcCOADEI4CSFXyq4qpAw4IARUAAIhCGAFwAcABBg==&rs=AOn4CLBvuARThYw8PlqflKYl0FH-peAy5g,video,,,,,عام / متنوع,,0.0,,,,,pending,,,,
algAM-MJ8uI,تأثير كيميائية الدماغ على الحزن لفراق الاحبة [260],https://www.youtube.com/watch?v=algAM-MJ8uI,of_science_and_superstition,959,15:59,9900,2026-09-10T01:22:13,UCGbERG1PdZe8qxWQg5QttWA,بين العلم و الخرافة  Of Science and Superstition - Videos,https://i.ytimg.com/vi/algAM-MJ8uI/hq720.jpg?sqp=-oaymwEcCNAFEJQDSFXyq4qpAw4IARUAAIhCGAFwAcABBg==&rs=AOn4CLD5K1gn3VDoy_ewBO4EVtn3CDUZCw,video,,,,,عام / متنوع,,0.0,,,,,pending,,,,
rAuQr2e9p4g,خواطر عن القبلية والاخلاق [259],https://www.youtube.com/watch?v=rAuQr2e9p4g,of_science_and_superstition,615,10:15,6900,2026-09-10T01:22:13,UCGbERG1PdZe8qxWQg5QttWA,بين العلم و الخرافة  Of Science and Superstition - Videos,https://i.ytimg.com/vi/rAuQr2e9p4g/hqdefault.jpg?sqp=-oaymwEcCOADEI4CSFXyq4qpAw4IARUAAIhCGAFwAcABBg==&rs=AOn4CLCQVOmXOax1XBvUt8aIQfwopgqnKg,video,,,,,عام / متنوع,,0.0,,,,,pending,,,,
HAShBgHthOA,حوار مع السيدة خديجة الشاوي - كيف نتعامل مع المراهق؟ [258],https://www.youtube.com/watch?v=HAShBgHthOA,of_science_and_superstition,2897,48:17,4900,2026-09-10T01:22:13,UCGbERG1PdZe8qxWQg5QttWA,بين العلم و الخرافة  Of Science and Superstition - Videos,https://i.ytimg.com/vi/HAShBgHthOA/hq720.jpg?sqp=-oaymwEcCNAFEJQDSFXyq4qpAw4IARUAAIhCGAFwAcABBg==&rs=AOn4CLAAOs5XRfOtk3jSTXyJg_BB6lTp9Q,video,,,,,عام / متنوع,,0.0,,,,,pending,,,,
tlemHuI--GU,هل الانسان اكثر عنفا وقسوة من الحيوان؟ حوار مع سهيلة مصطفى [257],https://www.youtube.com/watch?v=tlemHuI--GU,of_science_and_superstition,3828,1:03:48,8800,2026-09-10T01:22:13,UCGbERG1PdZe8qxWQg5QttWA,بين العلم و الخرافة  Of Science and Superstition - Videos,https://i.ytimg.com/vi/tlemHuI--GU/hqdefault.jpg?sqp=-oaymwEcCOADEI4CSFXyq4qpAw4IARUAAIhCGAFwAcABBg==&rs=AOn4CLCH0gUpg0V5LM56bwESKIPIupC9kw,video,,,,,عام / متنوع,,0.0,,,,,pending,,,,
S3G34fpIluk,الكون في تغيير مستمر [256],https://www.youtube.com/watch?v=S3G34fpIluk,of_science_and_superstition,876,14:36,15000,2026-09-10T01:22:13,UCGbERG1PdZe8qxWQg5QttWA,بين العلم و الخرافة  Of Science and Superstition - Videos,https://i.ytimg.com/vi/S3G34fpIluk/hqdefault.jpg?sqp=-oaymwEcCOADEI4CSFXyq4qpAw4IARUAAIhCGAFwAcABBg==&rs=AOn4CLBCcD8T52vewLRRPUs3da6lL6VXvA,video,,,,,عام / متنوع,,0.0,,,,,pending,,,,
ttD0CSXL2zY,حوار في قناة السيدة سهيلة: ما هو الفرق بين الانتخاب الطبيعي والجنسي؟ [255],https://www.youtube.com/watch?v=ttD0CSXL2zY,of_science_and_superstition,3444,57:24,11000,2026-09-10T01:22:13,UCGbERG1PdZe8qxWQg5QttWA,بين العلم و الخرافة  Of Science and Superstition - Videos,https://i.ytimg.com/vi/ttD0CSXL2zY/hqdefault.jpg?sqp=-oaymwEcCOADEI4CSFXyq4qpAw4IARUAAIhCGAFwAcABBg==&rs=AOn4CLCOQsfcD383mu0bEFFy6NF3YBHSpw,video,,,,,عام / متنوع,,0.0,,,,,pending,,,,
MLpNPsDW3AM,A Look at Beauty in Psychology [254],https://www.youtube.com/watch?v=MLpNPsDW3AM,of_science_and_superstition,708,11:48,12000,2026-09-10T01:22:13,UCGbERG1PdZe8qxWQg5QttWA,بين العلم و الخرافة  Of Science and Superstition - Videos,https://i.ytimg.com/vi/MLpNPsDW3AM/hqdefault.jpg?sqp=-oaymwEcCOADEI4CSFXyq4qpAw4IARUAAIhCGAFwAcABBg==&rs=AOn4CLDYs7v6nxGe8h2BqRICYe6Q8hFrUQ,video,,,,,عام / متنوع,,0.0,,,,,pending,,,,
sEOkBK2WYEE,الإرادة والفن في فلسفة شوبنهاور [253],https://www.youtube.com/watch?v=sEOkBK2WYEE,of_science_and_superstition,867,14:27,16000,2026-09-10T01:22:13,UCGbERG1PdZe8qxWQg5QttWA,بين العلم و الخرافة  Of Science and Superstition - Videos,https://i.ytimg.com/vi/sEOkBK2WYEE/hq720.jpg?sqp=-oaymwEcCNAFEJQDSFXyq4qpAw4IARUAAIhCGAFwAcABBg==&rs=AOn4CLDPf9Sw3K7XiK9CdhzSLwnfCde_LA,video,,,,,عام / متنوع,,0.0,,,,,pending,,,,
ASKlnkvrVjk,حوار مع ارنست وليم وشادي خلوف: لماذا يصدق بعض الاذكياء جدا امور غبية جدا؟ [252],https://www.youtube.com/watch?v=ASKlnkvrVjk,of_science_and_superstition,9108,2:31:48,15000,2026-09-10T01:22:13,UCGbERG1PdZe8qxWQg5QttWA,بين العلم و الخرافة  Of Science and Superstition - Videos,https://i.ytimg.com/vi/ASKlnkvrVjk/hqdefault.jpg?sqp=-oaymwEcCOADEI4CSFXyq4qpAw4IARUAAIhCGAFwAcABBg==&rs=AOn4CLA8fIZ-bMkLsMDWoySphQGC4tP_BA,video,,,,,عام / متنوع,,0.0,,,,,pending,,,,
kzAOFlQdMKc,اصول قصص التوراة مع  الأستاذ ماهر حميد في قناة السيدة سهيلة [251],https://www.youtube.com/watch?v=kzAOFlQdMKc,of_science_and_superstition,7540,2:05:40,21000,2026-09-10T01:22:13,UCGbERG1PdZe8qxWQg5QttWA,بين العلم و الخرافة  Of Science and Superstition - Videos,https://i.ytimg.com/vi/kzAOFlQdMKc/hqdefault.jpg?sqp=-oaymwEcCOADEI4CSFXyq4qpAw4IARUAAIhCGAFwAcABBg==&rs=AOn4CLA1G8qEiLCu-c0YYSQmbborJsAImw,video,,,,,عام / متنوع,,0.0,,,,,pending,,,,
IfTPzaF3qXI,تأثير كيميائية الدماغ على سلوك المراهق [250],https://www.youtube.com/watch?v=IfTPzaF3qXI,of_science_and_superstition,1055,17:35,10000,2026-09-10T01:22:13,UCGbERG1PdZe8qxWQg5QttWA,بين العلم و الخرافة  Of Science and Superstition - Videos,https://i.ytimg.com/vi/IfTPzaF3qXI/hq720.jpg?sqp=-oaymwEcCNAFEJQDSFXyq4qpAw4IARUAAIhCGAFwAcABBg==&rs=AOn4CLDnsh0zWDKv9p__mPye7XKYySlnmw,video,,,,,عام / متنوع,,0.0,,,,,pending,,,,
yrkh8H_YnP8,لا توجد معرفة مطلقة في العلم [249],https://www.youtube.com/watch?v=yrkh8H_YnP8,of_science_and_superstition,672,11:12,14000,2026-09-10T01:22:13,UCGbERG1PdZe8qxWQg5QttWA,بين العلم و الخرافة  Of Science and Superstition - Videos,https://i.ytimg.com/vi/yrkh8H_YnP8/hq720.jpg?sqp=-oaymwEcCNAFEJQDSFXyq4qpAw4IARUAAIhCGAFwAcABBg==&rs=AOn4CLC_hmu2cHhiIUDJHE2cX6Tw-SLbuA,video,,,,,عام / متنوع,,0.0,,,,,pending,,,,
QVAyreOjoXQ,ما هي الطاقة؟  [248],https://www.youtube.com/watch?v=QVAyreOjoXQ,of_science_and_superstition,791,13:11,50000,2026-09-10T01:22:13,UCGbERG1PdZe8qxWQg5QttWA,بين العلم و الخرافة  Of Science and Superstition - Videos,https://i.ytimg.com/vi/QVAyreOjoXQ/hqdefault.jpg?sqp=-oaymwEcCOADEI4CSFXyq4qpAw4IARUAAIhCGAFwAcABBg==&rs=AOn4CLAnPJbRbT5FNa5_ZAzb_TUVon5v6Q,video,,,,,عام / متنوع,,0.0,,,,,pending,,,,
8i09MbQGNmg,خواطر عن ثقافة القطيع [247],https://www.youtube.com/watch?v=8i09MbQGNmg,of_science_and_superstition,722,12:02,21000,2026-09-10T01:22:13,UCGbERG1PdZe8qxWQg5QttWA,بين العلم و الخرافة  Of Science and Superstition - Videos,https://i.ytimg.com/vi/8i09MbQGNmg/hqdefault.jpg?sqp=-oaymwEcCOADEI4CSFXyq4qpAw4IARUAAIhCGAFwAcABBg==&rs=AOn4CLD-cyQjjHmvz0XB1tK66fML9CiatA,video,,,,,عام / متنوع,,0.0,,,,,pending,,,,
o8qkIAXOYzg,نظرية غرينسبان وبرازلتون في الاحتياجات الاساسية للطفل [246],https://www.youtube.com/watch?v=o8qkIAXOYzg,of_science_and_superstition,3760,1:02:40,4600,2026-09-10T01:22:13,UCGbERG1PdZe8qxWQg5QttWA,بين العلم و الخرافة  Of Science and Superstition - Videos,https://i.ytimg.com/vi/o8qkIAXOYzg/hq720.jpg?sqp=-oaymwEcCNAFEJQDSFXyq4qpAw4IARUAAIhCGAFwAcABBg==&rs=AOn4CLCVWDTUWI_EhfD4qwEA-E3JXHh6mQ,video,,,,,عام / متنوع,,0.0,,,,,pending,,,,
0-ILQ41-ado,The Montessori Method of Child Education with Khadija Chaoui [244],https://www.youtube.com/watch?v=0-ILQ41-ado,of_science_and_superstition,580,9:40,3300,2026-09-10T01:22:13,UCGbERG1PdZe8qxWQg5QttWA,بين العلم و الخرافة  Of Science and Superstition - Videos,https://i.ytimg.com/vi/0-ILQ41-ado/hq720.jpg?sqp=-oaymwEcCNAFEJQDSFXyq4qpAw4IARUAAIhCGAFwAcABBg==&rs=AOn4CLDn2q4OD1ZbzZ1r9dL0tEKa2xenog,video,,,,,عام / متنوع,,0.0,,,,,pending,,,,
aLAR-Gpir6I,تأثير العنف النفسي والجسدي على نفسية الطفل [243],https://www.youtube.com/watch?v=aLAR-Gpir6I,of_science_and_superstition,1090,18:10,8900,2026-09-10T01:22:13,UCGbERG1PdZe8qxWQg5QttWA,بين العلم و الخرافة  Of Science and Superstition - Videos,https://i.ytimg.com/vi/aLAR-Gpir6I/hqdefault.jpg?sqp=-oaymwEcCOADEI4CSFXyq4qpAw4IARUAAIhCGAFwAcABBg==&rs=AOn4CLDCAOhD_1wSEDZDXSzjpD9NYt-Q1w,video,,,,,عام / متنوع,,0.0,,,,,pending,,,,
O5xXMA3Tsk0,الايمان البراغماتي او المنفعي  [242],https://www.youtube.com/watch?v=O5xXMA3Tsk0,of_science_and_superstition,772,12:52,11000,2026-09-10T01:22:13,UCGbERG1PdZe8qxWQg5QttWA,بين العلم و الخرافة  Of Science and Superstition - Videos,https://i.ytimg.com/vi/O5xXMA3Tsk0/hqdefault.jpg?sqp=-oaymwEcCOADEI4CSFXyq4qpAw4IARUAAIhCGAFwAcABBg==&rs=AOn4CLBEnZE2PBQNr6kmicTZjNNVBSCNTg,video,,,,,عام / متنوع,,0.0,,,,,pending,,,,
cyqUpmfvFMY,[قراءة للتعليقات - 12  [241,https://www.youtube.com/watch?v=cyqUpmfvFMY,of_science_and_superstition,3403,56:43,13000,2026-09-10T01:22:13,UCGbERG1PdZe8qxWQg5QttWA,بين العلم و الخرافة  Of Science and Superstition - Videos,https://i.ytimg.com/vi/cyqUpmfvFMY/hqdefault.jpg?sqp=-oaymwE2COADEI4CSFXyq4qpAygIARUAAIhCGAFwAcABBvABAfgB_gmAAtAFigIMCAAQARg1IF0ocjAP&rs=AOn4CLC5vQ1aceFM5IOeX1XdJaph44TEBg,video,,,,,عام / متنوع,,0.0,,,,,pending,,,,
gb72L4tvoq0,الوعي المصطنع او المراقب في تفسير وعي الانسان [240],https://www.youtube.com/watch?v=gb72L4tvoq0,of_science_and_superstition,890,14:50,14000,2026-09-10T01:22:13,UCGbERG1PdZe8qxWQg5QttWA,بين العلم و الخرافة  Of Science and Superstition - Videos,https://i.ytimg.com/vi/gb72L4tvoq0/hqdefault.jpg?sqp=-oaymwEcCOADEI4CSFXyq4qpAw4IARUAAIhCGAFwAcABBg==&rs=AOn4CLD-kPtj186XUFFm0MYERdXgHYgIag,video,,,,,عام / متنوع,,0.0,,,,,pending,,,,
JHALLcf1qG0,عقلية الافكار المطلقة ورهاب الشك - حوار مع ارنست وليم [239],https://www.youtube.com/watch?v=JHALLcf1qG0,of_science_and_superstition,5312,1:28:32,15000,2026-09-10T01:22:13,UCGbERG1PdZe8qxWQg5QttWA,بين العلم و الخرافة  Of Science and Superstition - Videos,https://i.ytimg.com/vi/JHALLcf1qG0/hqdefault.jpg?sqp=-oaymwE2COADEI4CSFXyq4qpAygIARUAAIhCGAFwAcABBvABAfgB_gmAAtAFigIMCAAQARhlIFsoWTAP&rs=AOn4CLApcVQTEHts9yMUd5_GTDRCudjolQ,video,,,,,عام / متنوع,,0.0,,,,,pending,,,,
NN2hQ3Eyvk8,تفسير الحب في كيميائية الدماغ  [238],https://www.youtube.com/watch?v=NN2hQ3Eyvk8,of_science_and_superstition,908,15:08,31000,2026-09-10T01:22:13,UCGbERG1PdZe8qxWQg5QttWA,بين العلم و الخرافة  Of Science and Superstition - Videos,https://i.ytimg.com/vi/NN2hQ3Eyvk8/hq720.jpg?sqp=-oaymwEcCNAFEJQDSFXyq4qpAw4IARUAAIhCGAFwAcABBg==&rs=AOn4CLAHayCkHmsIlhV5LpNeyWy_aiCvLw,video,,,,,عام / متنوع,,0.0,,,,,pending,,,,
OAAa4q2SAqs,تطور وعمل ميكانيكية التعرق عند الانسان [237],https://www.youtube.com/watch?v=OAAa4q2SAqs,of_science_and_superstition,816,13:36,6800,2026-09-10T01:22:13,UCGbERG1PdZe8qxWQg5QttWA,بين العلم و الخرافة  Of Science and Superstition - Videos,https://i.ytimg.com/vi/OAAa4q2SAqs/hqdefault.jpg?sqp=-oaymwEcCOADEI4CSFXyq4qpAw4IARUAAIhCGAFwAcABBg==&rs=AOn4CLDtp3Rhnz0lthKwddwgEH6EMCZuYg,video,,,,,عام / متنوع,,0.0,,,,,pending,,,,
Qu-plA36izE,لقاء مع ارنست وليم في موضوع الذكورة والانوثة بين البيولوجي والثقافي - الجزء الثانى [236],https://www.youtube.com/watch?v=Qu-plA36izE,of_science_and_superstition,8159,2:15:59,7400,2026-09-10T01:22:13,UCGbERG1PdZe8qxWQg5QttWA,بين العلم و الخرافة  Of Science and Superstition - Videos,https://i.ytimg.com/vi/Qu-plA36izE/hqdefault.jpg?sqp=-oaymwEcCOADEI4CSFXyq4qpAw4IARUAAIhCGAFwAcABBg==&rs=AOn4CLDY5zWDSsCIzwa-dmSyY3optTaa5w,video,,,,,عام / متنوع,,0.0,,,,,pending,,,,
pHdauSaDf6c,[235] مناقشة فيلم Truman Show مع شادي خلوف,https://www.youtube.com/watch?v=pHdauSaDf6c,of_science_and_superstition,5555,1:32:35,9700,2026-09-10T01:22:13,UCGbERG1PdZe8qxWQg5QttWA,بين العلم و الخرافة  Of Science and Superstition - Videos,https://i.ytimg.com/vi/pHdauSaDf6c/hqdefault.jpg?sqp=-oaymwEcCOADEI4CSFXyq4qpAw4IARUAAIhCGAFwAcABBg==&rs=AOn4CLDh5fD-zojwQj5RHJEL9sCyY9gvvQ,video,,,,,عام / متنوع,,0.0,,,,,pending,,,,
jNASH6w7jQk,معضلة التنوير في البلدان الناطقة باللغة العربية مع د.جلجامش [233],https://www.youtube.com/watch?v=jNASH6w7jQk,of_science_and_superstition,6569,1:49:29,18000,2026-09-10T01:22:13,UCGbERG1PdZe8qxWQg5QttWA,بين العلم و الخرافة  Of Science and Superstition - Videos,https://i.ytimg.com/vi/jNASH6w7jQk/hqdefault.jpg?sqp=-oaymwEcCOADEI4CSFXyq4qpAw4IARUAAIhCGAFwAcABBg==&rs=AOn4CLBZSyaKx2-HzYdZy-3NAAXEr2bpHw,video,,,,,عام / متنوع,,0.0,,,,,pending,,,,
AJWIVVgZU_E,مناقشة كتاب الأمير لميكيافلي مع شادي خلوف [232],https://www.youtube.com/watch?v=AJWIVVgZU_E,of_science_and_superstition,8806,2:26:46,26000,2026-09-10T01:22:13,UCGbERG1PdZe8qxWQg5QttWA,بين العلم و الخرافة  Of Science and Superstition - Videos,https://i.ytimg.com/vi/AJWIVVgZU_E/hqdefault.jpg?sqp=-oaymwEcCOADEI4CSFXyq4qpAw4IARUAAIhCGAFwAcABBg==&rs=AOn4CLBsz6kgUI39oqfyED9p-8TKEs5Uxg,video,,,,,عام / متنوع,,0.0,,,,,pending,,,,
jvM4jIzI-hM,مناقشة كتاب العاقل ليوفال نوح هراري مع السيدة سهيلة مصطفى - الجزء الثاني  [231],https://www.youtube.com/watch?v=jvM4jIzI-hM,of_science_and_superstition,6441,1:47:21,15000,2026-09-10T01:22:13,UCGbERG1PdZe8qxWQg5QttWA,بين العلم و الخرافة  Of Science and Superstition - Videos,https://i.ytimg.com/vi/jvM4jIzI-hM/hqdefault.jpg?sqp=-oaymwEcCOADEI4CSFXyq4qpAw4IARUAAIhCGAFwAcABBg==&rs=AOn4CLAX3tkPI_1Udbc-txgdd03cP-5X2Q,video,,,,,عام / متنوع,,0.0,,,,,pending,,,,
5-r6u3Fctv8,مناقشة كتاب العاقل ليوفال نوح هراري مع السيدة سهيلة مصطفى - الجزء الاول  [230],https://www.youtube.com/watch?v=5-r6u3Fctv8,of_science_and_superstition,7107,1:58:27,33000,2026-09-10T01:22:13,UCGbERG1PdZe8qxWQg5QttWA,بين العلم و الخرافة  Of Science and Superstition - Videos,https://i.ytimg.com/vi/5-r6u3Fctv8/hqdefault.jpg?sqp=-oaymwEcCOADEI4CSFXyq4qpAw4IARUAAIhCGAFwAcABBg==&rs=AOn4CLDrIL0AhHr2myzxcBhwVH0sl4a8Jg,video,,,,,عام / متنوع,,0.0,,,,,pending,,,,
m8FKjyp7qok,حكايتى مع الايمان - لقاء مع السيدة سهيلة مصطفى [229],https://www.youtube.com/watch?v=m8FKjyp7qok,of_science_and_superstition,7937,2:12:17,25000,2026-09-10T01:22:13,UCGbERG1PdZe8qxWQg5QttWA,بين العلم و الخرافة  Of Science and Superstition - Videos,https://i.ytimg.com/vi/m8FKjyp7qok/hqdefault.jpg?sqp=-oaymwEcCOADEI4CSFXyq4qpAw4IARUAAIhCGAFwAcABBg==&rs=AOn4CLDL6-gWLZXJ_ek1Rf5_Np9P3_COoQ,video,,,,,عام / متنوع,,0.0,,,,,pending,,,,
pce9v8pWxWw,خواطر عن اللاادرية [228],https://www.youtube.com/watch?v=pce9v8pWxWw,of_science_and_superstition,548,9:08,30000,2026-09-10T01:22:13,UCGbERG1PdZe8qxWQg5QttWA,بين العلم و الخرافة  Of Science and Superstition - Videos,https://i.ytimg.com/vi/pce9v8pWxWw/hq720.jpg?sqp=-oaymwEcCNAFEJQDSFXyq4qpAw4IARUAAIhCGAFwAcABBg==&rs=AOn4CLDYI64mm6bdoBFZEyirgyXUU0b7Wg,video,,,,,عام / متنوع,,0.0,,,,,pending,,,,
8XINJx69FV8,لقاء مع ارنست وليم في موضوع الذكورة والانوثة بين البايولوجي والثقافة العامة  [227],https://www.youtube.com/watch?v=8XINJx69FV8,of_science_and_superstition,7718,2:08:38,11000,2026-09-10T01:22:13,UCGbERG1PdZe8qxWQg5QttWA,بين العلم و الخرافة  Of Science and Superstition - Videos,https://i.ytimg.com/vi/8XINJx69FV8/hqdefault.jpg?sqp=-oaymwEcCOADEI4CSFXyq4qpAw4IARUAAIhCGAFwAcABBg==&rs=AOn4CLBW3ULp9bDCRPvb_Xd6k8b7J7UKiA,video,,,,,عام / متنوع,,0.0,,,,,pending,,,,
pT_Gv4ltwiU,[قراءة للتعليقات - 11  [227,https://www.youtube.com/watch?v=pT_Gv4ltwiU,of_science_and_superstition,1946,32:26,9300,2026-09-10T01:22:13,UCGbERG1PdZe8qxWQg5QttWA,بين العلم و الخرافة  Of Science and Superstition - Videos,https://i.ytimg.com/vi/pT_Gv4ltwiU/hq720.jpg?sqp=-oaymwE2CNAFEJQDSFXyq4qpAygIARUAAIhCGAFwAcABBvABAfgB_gmAAtAFigIMCAAQARhDIGUoYjAP&rs=AOn4CLACSGxH1O50Zo8jDJRx8MSRBtzBfA,video,,,,,عام / متنوع,,0.0,,,,,pending,,,,
RYyi563IK6s,[226] مناقشة كتاب قابل للفساد: من يحصل على السلطة وكيف يغيرنا مع شادي خلوف,https://www.youtube.com/watch?v=RYyi563IK6s,of_science_and_superstition,5560,1:32:40,18000,2026-09-10T01:22:13,UCGbERG1PdZe8qxWQg5QttWA,بين العلم و الخرافة  Of Science and Superstition - Videos,https://i.ytimg.com/vi/RYyi563IK6s/hqdefault.jpg?sqp=-oaymwEcCOADEI4CSFXyq4qpAw4IARUAAIhCGAFwAcABBg==&rs=AOn4CLACZuFaYWPt-xVXTT1W0k2z2igZ2A,video,,,,,عام / متنوع,,0.0,,,,,pending,,,,
5mFFhujq2WQ,[225] كيف نتحقق من القصص والحوادث الخارقة للطبيعة؟,https://www.youtube.com/watch?v=5mFFhujq2WQ,of_science_and_superstition,589,9:49,11000,2026-09-10T01:22:13,UCGbERG1PdZe8qxWQg5QttWA,بين العلم و الخرافة  Of Science and Superstition - Videos,https://i.ytimg.com/vi/5mFFhujq2WQ/hqdefault.jpg?sqp=-oaymwEcCOADEI4CSFXyq4qpAw4IARUAAIhCGAFwAcABBg==&rs=AOn4CLCQU82naGCmDI8Tvw7Xn0f1wY6LGA,video,,,,,عام / متنوع,,0.0,,,,,pending,,,,
XWMdYD6LY8w,كيف نسيطر على الشعور بالألم؟ [224],https://www.youtube.com/watch?v=XWMdYD6LY8w,of_science_and_superstition,781,13:01,21000,2026-09-10T01:22:13,UCGbERG1PdZe8qxWQg5QttWA,بين العلم و الخرافة  Of Science and Superstition - Videos,https://i.ytimg.com/vi/XWMdYD6LY8w/hq720.jpg?sqp=-oaymwEcCNAFEJQDSFXyq4qpAw4IARUAAIhCGAFwAcABBg==&rs=AOn4CLDGpVllIbv-ueSs3GBcFZ1lGi4mpA,video,,,,,عام / متنوع,,0.0,,,,,pending,,,,
WKr_PEBakBM,نظرية اللعبة وتطبيقها في العلوم الطبيعية والسياسية [223],https://www.youtube.com/watch?v=WKr_PEBakBM,of_science_and_superstition,896,14:56,20000,2026-09-10T01:22:13,UCGbERG1PdZe8qxWQg5QttWA,بين العلم و الخرافة  Of Science and Superstition - Videos,https://i.ytimg.com/vi/WKr_PEBakBM/hqdefault.jpg?sqp=-oaymwEcCOADEI4CSFXyq4qpAw4IARUAAIhCGAFwAcABBg==&rs=AOn4CLBK_m3wBMJaeooHT2utQ-ry6Cjrcw,video,,,,,عام / متنوع,,0.0,,,,,pending,,,,
_Q94UQ0B3Vo,كيف تعمل الذاكرة داخل الدماغ؟ [222],https://www.youtube.com/watch?v=_Q94UQ0B3Vo,of_science_and_superstition,1094,18:14,32000,2026-09-10T01:22:13,UCGbERG1PdZe8qxWQg5QttWA,بين العلم و الخرافة  Of Science and Superstition - Videos,https://i.ytimg.com/vi/_Q94UQ0B3Vo/hq720.jpg?sqp=-oaymwEcCNAFEJQDSFXyq4qpAw4IARUAAIhCGAFwAcABBg==&rs=AOn4CLD5CuOV58SyFwbBkZmU6lqSc-6toA,video,,,,,عام / متنوع,,0.0,,,,,pending,,,,
gDQdDNvRnkc,اين ينشأ الوعي البدائي في الدماغ ؟  [221],https://www.youtube.com/watch?v=gDQdDNvRnkc,of_science_and_superstition,890,14:50,15000,2026-09-10T01:22:13,UCGbERG1PdZe8qxWQg5QttWA,بين العلم و الخرافة  Of Science and Superstition - Videos,https://i.ytimg.com/vi/gDQdDNvRnkc/hq720.jpg?sqp=-oaymwEcCNAFEJQDSFXyq4qpAw4IARUAAIhCGAFwAcABBg==&rs=AOn4CLAiuNZLAHQoWkETanbPeHmmzC9jEw,video,,,,,عام / متنوع,,0.0,,,,,pending,,,,
js1wBoCHybk,تأثير كيميائية الدماغ على الاحلام [220],https://www.youtube.com/watch?v=js1wBoCHybk,of_science_and_superstition,812,13:32,27000,2026-09-10T01:22:13,UCGbERG1PdZe8qxWQg5QttWA,بين العلم و الخرافة  Of Science and Superstition - Videos,https://i.ytimg.com/vi/js1wBoCHybk/hq720.jpg?sqp=-oaymwEcCNAFEJQDSFXyq4qpAw4IARUAAIhCGAFwAcABBg==&rs=AOn4CLC4slrcd_M5fgwqZs6_oYa6R0i3MQ,video,,,,,عام / متنوع,,0.0,,,,,pending,,,,
P2ev6BH200U,[219] مع الأستاذ هاني - لماذا يؤمن الناس بنظريات المؤامرة؟,https://www.youtube.com/watch?v=P2ev6BH200U,of_science_and_superstition,6058,1:40:58,7600,2026-09-10T01:22:13,UCGbERG1PdZe8qxWQg5QttWA,بين العلم و الخرافة  Of Science and Superstition - Videos,https://i.ytimg.com/vi/P2ev6BH200U/hqdefault.jpg?sqp=-oaymwEcCOADEI4CSFXyq4qpAw4IARUAAIhCGAFwAcABBg==&rs=AOn4CLAi9VVEgXSDaKc95h8UwLRZfWpweA,video,,,,,عام / متنوع,,0.0,,,,,pending,,,,
OJfLPW88EV4,الاسقاط اللاشعوري في علم النفس [218],https://www.youtube.com/watch?v=OJfLPW88EV4,of_science_and_superstition,773,12:53,12000,2026-09-10T01:22:13,UCGbERG1PdZe8qxWQg5QttWA,بين العلم و الخرافة  Of Science and Superstition - Videos,https://i.ytimg.com/vi/OJfLPW88EV4/hqdefault.jpg?sqp=-oaymwEcCOADEI4CSFXyq4qpAw4IARUAAIhCGAFwAcABBg==&rs=AOn4CLDjHfCPJ7HPQVezzMYB4EiFACOeCQ,video,,,,,عام / متنوع,,0.0,,,,,pending,,,,
DbgcBd-5Iu8,[قراءة للتعليقات - 10  [217,https://www.youtube.com/watch?v=DbgcBd-5Iu8,of_science_and_superstition,1972,32:52,10000,2026-09-10T01:22:13,UCGbERG1PdZe8qxWQg5QttWA,بين العلم و الخرافة  Of Science and Superstition - Videos,https://i.ytimg.com/vi/DbgcBd-5Iu8/hq720.jpg?sqp=-oaymwEcCNAFEJQDSFXyq4qpAw4IARUAAIhCGAFwAcABBg==&rs=AOn4CLDfQdWVbIt2nq7s1lE0Vf0esjhutg,video,,,,,عام / متنوع,,0.0,,,,,pending,,,,
p8exvp_wa-U,[216] مناقشة كتاب التفكير السريع والبطئ عن ميكانيكية اتخاذ القرار في الدماغ مع شادي خلوف,https://www.youtube.com/watch?v=p8exvp_wa-U,of_science_and_superstition,7000,1:56:40,40000,2026-09-10T01:22:13,UCGbERG1PdZe8qxWQg5QttWA,بين العلم و الخرافة  Of Science and Superstition - Videos,https://i.ytimg.com/vi/p8exvp_wa-U/hqdefault.jpg?sqp=-oaymwEcCOADEI4CSFXyq4qpAw4IARUAAIhCGAFwAcABBg==&rs=AOn4CLBMCTkOkE38Uv-WWcHZoFzggdfxBQ,video,,,,,عام / متنوع,,0.0,,,,,pending,,,,
j1zgYw2pXo0,[215] الحق بين القوة والعدل,https://www.youtube.com/watch?v=j1zgYw2pXo0,of_science_and_superstition,533,8:53,9400,2026-09-10T01:22:13,UCGbERG1PdZe8qxWQg5QttWA,بين العلم و الخرافة  Of Science and Superstition - Videos,https://i.ytimg.com/vi/j1zgYw2pXo0/hq720.jpg?sqp=-oaymwEcCNAFEJQDSFXyq4qpAw4IARUAAIhCGAFwAcABBg==&rs=AOn4CLBEQ1xZikWlmOlyETQ7P_IQ2Upuqg,video,,,,,عام / متنوع,,0.0,,,,,pending,,,,
YfMqh92aoHw,فوائد و اضرار العلاج بالطب الشعبي  [214],https://www.youtube.com/watch?v=YfMqh92aoHw,of_science_and_superstition,850,14:10,3600,2026-09-10T01:22:13,UCGbERG1PdZe8qxWQg5QttWA,بين العلم و الخرافة  Of Science and Superstition - Videos,https://i.ytimg.com/vi/YfMqh92aoHw/hqdefault.jpg?sqp=-oaymwEcCOADEI4CSFXyq4qpAw4IARUAAIhCGAFwAcABBg==&rs=AOn4CLDUq2B3udreSnwItobHwcSQlpyeVw,video,,,,,عام / متنوع,,0.0,,,,,pending,,,,
6zDuhVWYl7I,[213] التنجيم والابراج في التاريخ والعلم,https://www.youtube.com/watch?v=6zDuhVWYl7I,of_science_and_superstition,832,13:52,12000,2026-09-10T01:22:13,UCGbERG1PdZe8qxWQg5QttWA,بين العلم و الخرافة  Of Science and Superstition - Videos,https://i.ytimg.com/vi/6zDuhVWYl7I/hqdefault.jpg?sqp=-oaymwEcCOADEI4CSFXyq4qpAw4IARUAAIhCGAFwAcABBg==&rs=AOn4CLANwTn4r5xek-e7q1s4iBB2Lj7Vew,video,,,,,عام / متنوع,,0.0,,,,,pending,,,,
bb5uTAJO5pU,تطور الطريقة العلمية للمعرفة في الفلسفة  - ٢ -  الفلسفة التجريبية  [212],https://www.youtube.com/watch?v=bb5uTAJO5pU,of_science_and_superstition,980,16:20,8300,2026-09-10T01:22:13,UCGbERG1PdZe8qxWQg5QttWA,بين العلم و الخرافة  Of Science and Superstition - Videos,https://i.ytimg.com/vi/bb5uTAJO5pU/hq720.jpg?sqp=-oaymwEcCNAFEJQDSFXyq4qpAw4IARUAAIhCGAFwAcABBg==&rs=AOn4CLB3o2XpqXxs-XZ-25URf5ls2wttKA,video,,,,,عام / متنوع,,0.0,,,,,pending,,,,
M7H-Sefomls,تطور الطريقة العلمية للمعرفة في الفلسفة  - ١ -  الفلسفة الاغريقية  [211],https://www.youtube.com/watch?v=M7H-Sefomls,of_science_and_superstition,647,10:47,4700,2026-09-10T01:22:13,UCGbERG1PdZe8qxWQg5QttWA,بين العلم و الخرافة  Of Science and Superstition - Videos,https://i.ytimg.com/vi/M7H-Sefomls/hq720.jpg?sqp=-oaymwEcCNAFEJQDSFXyq4qpAw4IARUAAIhCGAFwAcABBg==&rs=AOn4CLA1bvW2JsImQhmow9t8T2ZbGYFIsw,video,,,,,عام / متنوع,,0.0,,,,,pending,,,,
SppuIsMhFu8,Chromosome Replication Errors and Their Impact on Body Development [210],https://www.youtube.com/watch?v=SppuIsMhFu8,of_science_and_superstition,655,10:55,9400,2026-09-10T01:22:13,UCGbERG1PdZe8qxWQg5QttWA,بين العلم و الخرافة  Of Science and Superstition - Videos,https://i.ytimg.com/vi/SppuIsMhFu8/hqdefault.jpg?sqp=-oaymwEcCOADEI4CSFXyq4qpAw4IARUAAIhCGAFwAcABBg==&rs=AOn4CLCDS1o3DVXFKDXVqaX3qFjPVm8OTg,video,,,,,عام / متنوع,,0.0,,,,,pending,,,,
t8R50dgTDUM,مبدأ انبثاق الانظمة من انظمة اخرى [209],https://www.youtube.com/watch?v=t8R50dgTDUM,of_science_and_superstition,660,11:00,6500,2026-09-10T01:22:13,UCGbERG1PdZe8qxWQg5QttWA,بين العلم و الخرافة  Of Science and Superstition - Videos,https://i.ytimg.com/vi/t8R50dgTDUM/hq720.jpg?sqp=-oaymwEcCNAFEJQDSFXyq4qpAw4IARUAAIhCGAFwAcABBg==&rs=AOn4CLAZNx-9e87_en8AgWrECIZFIbdMXg,video,,,,,عام / متنوع,,0.0,,,,,pending,,,,
lKEXXqsQXuM,Competition Between Living Organisms - Is There a Natural Balance? [208],https://www.youtube.com/watch?v=lKEXXqsQXuM,of_science_and_superstition,687,11:27,10000,2026-09-10T01:22:13,UCGbERG1PdZe8qxWQg5QttWA,بين العلم و الخرافة  Of Science and Superstition - Videos,https://i.ytimg.com/vi/lKEXXqsQXuM/hqdefault.jpg?sqp=-oaymwEcCOADEI4CSFXyq4qpAw4IARUAAIhCGAFwAcABBg==&rs=AOn4CLAICMtEPk80OCtNvLVSTffq0cL8Zw,video,,,,,عام / متنوع,,0.0,,,,,pending,,,,
JHwfZRHM8EY,[207] مايكروجليا - سلاح ذو حدين داخل الدماغ,https://www.youtube.com/watch?v=JHwfZRHM8EY,of_science_and_superstition,722,12:02,15000,2026-09-10T01:22:13,UCGbERG1PdZe8qxWQg5QttWA,بين العلم و الخرافة  Of Science and Superstition - Videos,https://i.ytimg.com/vi/JHwfZRHM8EY/hqdefault.jpg?sqp=-oaymwEcCOADEI4CSFXyq4qpAw4IARUAAIhCGAFwAcABBg==&rs=AOn4CLBLXHG7CtgulimVFuVbdbW-__u-qg,video,,,,,عام / متنوع,,0.0,,,,,pending,,,,
J6J8hx4HOyk,[206] مدخل الى الفلسفة الوجودية - ٣ - عبثية الحياة,https://www.youtube.com/watch?v=J6J8hx4HOyk,of_science_and_superstition,650,10:50,63000,2026-09-10T01:22:13,UCGbERG1PdZe8qxWQg5QttWA,بين العلم و الخرافة  Of Science and Superstition - Videos,https://i.ytimg.com/vi/J6J8hx4HOyk/hq720.jpg?sqp=-oaymwEcCNAFEJQDSFXyq4qpAw4IARUAAIhCGAFwAcABBg==&rs=AOn4CLD2vKXs_1oDpis4qhAbUsqIkP-FLA,video,,,,,عام / متنوع,,0.0,,,,,pending,,,,
gImfbGkkxmU,[205] لقاء مع شادي خلوف - مناقشة كتاب رأس المال كارل ماركس,https://www.youtube.com/watch?v=gImfbGkkxmU,of_science_and_superstition,6984,1:56:24,44000,2026-09-10T01:22:13,UCGbERG1PdZe8qxWQg5QttWA,بين العلم و الخرافة  Of Science and Superstition - Videos,https://i.ytimg.com/vi/gImfbGkkxmU/hq720.jpg?sqp=-oaymwEcCNAFEJQDSFXyq4qpAw4IARUAAIhCGAFwAcABBg==&rs=AOn4CLA-P_FT2N4dzzyZrxfTbtlW8vJeLQ,video,,,,,عام / متنوع,,0.0,,,,,pending,,,,
Hdt1qsV-v4U,خواطر عن الظلم والعدالة الالهية  [204],https://www.youtube.com/watch?v=Hdt1qsV-v4U,of_science_and_superstition,821,13:41,25000,2026-09-10T01:22:13,UCGbERG1PdZe8qxWQg5QttWA,بين العلم و الخرافة  Of Science and Superstition - Videos,https://i.ytimg.com/vi/Hdt1qsV-v4U/hqdefault.jpg?sqp=-oaymwEcCOADEI4CSFXyq4qpAw4IARUAAIhCGAFwAcABBg==&rs=AOn4CLB1AwWdXTihsBoM9yA_4d_eVHssjw,video,,,,,عام / متنوع,,0.0,,,,,pending,,,,
hT_5CmTkOrs,تعليق على فيديو البغاء في التاريخ والمجتمع  [203],https://www.youtube.com/watch?v=hT_5CmTkOrs,of_science_and_superstition,403,6:43,5300,2026-09-10T01:22:13,UCGbERG1PdZe8qxWQg5QttWA,بين العلم و الخرافة  Of Science and Superstition - Videos,https://i.ytimg.com/vi/hT_5CmTkOrs/hq720.jpg?sqp=-oaymwEcCNAFEJQDSFXyq4qpAw4IARUAAIhCGAFwAcABBg==&rs=AOn4CLCj1K0Bg2QH_LYl-78DI444ig_GKQ,video,,,,,عام / متنوع,,0.0,,,,,pending,,,,
IjoXgsy7_dk,البغاء في التاريخ والمجتمع [202],https://www.youtube.com/watch?v=IjoXgsy7_dk,of_science_and_superstition,1070,17:50,21000,2026-09-10T01:22:13,UCGbERG1PdZe8qxWQg5QttWA,بين العلم و الخرافة  Of Science and Superstition - Videos,https://i.ytimg.com/vi/IjoXgsy7_dk/hq720.jpg?sqp=-oaymwEcCNAFEJQDSFXyq4qpAw4IARUAAIhCGAFwAcABBg==&rs=AOn4CLDbuUq1iUG4oyIj2bz2375aL6-Dng,video,,,,,عام / متنوع,,0.0,,,,,pending,,,,
kYZgXWuH77k,حوار مع ياسر - الاحتمالات الممكنة لمستقبل الارض و الانسان العاقل [201],https://www.youtube.com/watch?v=kYZgXWuH77k,of_science_and_superstition,5298,1:28:18,26000,2026-09-10T01:22:13,UCGbERG1PdZe8qxWQg5QttWA,بين العلم و الخرافة  Of Science and Superstition - Videos,https://i.ytimg.com/vi/kYZgXWuH77k/hq720.jpg?sqp=-oaymwEcCNAFEJQDSFXyq4qpAw4IARUAAIhCGAFwAcABBg==&rs=AOn4CLC_4-U-w7gotYpK7DlrFNylJMbixA,video,,,,,عام / متنوع,,0.0,,,,,pending,,,,
qhnya30bW2s,لقاء مع ياسر عن المغالطات المنطقية [200],https://www.youtube.com/watch?v=qhnya30bW2s,of_science_and_superstition,4748,1:19:08,41000,2026-09-10T01:22:13,UCGbERG1PdZe8qxWQg5QttWA,بين العلم و الخرافة  Of Science and Superstition - Videos,https://i.ytimg.com/vi/qhnya30bW2s/hq720.jpg?sqp=-oaymwEcCNAFEJQDSFXyq4qpAw4IARUAAIhCGAFwAcABBg==&rs=AOn4CLCu4C9IVzWYGcfTPGyWkBDqX98o-w,video,,,,,عام / متنوع,,0.0,,,,,pending,,,,
gLHjWzLO_fo,[قراءة للتعليقات - 9  [199,https://www.youtube.com/watch?v=gLHjWzLO_fo,of_science_and_superstition,2424,40:24,8600,2026-09-10T01:22:13,UCGbERG1PdZe8qxWQg5QttWA,بين العلم و الخرافة  Of Science and Superstition - Videos,https://i.ytimg.com/vi/gLHjWzLO_fo/hqdefault.jpg?sqp=-oaymwE2COADEI4CSFXyq4qpAygIARUAAIhCGAFwAcABBvABAfgB1AaAAuADigIMCAAQARhlIGUoWzAP&rs=AOn4CLBXhgrUGPEYeckuTxInMfneoxhhZw,video,,,,,عام / متنوع,,0.0,,,,,pending,,,,
krSxXDdVkUw,[198] الكمبيوتر الكمي - كيف يعمل وما هي التطبيقات العملية؟,https://www.youtube.com/watch?v=krSxXDdVkUw,of_science_and_superstition,661,11:01,36000,2026-09-10T01:22:13,UCGbERG1PdZe8qxWQg5QttWA,بين العلم و الخرافة  Of Science and Superstition - Videos,https://i.ytimg.com/vi/krSxXDdVkUw/hqdefault.jpg?sqp=-oaymwEcCOADEI4CSFXyq4qpAw4IARUAAIhCGAFwAcABBg==&rs=AOn4CLDkPsfzGn05b33qHvUYcXwOSxiVIA,video,,,,,عام / متنوع,,0.0,,,,,pending,,,,
pJmqcnLI0nM,لقاء مع الاستاذ شادي خلوف - مناقشة كتاب سيكولوجيا الجماهير - التحكم الاجتماعي [197],https://www.youtube.com/watch?v=pJmqcnLI0nM,of_science_and_superstition,5829,1:37:09,46000,2026-09-10T01:22:13,UCGbERG1PdZe8qxWQg5QttWA,بين العلم و الخرافة  Of Science and Superstition - Videos,https://i.ytimg.com/vi/pJmqcnLI0nM/hq720.jpg?sqp=-oaymwEcCNAFEJQDSFXyq4qpAw4IARUAAIhCGAFwAcABBg==&rs=AOn4CLB4E9GZVLpEHVugFPrHRQbXOUEpFA,video,,,,,عام / متنوع,,0.0,,,,,pending,,,,
uLgKvkQExqA,[196] لقاء مع الاستاذ هاني: الفيزياء الكمية-  عمل مخيف عن بعد أم طاقة الوعي الكوني؟,https://www.youtube.com/watch?v=uLgKvkQExqA,of_science_and_superstition,6438,1:47:18,15000,2026-09-10T01:22:13,UCGbERG1PdZe8qxWQg5QttWA,بين العلم و الخرافة  Of Science and Superstition - Videos,https://i.ytimg.com/vi/uLgKvkQExqA/hqdefault.jpg?sqp=-oaymwE2COADEI4CSFXyq4qpAygIARUAAIhCGAFwAcABBvABAfgB1AaAAuADigIMCAAQARh_IDkoQjAP&rs=AOn4CLABpQW5Ku9pQg0nJT6xh4hVBqGlOQ,video,,,,,عام / متنوع,,0.0,,,,,pending,,,,
5-i_qpRuQrc,تأثير القصة على الثقافة الانسانية [195],https://www.youtube.com/watch?v=5-i_qpRuQrc,of_science_and_superstition,918,15:18,9200,2026-09-10T01:22:13,UCGbERG1PdZe8qxWQg5QttWA,بين العلم و الخرافة  Of Science and Superstition - Videos,https://i.ytimg.com/vi/5-i_qpRuQrc/hqdefault.jpg?sqp=-oaymwEcCOADEI4CSFXyq4qpAw4IARUAAIhCGAFwAcABBg==&rs=AOn4CLCTSJQgfuGoov6wDBUvah3dgeCG5g,video,,,,,عام / متنوع,,0.0,,,,,pending,,,,
rzIpCHHDYZA,[194] مدخل الى الفلسفة البراغماتية,https://www.youtube.com/watch?v=rzIpCHHDYZA,of_science_and_superstition,1062,17:42,70000,2026-09-10T01:22:13,UCGbERG1PdZe8qxWQg5QttWA,بين العلم و الخرافة  Of Science and Superstition - Videos,https://i.ytimg.com/vi/rzIpCHHDYZA/hqdefault.jpg?sqp=-oaymwEcCOADEI4CSFXyq4qpAw4IARUAAIhCGAFwAcABBg==&rs=AOn4CLAA95lJQs6BauDjk4LUSM3u5uBk4A,video,,,,,عام / متنوع,,0.0,,,,,pending,,,,
5_OdWD2qWQQ,[قراءة للتعليقات - 8  [193,https://www.youtube.com/watch?v=5_OdWD2qWQQ,of_science_and_superstition,2425,40:25,17000,2026-09-10T01:22:13,UCGbERG1PdZe8qxWQg5QttWA,بين العلم و الخرافة  Of Science and Superstition - Videos,https://i.ytimg.com/vi/5_OdWD2qWQQ/hq720.jpg?sqp=-oaymwE2CNAFEJQDSFXyq4qpAygIARUAAIhCGAFwAcABBvABAfgB1AaAAuADigIMCAAQARhgIEkoZTAP&rs=AOn4CLCnfLeAwaiAo2BK9JC7r2w8M3Gcvw,video,,,,,عام / متنوع,,0.0,,,,,pending,,,,
Er9qVx-DFlE,فلسفة اللاإنجاب [192],https://www.youtube.com/watch?v=Er9qVx-DFlE,of_science_and_superstition,710,11:50,115000,2026-09-10T01:22:13,UCGbERG1PdZe8qxWQg5QttWA,بين العلم و الخرافة  Of Science and Superstition - Videos,https://i.ytimg.com/vi/Er9qVx-DFlE/hq720.jpg?sqp=-oaymwEcCNAFEJQDSFXyq4qpAw4IARUAAIhCGAFwAcABBg==&rs=AOn4CLBCXuL-oE-v7n07llUswlkbaLUmrg,video,,,,,عام / متنوع,,0.0,,,,,pending,,,,
QlEkDucc_0o,فلسفة القسوة [191],https://www.youtube.com/watch?v=QlEkDucc_0o,of_science_and_superstition,571,9:31,38000,2026-09-10T01:22:13,UCGbERG1PdZe8qxWQg5QttWA,بين العلم و الخرافة  Of Science and Superstition - Videos,https://i.ytimg.com/vi/QlEkDucc_0o/hq720.jpg?sqp=-oaymwEcCNAFEJQDSFXyq4qpAw4IARUAAIhCGAFwAcABBg==&rs=AOn4CLBLxAq9C4PRIzWmgLBA46ZJXsRKxw,video,,,,,عام / متنوع,,0.0,,,,,pending,,,,
qfOsTypLcSo,[190]  تاريخ وتطور فكرة الزواج,https://www.youtube.com/watch?v=qfOsTypLcSo,of_science_and_superstition,793,13:13,56000,2026-09-10T01:22:13,UCGbERG1PdZe8qxWQg5QttWA,بين العلم و الخرافة  Of Science and Superstition - Videos,https://i.ytimg.com/vi/qfOsTypLcSo/hq720.jpg?sqp=-oaymwEcCNAFEJQDSFXyq4qpAw4IARUAAIhCGAFwAcABBg==&rs=AOn4CLDZwxSp3rTFgz3VK_U2oW48FWlE0Q,video,,,,,عام / متنوع,,0.0,,,,,pending,,,,
ALvI5KiLXlA,[قراءة للتعليقات - 7  [189,https://www.youtube.com/watch?v=ALvI5KiLXlA,of_science_and_superstition,2553,42:33,12000,2026-09-10T01:22:13,UCGbERG1PdZe8qxWQg5QttWA,بين العلم و الخرافة  Of Science and Superstition - Videos,https://i.ytimg.com/vi/ALvI5KiLXlA/hqdefault.jpg?sqp=-oaymwE2COADEI4CSFXyq4qpAygIARUAAIhCGAFwAcABBvABAfgB1AaAAuADigIMCAAQARhkIGQoZDAP&rs=AOn4CLArm0p5qb373c-dabwlxgGzDr30Zg,video,,,,,عام / متنوع,,0.0,,,,,pending,,,,
93APuNkZAQw,[188] هل نعيش داخل برنامج كمبيوتر؟,https://www.youtube.com/watch?v=93APuNkZAQw,of_science_and_superstition,693,11:33,34000,2026-09-10T01:22:13,UCGbERG1PdZe8qxWQg5QttWA,بين العلم و الخرافة  Of Science and Superstition - Videos,https://i.ytimg.com/vi/93APuNkZAQw/hqdefault.jpg?sqp=-oaymwEcCOADEI4CSFXyq4qpAw4IARUAAIhCGAFwAcABBg==&rs=AOn4CLC-41Rx_oZAxBWzQ4kKPbxM04tJ_w,video,,,,,عام / متنوع,,0.0,,,,,pending,,,,
FJxEJ_rFTL0,[187] تعليق على تغيير الحكم والانقلاب العسكري,https://www.youtube.com/watch?v=FJxEJ_rFTL0,of_science_and_superstition,479,7:59,6200,2026-09-10T01:22:13,UCGbERG1PdZe8qxWQg5QttWA,بين العلم و الخرافة  Of Science and Superstition - Videos,https://i.ytimg.com/vi/FJxEJ_rFTL0/hq720.jpg?sqp=-oaymwEcCNAFEJQDSFXyq4qpAw4IARUAAIhCGAFwAcABBg==&rs=AOn4CLBRXNgYgqN1F0xmdc9zBoIsXpyxTw,video,,,,,عام / متنوع,,0.0,,,,,pending,,,,
OCTJYeRODQU,[186] A Conversation with Mr. Hany on the Critical Faculty Channel,https://www.youtube.com/watch?v=OCTJYeRODQU,of_science_and_superstition,7031,1:57:11,12000,2026-09-10T01:22:13,UCGbERG1PdZe8qxWQg5QttWA,بين العلم و الخرافة  Of Science and Superstition - Videos,https://i.ytimg.com/vi/OCTJYeRODQU/hqdefault.jpg?sqp=-oaymwEcCOADEI4CSFXyq4qpAw4IARUAAIhCGAFwAcABBg==&rs=AOn4CLA2HlOFdkwspD04JuOUaLnitQMpFQ,video,,,,,عام / متنوع,,0.0,,,,,pending,,,,
eCCyIAHnkkI,[قراءة للتعليقات - 6  [185,https://www.youtube.com/watch?v=eCCyIAHnkkI,of_science_and_superstition,1799,29:59,7800,2026-09-10T01:22:13,UCGbERG1PdZe8qxWQg5QttWA,بين العلم و الخرافة  Of Science and Superstition - Videos,https://i.ytimg.com/vi/eCCyIAHnkkI/hqdefault.jpg?sqp=-oaymwEcCOADEI4CSFXyq4qpAw4IARUAAIhCGAFwAcABBg==&rs=AOn4CLAJU71Q0zukfuW_HryWCCtkHzP_kw,video,,,,,عام / متنوع,,0.0,,,,,pending,,,,
B3vUdPRduHE,[184] تاريخ وتطور التقويم السنوي,https://www.youtube.com/watch?v=B3vUdPRduHE,of_science_and_superstition,628,10:28,11000,2026-09-10T01:22:13,UCGbERG1PdZe8qxWQg5QttWA,بين العلم و الخرافة  Of Science and Superstition - Videos,https://i.ytimg.com/vi/B3vUdPRduHE/hqdefault.jpg?sqp=-oaymwEcCOADEI4CSFXyq4qpAw4IARUAAIhCGAFwAcABBg==&rs=AOn4CLDOLSDWFA43HuDthlUm2Jtbskq5iw,video,,,,,عام / متنوع,,0.0,,,,,pending,,,,
TQ9ydLwwZfk,[183] الحشيشة او الماريوانا في التاريخ والعلم,https://www.youtube.com/watch?v=TQ9ydLwwZfk,of_science_and_superstition,736,12:16,199000,2026-09-10T01:22:13,UCGbERG1PdZe8qxWQg5QttWA,بين العلم و الخرافة  Of Science and Superstition - Videos,https://i.ytimg.com/vi/TQ9ydLwwZfk/hqdefault.jpg?sqp=-oaymwEcCOADEI4CSFXyq4qpAw4IARUAAIhCGAFwAcABBg==&rs=AOn4CLCtSlf_tXZelI_VauRzU6haKg_4jw,video,,,,,عام / متنوع,,0.0,,,,,pending,,,,
bRYMcdXCvdk,[182] التوحيد والازدواجية في الاديان,https://www.youtube.com/watch?v=bRYMcdXCvdk,of_science_and_superstition,603,10:03,14000,2026-09-10T01:22:13,UCGbERG1PdZe8qxWQg5QttWA,بين العلم و الخرافة  Of Science and Superstition - Videos,https://i.ytimg.com/vi/bRYMcdXCvdk/hq720.jpg?sqp=-oaymwEcCNAFEJQDSFXyq4qpAw4IARUAAIhCGAFwAcABBg==&rs=AOn4CLBCAaFEE6kjAb8ogMyrpQib728NZg,video,,,,,عام / متنوع,,0.0,,,,,pending,,,,
CcO9yTKZOGQ,[181] تعقيب على موضوع الاعجاز العلمي للكتب الدينية,https://www.youtube.com/watch?v=CcO9yTKZOGQ,of_science_and_superstition,502,8:22,16000,2026-09-10T01:22:13,UCGbERG1PdZe8qxWQg5QttWA,بين العلم و الخرافة  Of Science and Superstition - Videos,https://i.ytimg.com/vi/CcO9yTKZOGQ/hq720.jpg?sqp=-oaymwEcCNAFEJQDSFXyq4qpAw4IARUAAIhCGAFwAcABBg==&rs=AOn4CLDaLdYJlRwUqk3mJT0gOwNyV-arBw,video,,,,,عام / متنوع,,0.0,,,,,pending,,,,
MT16HqGDB28,[قراءة للتعليقات - 5  [180,https://www.youtube.com/watch?v=MT16HqGDB28,of_science_and_superstition,2103,35:03,12000,2026-09-10T01:22:13,UCGbERG1PdZe8qxWQg5QttWA,بين العلم و الخرافة  Of Science and Superstition - Videos,https://i.ytimg.com/vi/MT16HqGDB28/hq720.jpg?sqp=-oaymwEcCNAFEJQDSFXyq4qpAw4IARUAAIhCGAFwAcABBg==&rs=AOn4CLDbkBFPNMorXZFFeZRJTXgurhyTAw,video,,,,,عام / متنوع,,0.0,,,,,pending,,,,
gyoQ4mqVf_0,[179] الخمر في التاريخ والعلم,https://www.youtube.com/watch?v=gyoQ4mqVf_0,of_science_and_superstition,766,12:46,168000,2026-09-10T01:22:13,UCGbERG1PdZe8qxWQg5QttWA,بين العلم و الخرافة  Of Science and Superstition - Videos,https://i.ytimg.com/vi/gyoQ4mqVf_0/hqdefault.jpg?sqp=-oaymwEcCOADEI4CSFXyq4qpAw4IARUAAIhCGAFwAcABBg==&rs=AOn4CLAz_ndAudiNILpjxQ9qILeiM8t7qQ,video,,,,,عام / متنوع,,0.0,,,,,pending,,,,
Xvd9RgAEpgw,[178] قانون حفظ المعلومات ومشكلة الثقوب السوداء,https://www.youtube.com/watch?v=Xvd9RgAEpgw,of_science_and_superstition,958,15:58,11000,2026-09-10T01:22:13,UCGbERG1PdZe8qxWQg5QttWA,بين العلم و الخرافة  Of Science and Superstition - Videos,https://i.ytimg.com/vi/Xvd9RgAEpgw/hqdefault.jpg?sqp=-oaymwEcCOADEI4CSFXyq4qpAw4IARUAAIhCGAFwAcABBg==&rs=AOn4CLCJKXletjL3daPd2vN1RoyGYSfduA,video,,,,,عام / متنوع,,0.0,,,,,pending,,,,
egbeZvj1P_U,[المشاركة في سلسلة العلم بين عالمين -  الحلقة 21 احافير اسلافنا [177,https://www.youtube.com/watch?v=egbeZvj1P_U,of_science_and_superstition,1192,19:52,7400,2026-09-10T01:22:13,UCGbERG1PdZe8qxWQg5QttWA,بين العلم و الخرافة  Of Science and Superstition - Videos,https://i.ytimg.com/vi/egbeZvj1P_U/hq720.jpg?sqp=-oaymwEcCNAFEJQDSFXyq4qpAw4IARUAAIhCGAFwAcABBg==&rs=AOn4CLD1WPMsQoT0km2MkzE-ljxz0_8Pjw,video,,,,,عام / متنوع,,0.0,,,,,pending,,,,
cGrsXbFv2EE,[176] خواطر في البحث عن الحقيقة,https://www.youtube.com/watch?v=cGrsXbFv2EE,of_science_and_superstition,554,9:14,20000,2026-09-10T01:22:13,UCGbERG1PdZe8qxWQg5QttWA,بين العلم و الخرافة  Of Science and Superstition - Videos,https://i.ytimg.com/vi/cGrsXbFv2EE/hq720.jpg?sqp=-oaymwEcCNAFEJQDSFXyq4qpAw4IARUAAIhCGAFwAcABBg==&rs=AOn4CLCpw9FKTSI0jJ-QTp42X3VFKxqYMA,video,,,,,عام / متنوع,,0.0,,,,,pending,,,,
vvDOBuew5uM,[175] مشكلة فيزياء النموذج القياسي للجسيمات والفيزياء الكونية,https://www.youtube.com/watch?v=vvDOBuew5uM,of_science_and_superstition,762,12:42,5800,2026-09-10T01:22:13,UCGbERG1PdZe8qxWQg5QttWA,بين العلم و الخرافة  Of Science and Superstition - Videos,https://i.ytimg.com/vi/vvDOBuew5uM/hqdefault.jpg?sqp=-oaymwEcCOADEI4CSFXyq4qpAw4IARUAAIhCGAFwAcABBg==&rs=AOn4CLAyC-e4V1KgkRpi_VYY3V2bZVLlRQ,video,,,,,عام / متنوع,,0.0,,,,,pending,,,,
N06M4EqT17w,[174] مدخل الى الفلسفة الوجودية - ٢ - فريدريك نيتشه,https://www.youtube.com/watch?v=N06M4EqT17w,of_science_and_superstition,878,14:38,91000,2026-09-10T01:22:13,UCGbERG1PdZe8qxWQg5QttWA,بين العلم و الخرافة  Of Science and Superstition - Videos,https://i.ytimg.com/vi/N06M4EqT17w/hq720.jpg?sqp=-oaymwEcCNAFEJQDSFXyq4qpAw4IARUAAIhCGAFwAcABBg==&rs=AOn4CLB3pNeZVJInPCDCWe1x2n1tIVlxfQ,video,,,,,عام / متنوع,,0.0,,,,,pending,,,,
zk7q9THENsQ,[حوار مع شادي. خلوف - طرح لافكار علي الوردي [173,https://www.youtube.com/watch?v=zk7q9THENsQ,of_science_and_superstition,9389,2:36:29,23000,2026-09-10T01:22:13,UCGbERG1PdZe8qxWQg5QttWA,بين العلم و الخرافة  Of Science and Superstition - Videos,https://i.ytimg.com/vi/zk7q9THENsQ/hqdefault.jpg?sqp=-oaymwEcCOADEI4CSFXyq4qpAw4IARUAAIhCGAFwAcABBg==&rs=AOn4CLC8ZXabtbOSGDV_jVDUVvhBi67TtA,video,,,,,عام / متنوع,,0.0,,,,,pending,,,,
7abJ2Oz3CoU,[172] تأثير الالوان على ثقافة الشعوب,https://www.youtube.com/watch?v=7abJ2Oz3CoU,of_science_and_superstition,890,14:50,10000,2026-09-10T01:22:13,UCGbERG1PdZe8qxWQg5QttWA,بين العلم و الخرافة  Of Science and Superstition - Videos,https://i.ytimg.com/vi/7abJ2Oz3CoU/hq720.jpg?sqp=-oaymwEcCNAFEJQDSFXyq4qpAw4IARUAAIhCGAFwAcABBg==&rs=AOn4CLDarq3x8fudnpoiXn80tz3vxiPybQ,video,,,,,عام / متنوع,,0.0,,,,,pending,,,,
SB69AWiIieg,[قراءة للتعليقات - ٤  [171,https://www.youtube.com/watch?v=SB69AWiIieg,of_science_and_superstition,1911,31:51,8800,2026-09-10T01:22:13,UCGbERG1PdZe8qxWQg5QttWA,بين العلم و الخرافة  Of Science and Superstition - Videos,https://i.ytimg.com/vi/SB69AWiIieg/hqdefault.jpg?sqp=-oaymwEcCOADEI4CSFXyq4qpAw4IARUAAIhCGAFwAcABBg==&rs=AOn4CLBZmL1Jz1D5IsqPdTS0THjD0uQ1Hg,video,,,,,عام / متنوع,,0.0,,,,,pending,,,,
6eGTBZveIKM,[170] حوار مع حسن حول التطور في قناة الـبُـعـد الـعـقـلـي,https://www.youtube.com/watch?v=6eGTBZveIKM,of_science_and_superstition,4044,1:07:24,17000,2026-09-10T01:22:13,UCGbERG1PdZe8qxWQg5QttWA,بين العلم و الخرافة  Of Science and Superstition - Videos,https://i.ytimg.com/vi/6eGTBZveIKM/hq720.jpg?sqp=-oaymwEcCNAFEJQDSFXyq4qpAw4IARUAAIhCGAFwAcABBg==&rs=AOn4CLAQhtZRNOfgYIIUyDdsL7BlSR-B8g,video,,,,,عام / متنوع,,0.0,,,,,pending,,,,
N-bsxlJ0g7w,[169] خواطر عن الشيخوخة المتقدمة,https://www.youtube.com/watch?v=N-bsxlJ0g7w,of_science_and_superstition,950,15:50,10000,2026-09-10T01:22:13,UCGbERG1PdZe8qxWQg5QttWA,بين العلم و الخرافة  Of Science and Superstition - Videos,https://i.ytimg.com/vi/N-bsxlJ0g7w/hqdefault.jpg?sqp=-oaymwEcCOADEI4CSFXyq4qpAw4IARUAAIhCGAFwAcABBg==&rs=AOn4CLAn5cChi0ma57nPNnehdnNFgggLqQ,video,,,,,عام / متنوع,,0.0,,,,,pending,,,,
y_Elu48wJWE,[168] حوار مع ياسر - فّيْ سَيكَلوجْيا و بَيلّوجْيّا الجّنـسْ,https://www.youtube.com/watch?v=y_Elu48wJWE,of_science_and_superstition,5339,1:28:59,32000,2026-09-10T01:22:13,UCGbERG1PdZe8qxWQg5QttWA,بين العلم و الخرافة  Of Science and Superstition - Videos,https://i.ytimg.com/vi/y_Elu48wJWE/hqdefault.jpg?sqp=-oaymwEcCOADEI4CSFXyq4qpAw4IARUAAIhCGAFwAcABBg==&rs=AOn4CLD1vo8yf-WnTPI8WPeDAkjVomNIOw,video,,,,,عام / متنوع,,0.0,,,,,pending,,,,
4AMjGjOBoJo,[167] الايمان والمعتقدات المتوارثة,https://www.youtube.com/watch?v=4AMjGjOBoJo,of_science_and_superstition,848,14:08,13000,2026-09-10T01:22:13,UCGbERG1PdZe8qxWQg5QttWA,بين العلم و الخرافة  Of Science and Superstition - Videos,https://i.ytimg.com/vi/4AMjGjOBoJo/hq720.jpg?sqp=-oaymwEcCNAFEJQDSFXyq4qpAw4IARUAAIhCGAFwAcABBg==&rs=AOn4CLBXYtsmtaWTyWdLjXHAahexxeJn9w,video,,,,,عام / متنوع,,0.0,,,,,pending,,,,
oJrMoBfkRjU,[166] النظريات العلمية المتشائمة,https://www.youtube.com/watch?v=oJrMoBfkRjU,of_science_and_superstition,895,14:55,9400,2026-09-10T01:22:13,UCGbERG1PdZe8qxWQg5QttWA,بين العلم و الخرافة  Of Science and Superstition - Videos,https://i.ytimg.com/vi/oJrMoBfkRjU/hqdefault.jpg?sqp=-oaymwEcCOADEI4CSFXyq4qpAw4IARUAAIhCGAFwAcABBg==&rs=AOn4CLCihL4oOAI0ulGXLLGal0Mrnal8sw,video,,,,,عام / متنوع,,0.0,,,,,pending,,,,
YSN0gkEirKM,[165] حالة اللاجنس,https://www.youtube.com/watch?v=YSN0gkEirKM,of_science_and_superstition,516,8:36,101000,2026-09-10T01:22:13,UCGbERG1PdZe8qxWQg5QttWA,بين العلم و الخرافة  Of Science and Superstition - Videos,https://i.ytimg.com/vi/YSN0gkEirKM/hqdefault.jpg?sqp=-oaymwEcCOADEI4CSFXyq4qpAw4IARUAAIhCGAFwAcABBg==&rs=AOn4CLBfIYFMf9awzHvAbMqiUE9ANJi9jQ,video,,,,,عام / متنوع,,0.0,,,,,pending,,,,
9PKldsSuObo,[حوار مع ياسر - في النُظم العَشائرية [164,https://www.youtube.com/watch?v=9PKldsSuObo,of_science_and_superstition,4311,1:11:51,7300,2026-09-10T01:22:13,UCGbERG1PdZe8qxWQg5QttWA,بين العلم و الخرافة  Of Science and Superstition - Videos,https://i.ytimg.com/vi/9PKldsSuObo/hq720.jpg?sqp=-oaymwEcCNAFEJQDSFXyq4qpAw4IARUAAIhCGAFwAcABBg==&rs=AOn4CLAa4OPV-zPKoBQxRYVX2mTLCkbDlw,video,,,,,عام / متنوع,,0.0,,,,,pending,,,,
nr-wuD-NDZA,[163] حوار مع ياسر - في بُنية العَقل التَحلّيلي,https://www.youtube.com/watch?v=nr-wuD-NDZA,of_science_and_superstition,4371,1:12:51,10000,2026-09-10T01:22:13,UCGbERG1PdZe8qxWQg5QttWA,بين العلم و الخرافة  Of Science and Superstition - Videos,https://i.ytimg.com/vi/nr-wuD-NDZA/hq720.jpg?sqp=-oaymwEcCNAFEJQDSFXyq4qpAw4IARUAAIhCGAFwAcABBg==&rs=AOn4CLCunqJJuJOVd_8Wj1DRaswgFzAyZw,video,,,,,عام / متنوع,,0.0,,,,,pending,,,,
uXPz8JOIH8o,[162] كيف يصيغ ويشكل المجتمع شخصية الفرد وافكاره,https://www.youtube.com/watch?v=uXPz8JOIH8o,of_science_and_superstition,707,11:47,12000,2026-09-10T01:22:13,UCGbERG1PdZe8qxWQg5QttWA,بين العلم و الخرافة  Of Science and Superstition - Videos,https://i.ytimg.com/vi/uXPz8JOIH8o/hqdefault.jpg?sqp=-oaymwEcCOADEI4CSFXyq4qpAw4IARUAAIhCGAFwAcABBg==&rs=AOn4CLBJ0Au81ABfCfm9qN1vMAVEbslVNw,video,,,,,عام / متنوع,,0.0,,,,,pending,,,,
VKvJJ-drltM,[161] المشاركة في سلسلة العلم بين عالمين - الحلقة 2   لماذا المنهج العلمي؟,https://www.youtube.com/watch?v=VKvJJ-drltM,of_science_and_superstition,685,11:25,4100,2026-09-10T01:22:13,UCGbERG1PdZe8qxWQg5QttWA,بين العلم و الخرافة  Of Science and Superstition - Videos,https://i.ytimg.com/vi/VKvJJ-drltM/hq720.jpg?sqp=-oaymwEcCNAFEJQDSFXyq4qpAw4IARUAAIhCGAFwAcABBg==&rs=AOn4CLD6jcrGgJhfNYx-CmVH0EK4lFpXpA,video,,,,,عام / متنوع,,0.0,,,,,pending,,,,
V_UCoLjM8vg,[160] طبيعة الضوء في العلم,https://www.youtube.com/watch?v=V_UCoLjM8vg,of_science_and_superstition,1289,21:29,8900,2026-09-10T01:22:13,UCGbERG1PdZe8qxWQg5QttWA,بين العلم و الخرافة  Of Science and Superstition - Videos,https://i.ytimg.com/vi/V_UCoLjM8vg/hq720.jpg?sqp=-oaymwEcCNAFEJQDSFXyq4qpAw4IARUAAIhCGAFwAcABBg==&rs=AOn4CLCji92qq-KsvCeGXkpe7cyMMMl48g,video,,,,,عام / متنوع,,0.0,,,,,pending,,,,
iHIU8RHQ7I8,[159] هل يمكن اثبات عدم وجود الشئ؟,https://www.youtube.com/watch?v=iHIU8RHQ7I8,of_science_and_superstition,720,12:00,16000,2026-09-10T01:22:13,UCGbERG1PdZe8qxWQg5QttWA,بين العلم و الخرافة  Of Science and Superstition - Videos,https://i.ytimg.com/vi/iHIU8RHQ7I8/hq720.jpg?sqp=-oaymwEcCNAFEJQDSFXyq4qpAw4IARUAAIhCGAFwAcABBg==&rs=AOn4CLCZ1dDc5TkHGPSYnuOuuLyfFuXc5w,video,,,,,عام / متنوع,,0.0,,,,,pending,,,,
FedlQ73Wkd0,[158] الخجل والانطوائية من منظور علمي,https://www.youtube.com/watch?v=FedlQ73Wkd0,of_science_and_superstition,644,10:44,42000,2026-09-10T01:22:13,UCGbERG1PdZe8qxWQg5QttWA,بين العلم و الخرافة  Of Science and Superstition - Videos,https://i.ytimg.com/vi/FedlQ73Wkd0/hqdefault.jpg?sqp=-oaymwEcCOADEI4CSFXyq4qpAw4IARUAAIhCGAFwAcABBg==&rs=AOn4CLA9U-CRi-1LuY2971PcJf5OJkE1Cg,video,,,,,عام / متنوع,,0.0,,,,,pending,,,,
Fy11kdlw87E,[157]  المفهوم البشري في تفسير طبيعة الكون,https://www.youtube.com/watch?v=Fy11kdlw87E,of_science_and_superstition,717,11:57,7400,2026-09-10T01:22:13,UCGbERG1PdZe8qxWQg5QttWA,بين العلم و الخرافة  Of Science and Superstition - Videos,https://i.ytimg.com/vi/Fy11kdlw87E/hq720.jpg?sqp=-oaymwEcCNAFEJQDSFXyq4qpAw4IARUAAIhCGAFwAcABBg==&rs=AOn4CLAk3oG91sIlEHG-3We7xSSskJbFgA,video,,,,,عام / متنوع,,0.0,,,,,pending,,,,
Evoq5ttpmFU,[156]  لماذا لم تتغير بعض الكائنات الحية خلال ملايين السنين؟,https://www.youtube.com/watch?v=Evoq5ttpmFU,of_science_and_superstition,613,10:13,9400,2026-09-10T01:22:13,UCGbERG1PdZe8qxWQg5QttWA,بين العلم و الخرافة  Of Science and Superstition - Videos,https://i.ytimg.com/vi/Evoq5ttpmFU/hq720.jpg?sqp=-oaymwEcCNAFEJQDSFXyq4qpAw4IARUAAIhCGAFwAcABBg==&rs=AOn4CLDp1GyGXZaCW4OIC8wvx7-oSZfoqQ,video,,,,,عام / متنوع,,0.0,,,,,pending,,,,
IYZEgpQWUAg,[155]  مقابلة مع شادي خلوف - كتاب العقد الاجتماعي لجان جاك روسو,https://www.youtube.com/watch?v=IYZEgpQWUAg,of_science_and_superstition,6411,1:46:51,19000,2026-09-10T01:22:13,UCGbERG1PdZe8qxWQg5QttWA,بين العلم و الخرافة  Of Science and Superstition - Videos,https://i.ytimg.com/vi/IYZEgpQWUAg/hq720.jpg?sqp=-oaymwEcCNAFEJQDSFXyq4qpAw4IARUAAIhCGAFwAcABBg==&rs=AOn4CLDhqLSnK0PfMsmu97ZMn5QPjjTCVA,video,,,,,عام / متنوع,,0.0,,,,,pending,,,,
oaJI3U70I_I,[154]  لماذا نجد في النص المبهم اعجاز علمي؟,https://www.youtube.com/watch?v=oaJI3U70I_I,of_science_and_superstition,638,10:38,14000,2026-09-10T01:22:13,UCGbERG1PdZe8qxWQg5QttWA,بين العلم و الخرافة  Of Science and Superstition - Videos,https://i.ytimg.com/vi/oaJI3U70I_I/hqdefault.jpg?sqp=-oaymwEcCOADEI4CSFXyq4qpAw4IARUAAIhCGAFwAcABBg==&rs=AOn4CLBWcq3zKBv4To3cd2vLyPfolrEh7Q,video,,,,,عام / متنوع,,0.0,,,,,pending,,,,
kj2fqaYYCc4,[153] نظرة الانسان الى الوباء - الاسباب والعواقب,https://www.youtube.com/watch?v=kj2fqaYYCc4,of_science_and_superstition,710,11:50,3500,2026-09-10T01:22:13,UCGbERG1PdZe8qxWQg5QttWA,بين العلم و الخرافة  Of Science and Superstition - Videos,https://i.ytimg.com/vi/kj2fqaYYCc4/hq720.jpg?sqp=-oaymwEcCNAFEJQDSFXyq4qpAw4IARUAAIhCGAFwAcABBg==&rs=AOn4CLBpujNCLylvPxRVrxcaVTQJZhGwfg,video,,,,,عام / متنوع,,0.0,,,,,pending,,,,
89ux1_DL3vU,[152] مرض الفوبيا او الرهاب,https://www.youtube.com/watch?v=89ux1_DL3vU,of_science_and_superstition,794,13:14,13000,2026-09-10T01:22:13,UCGbERG1PdZe8qxWQg5QttWA,بين العلم و الخرافة  Of Science and Superstition - Videos,https://i.ytimg.com/vi/89ux1_DL3vU/hqdefault.jpg?sqp=-oaymwEcCOADEI4CSFXyq4qpAw4IARUAAIhCGAFwAcABBg==&rs=AOn4CLCPh5Kt6gs4rWuqwwJpSKteInsSpw,video,,,,,عام / متنوع,,0.0,,,,,pending,,,,
1LxhFsXlK3M,[اسئلة واجوبة عامة حول الوقاية من مرض كورونافايروس [151,https://www.youtube.com/watch?v=1LxhFsXlK3M,of_science_and_superstition,457,7:37,2300,2026-09-10T01:22:13,UCGbERG1PdZe8qxWQg5QttWA,بين العلم و الخرافة  Of Science and Superstition - Videos,https://i.ytimg.com/vi/1LxhFsXlK3M/hq720.jpg?sqp=-oaymwEcCNAFEJQDSFXyq4qpAw4IARUAAIhCGAFwAcABBg==&rs=AOn4CLAW3b6IG4GEze_7qNI4eoIUTdxOFA,video,,,,,عام / متنوع,,0.0,,,,,pending,,,,
-NkDHa5N1Ys,[كيف يعمل فايروس الكورونا داخل الجسم؟ [150,https://www.youtube.com/watch?v=-NkDHa5N1Ys,of_science_and_superstition,499,8:19,7200,2026-09-10T01:22:13,UCGbERG1PdZe8qxWQg5QttWA,بين العلم و الخرافة  Of Science and Superstition - Videos,https://i.ytimg.com/vi/-NkDHa5N1Ys/hq720.jpg?sqp=-oaymwEcCNAFEJQDSFXyq4qpAw4IARUAAIhCGAFwAcABBg==&rs=AOn4CLBLDF5CE4MBqnoQTEZnZzJKcFLWoA,video,,,,,عام / متنوع,,0.0,,,,,pending,,,,
qNXLx1p-C4Q,[149] كيف يعمل اللقاح؟,https://www.youtube.com/watch?v=qNXLx1p-C4Q,of_science_and_superstition,756,12:36,5400,2026-09-10T01:22:13,UCGbERG1PdZe8qxWQg5QttWA,بين العلم و الخرافة  Of Science and Superstition - Videos,https://i.ytimg.com/vi/qNXLx1p-C4Q/hq720.jpg?sqp=-oaymwEcCNAFEJQDSFXyq4qpAw4IARUAAIhCGAFwAcABBg==&rs=AOn4CLCs1gJnduMBuDJ4qvV45-cTATNbdQ,video,,,,,عام / متنوع,,0.0,,,,,pending,,,,
YbMPZI6qX9Q,[148] تعقيب على فيديو مبادئ الديانة البوذية,https://www.youtube.com/watch?v=YbMPZI6qX9Q,of_science_and_superstition,428,7:08,6500,2026-09-10T01:22:13,UCGbERG1PdZe8qxWQg5QttWA,بين العلم و الخرافة  Of Science and Superstition - Videos,https://i.ytimg.com/vi/YbMPZI6qX9Q/hq720.jpg?sqp=-oaymwEcCNAFEJQDSFXyq4qpAw4IARUAAIhCGAFwAcABBg==&rs=AOn4CLBOLB366jPWSoXA1ELtcsEpb7QWHQ,video,,,,,عام / متنوع,,0.0,,,,,pending,,,,
WzZYa8SurC4,[147] الاخوة في الرضاعة بين العلم والخرافة,https://www.youtube.com/watch?v=WzZYa8SurC4,of_science_and_superstition,497,8:17,10000,2026-09-10T01:22:13,UCGbERG1PdZe8qxWQg5QttWA,بين العلم و الخرافة  Of Science and Superstition - Videos,https://i.ytimg.com/vi/WzZYa8SurC4/hqdefault.jpg?sqp=-oaymwEcCOADEI4CSFXyq4qpAw4IARUAAIhCGAFwAcABBg==&rs=AOn4CLAn52USDKM3YWUHJG9_Cmdye-iGww,video,,,,,عام / متنوع,,0.0,,,,,pending,,,,
0HcRawFKvGQ,[146] ما الفرق بين التطور الكبير (ماكرو) والتطور الصغير (مايكرو)؟,https://www.youtube.com/watch?v=0HcRawFKvGQ,of_science_and_superstition,386,6:26,5000,2026-09-10T01:22:13,UCGbERG1PdZe8qxWQg5QttWA,بين العلم و الخرافة  Of Science and Superstition - Videos,https://i.ytimg.com/vi/0HcRawFKvGQ/hqdefault.jpg?sqp=-oaymwEcCOADEI4CSFXyq4qpAw4IARUAAIhCGAFwAcABBg==&rs=AOn4CLCIgXERAv6qtV-PQ1dXd0KfsYJ2aw,video,,,,,عام / متنوع,,0.0,,,,,pending,,,,
FCQboFy4SEs,[145] نظرية الادراك المتكرر في تفسير مراحل الوعي,https://www.youtube.com/watch?v=FCQboFy4SEs,of_science_and_superstition,431,7:11,12000,2026-09-10T01:22:13,UCGbERG1PdZe8qxWQg5QttWA,بين العلم و الخرافة  Of Science and Superstition - Videos,https://i.ytimg.com/vi/FCQboFy4SEs/hqdefault.jpg?sqp=-oaymwEcCOADEI4CSFXyq4qpAw4IARUAAIhCGAFwAcABBg==&rs=AOn4CLAPm3pifjYWzcz6G38-EAdAaEfwLg,video,,,,,عام / متنوع,,0.0,,,,,pending,,,,
Z0QfehY06I4,[144] التجارب العلمية لمعرفة كيفية نشوء الخلية الحية الاولى,https://www.youtube.com/watch?v=Z0QfehY06I4,of_science_and_superstition,589,9:49,21000,2026-09-10T01:22:13,UCGbERG1PdZe8qxWQg5QttWA,بين العلم و الخرافة  Of Science and Superstition - Videos,https://i.ytimg.com/vi/Z0QfehY06I4/hqdefault.jpg?sqp=-oaymwEcCOADEI4CSFXyq4qpAw4IARUAAIhCGAFwAcABBg==&rs=AOn4CLCnUHt58wBXsaFqSkyNWghskgVc0A,video,,,,,عام / متنوع,,0.0,,,,,pending,,,,
tp6N-JBJ4WQ,[143] The Principle of Supply and Demand in Human Society,https://www.youtube.com/watch?v=tp6N-JBJ4WQ,of_science_and_superstition,848,14:08,3500,2026-09-10T01:22:13,UCGbERG1PdZe8qxWQg5QttWA,بين العلم و الخرافة  Of Science and Superstition - Videos,https://i.ytimg.com/vi/tp6N-JBJ4WQ/hq720.jpg?sqp=-oaymwEcCNAFEJQDSFXyq4qpAw4IARUAAIhCGAFwAcABBg==&rs=AOn4CLCWREMbKn39zYT13N_sWEgDT26ThQ,video,,,,,عام / متنوع,,0.0,,,,,pending,,,,
1tc7VN5isO4,[142] تعليق على المظاهرات الشعبية,https://www.youtube.com/watch?v=1tc7VN5isO4,of_science_and_superstition,908,15:08,4100,2026-09-10T01:22:13,UCGbERG1PdZe8qxWQg5QttWA,بين العلم و الخرافة  Of Science and Superstition - Videos,https://i.ytimg.com/vi/1tc7VN5isO4/hq720.jpg?sqp=-oaymwEcCNAFEJQDSFXyq4qpAw4IARUAAIhCGAFwAcABBg==&rs=AOn4CLAHJY9qaEgxZAHYwJn9BULw8wcjHA,video,,,,,عام / متنوع,,0.0,,,,,pending,,,,
k_XatTksMTU,[141] من نشأ اولا، البيضة ام الدجاجة؟,https://www.youtube.com/watch?v=k_XatTksMTU,of_science_and_superstition,541,9:01,14000,2026-09-10T01:22:13,UCGbERG1PdZe8qxWQg5QttWA,بين العلم و الخرافة  Of Science and Superstition - Videos,https://i.ytimg.com/vi/k_XatTksMTU/hqdefault.jpg?sqp=-oaymwEcCOADEI4CSFXyq4qpAw4IARUAAIhCGAFwAcABBg==&rs=AOn4CLAomxqmnIHmcAMASAsQ34Ou7SJv-A,video,,,,,عام / متنوع,,0.0,,,,,pending,,,,
LvAYSe5uiJQ,[140] الالحاد في الشيوعية والعلمانية,https://www.youtube.com/watch?v=LvAYSe5uiJQ,of_science_and_superstition,843,14:03,28000,2026-09-10T01:22:13,UCGbERG1PdZe8qxWQg5QttWA,بين العلم و الخرافة  Of Science and Superstition - Videos,https://i.ytimg.com/vi/LvAYSe5uiJQ/hqdefault.jpg?sqp=-oaymwEcCOADEI4CSFXyq4qpAw4IARUAAIhCGAFwAcABBg==&rs=AOn4CLAGKeW1hfeh0h5DaxlplBTgFRKH9w,video,,,,,عام / متنوع,,0.0,,,,,pending,,,,
x2OLihy8nDM,[139] نظرية ميكانيك الكم  -٢-  الافكار الاساسية,https://www.youtube.com/watch?v=x2OLihy8nDM,of_science_and_superstition,1213,20:13,13000,2026-09-10T01:22:13,UCGbERG1PdZe8qxWQg5QttWA,بين العلم و الخرافة  Of Science and Superstition - Videos,https://i.ytimg.com/vi/x2OLihy8nDM/hqdefault.jpg?sqp=-oaymwEcCOADEI4CSFXyq4qpAw4IARUAAIhCGAFwAcABBg==&rs=AOn4CLAeLwswxt9-qv_U_L3qIHAty9P5-Q,video,,,,,عام / متنوع,,0.0,,,,,pending,,,,
82MMcxPX-4c,[138] نظرية ميكانيك الكم -١- قصة تطور النظرية,https://www.youtube.com/watch?v=82MMcxPX-4c,of_science_and_superstition,1059,17:39,21000,2026-09-10T01:22:13,UCGbERG1PdZe8qxWQg5QttWA,بين العلم و الخرافة  Of Science and Superstition - Videos,https://i.ytimg.com/vi/82MMcxPX-4c/hqdefault.jpg?sqp=-oaymwEcCOADEI4CSFXyq4qpAw4IARUAAIhCGAFwAcABBg==&rs=AOn4CLBLncBNHZoixxbB1SXmK15Pvn2F_Q,video,,,,,عام / متنوع,,0.0,,,,,pending,,,,
C9rcbBhctFs,[137]  مبادئ الفلسفة المثالية -٣- هيجل,https://www.youtube.com/watch?v=C9rcbBhctFs,of_science_and_superstition,549,9:09,24000,2026-09-10T01:22:13,UCGbERG1PdZe8qxWQg5QttWA,بين العلم و الخرافة  Of Science and Superstition - Videos,https://i.ytimg.com/vi/C9rcbBhctFs/hq720.jpg?sqp=-oaymwEcCNAFEJQDSFXyq4qpAw4IARUAAIhCGAFwAcABBg==&rs=AOn4CLA0DvKWjuCe5JBtHYQjhzLCzvEvGA,video,,,,,عام / متنوع,,0.0,,,,,pending,,,,
eOpEAcP6pz8,[136] مبادئ الفلسفة المثالية -٢-  ايمانويل كانت,https://www.youtube.com/watch?v=eOpEAcP6pz8,of_science_and_superstition,683,11:23,17000,2026-09-10T01:22:13,UCGbERG1PdZe8qxWQg5QttWA,بين العلم و الخرافة  Of Science and Superstition - Videos,https://i.ytimg.com/vi/eOpEAcP6pz8/hq720.jpg?sqp=-oaymwEcCNAFEJQDSFXyq4qpAw4IARUAAIhCGAFwAcABBg==&rs=AOn4CLCjCyPXBplSlMJeVLZQfMkMHxp5kw,video,,,,,عام / متنوع,,0.0,,,,,pending,,,,
VN12gVEHLPo,[135] مبادئ الفلسفة المثالية  - ١,https://www.youtube.com/watch?v=VN12gVEHLPo,of_science_and_superstition,721,12:01,32000,2026-09-10T01:22:13,UCGbERG1PdZe8qxWQg5QttWA,بين العلم و الخرافة  Of Science and Superstition - Videos,https://i.ytimg.com/vi/VN12gVEHLPo/hq720.jpg?sqp=-oaymwEcCNAFEJQDSFXyq4qpAw4IARUAAIhCGAFwAcABBg==&rs=AOn4CLBlnyD7y9-WTzwPaExTSwnHezPLYA,video,,,,,عام / متنوع,,0.0,,,,,pending,,,,
s7FYtrJT7DU,[134] خرافات العصر الحالي,https://www.youtube.com/watch?v=s7FYtrJT7DU,of_science_and_superstition,1078,17:58,48000,2026-09-10T01:22:13,UCGbERG1PdZe8qxWQg5QttWA,بين العلم و الخرافة  Of Science and Superstition - Videos,https://i.ytimg.com/vi/s7FYtrJT7DU/hqdefault.jpg?sqp=-oaymwEcCOADEI4CSFXyq4qpAw4IARUAAIhCGAFwAcABBg==&rs=AOn4CLAVCk1B4sUkwMVQKxdOBUexoRmoOQ,video,,,,,عام / متنوع,,0.0,,,,,pending,,,,
02b3Mgnx5iM,[133] هل خلق الانسان من تراب؟,https://www.youtube.com/watch?v=02b3Mgnx5iM,of_science_and_superstition,392,6:32,58000,2026-09-10T01:22:13,UCGbERG1PdZe8qxWQg5QttWA,بين العلم و الخرافة  Of Science and Superstition - Videos,https://i.ytimg.com/vi/02b3Mgnx5iM/hqdefault.jpg?sqp=-oaymwEcCOADEI4CSFXyq4qpAw4IARUAAIhCGAFwAcABBg==&rs=AOn4CLAXSW09nQFqXdgtvmDr7ur1HhlHrA,video,,,,,عام / متنوع,,0.0,,,,,pending,,,,
eyYJEhieaoA,[132] مقارنة بين  النظام العسكري والمدني,https://www.youtube.com/watch?v=eyYJEhieaoA,of_science_and_superstition,693,11:33,34000,2026-09-10T01:22:13,UCGbERG1PdZe8qxWQg5QttWA,بين العلم و الخرافة  Of Science and Superstition - Videos,https://i.ytimg.com/vi/eyYJEhieaoA/hqdefault.jpg?sqp=-oaymwEcCOADEI4CSFXyq4qpAw4IARUAAIhCGAFwAcABBg==&rs=AOn4CLCZXDdWalfop0LKuMv9i42wMyl5Hw,video,,,,,عام / متنوع,,0.0,,,,,pending,,,,
t-yo9e97dLg,[131] تاريخ واسباب ظهور النقود,https://www.youtube.com/watch?v=t-yo9e97dLg,of_science_and_superstition,859,14:19,17000,2026-09-10T01:22:13,UCGbERG1PdZe8qxWQg5QttWA,بين العلم و الخرافة  Of Science and Superstition - Videos,https://i.ytimg.com/vi/t-yo9e97dLg/hq720.jpg?sqp=-oaymwEcCNAFEJQDSFXyq4qpAw4IARUAAIhCGAFwAcABBg==&rs=AOn4CLAIWAQvhZKNhJR5ahHzmwNxGLU6_A,video,,,,,عام / متنوع,,0.0,,,,,pending,,,,
N0agcbKaJtM,[130] نظرة علمية الى تجارب الخروج من الجسد والاقتراب من الموت,https://www.youtube.com/watch?v=N0agcbKaJtM,of_science_and_superstition,700,11:40,22000,2026-09-10T01:22:13,UCGbERG1PdZe8qxWQg5QttWA,بين العلم و الخرافة  Of Science and Superstition - Videos,https://i.ytimg.com/vi/N0agcbKaJtM/hqdefault.jpg?sqp=-oaymwEcCOADEI4CSFXyq4qpAw4IARUAAIhCGAFwAcABBg==&rs=AOn4CLDK53SFF-uyEsnOMHIuatIOd26NOA,video,,,,,عام / متنوع,,0.0,,,,,pending,,,,
EIZFdlazj18,[129] كيف نتأكد من المصادر العلمية؟,https://www.youtube.com/watch?v=EIZFdlazj18,of_science_and_superstition,777,12:57,4500,2026-09-10T01:22:13,UCGbERG1PdZe8qxWQg5QttWA,بين العلم و الخرافة  Of Science and Superstition - Videos,https://i.ytimg.com/vi/EIZFdlazj18/hqdefault.jpg?sqp=-oaymwEcCOADEI4CSFXyq4qpAw4IARUAAIhCGAFwAcABBg==&rs=AOn4CLDVGQncM5rufl8TWxdQ1m9KcBQG8w,video,,,,,عام / متنوع,,0.0,,,,,pending,,,,
TtWjnQ7n-d4,[128] نظريات المؤامرة,https://www.youtube.com/watch?v=TtWjnQ7n-d4,of_science_and_superstition,1080,18:00,15000,2026-09-10T01:22:13,UCGbERG1PdZe8qxWQg5QttWA,بين العلم و الخرافة  Of Science and Superstition - Videos,https://i.ytimg.com/vi/TtWjnQ7n-d4/hq720.jpg?sqp=-oaymwEcCNAFEJQDSFXyq4qpAw4IARUAAIhCGAFwAcABBg==&rs=AOn4CLAMKJgbMy9GxqozQ3xqbMjX0-9-fA,video,,,,,عام / متنوع,,0.0,,,,,pending,,,,
Hvu7e6_0t7c,[127] اتخاذ القرار الصعب,https://www.youtube.com/watch?v=Hvu7e6_0t7c,of_science_and_superstition,675,11:15,15000,2026-09-10T01:22:13,UCGbERG1PdZe8qxWQg5QttWA,بين العلم و الخرافة  Of Science and Superstition - Videos,https://i.ytimg.com/vi/Hvu7e6_0t7c/hq720.jpg?sqp=-oaymwEcCNAFEJQDSFXyq4qpAw4IARUAAIhCGAFwAcABBg==&rs=AOn4CLDExBKVcIRN9NGtlfDK16Jczcmcsg,video,,,,,عام / متنوع,,0.0,,,,,pending,,,,
6kguQjp01bk,[126] لماذا نضحك؟,https://www.youtube.com/watch?v=6kguQjp01bk,of_science_and_superstition,534,8:54,12000,2026-09-10T01:22:13,UCGbERG1PdZe8qxWQg5QttWA,بين العلم و الخرافة  Of Science and Superstition - Videos,https://i.ytimg.com/vi/6kguQjp01bk/hqdefault.jpg?sqp=-oaymwEcCOADEI4CSFXyq4qpAw4IARUAAIhCGAFwAcABBg==&rs=AOn4CLBvZPUFqxQ7VRWrEM11dkcCScx1sQ,video,,,,,عام / متنوع,,0.0,,,,,pending,,,,
TNb4ELZ7h1Q,[125] Bacteria powered by synthetic DNA,https://www.youtube.com/watch?v=TNb4ELZ7h1Q,of_science_and_superstition,469,7:49,3000,2026-09-10T01:22:13,UCGbERG1PdZe8qxWQg5QttWA,بين العلم و الخرافة  Of Science and Superstition - Videos,https://i.ytimg.com/vi/TNb4ELZ7h1Q/hq720.jpg?sqp=-oaymwEcCNAFEJQDSFXyq4qpAw4IARUAAIhCGAFwAcABBg==&rs=AOn4CLDEAisrdneRFvTQV1WIbWuM1lFMAw,video,,,,,عام / متنوع,,0.0,,,,,pending,,,,
gLEuLSo9Yig,[124] Global Warming and Rising Temperatures on Earth,https://www.youtube.com/watch?v=gLEuLSo9Yig,of_science_and_superstition,889,14:49,5500,2026-09-10T01:22:13,UCGbERG1PdZe8qxWQg5QttWA,بين العلم و الخرافة  Of Science and Superstition - Videos,https://i.ytimg.com/vi/gLEuLSo9Yig/hqdefault.jpg?sqp=-oaymwEcCOADEI4CSFXyq4qpAw4IARUAAIhCGAFwAcABBg==&rs=AOn4CLAS8EJ0h0qVahcPiPLDDRO9QaQOrg,video,,,,,عام / متنوع,,0.0,,,,,pending,,,,
gfl3352Hzw4,[123] التطور نظرية صحيحة ومثبتة علميا,https://www.youtube.com/watch?v=gfl3352Hzw4,of_science_and_superstition,1304,21:44,72000,2026-09-10T01:22:13,UCGbERG1PdZe8qxWQg5QttWA,بين العلم و الخرافة  Of Science and Superstition - Videos,https://i.ytimg.com/vi/gfl3352Hzw4/hq720.jpg?sqp=-oaymwEcCNAFEJQDSFXyq4qpAw4IARUAAIhCGAFwAcABBg==&rs=AOn4CLDPHcRXxSenfrp5aKJjlk5N0OiwKg,video,,,,,عام / متنوع,,0.0,,,,,pending,,,,
j4klW6N1opk,[122] الخديعة والكذب من منظور علمي,https://www.youtube.com/watch?v=j4klW6N1opk,of_science_and_superstition,983,16:23,9400,2026-09-10T01:22:13,UCGbERG1PdZe8qxWQg5QttWA,بين العلم و الخرافة  Of Science and Superstition - Videos,https://i.ytimg.com/vi/j4klW6N1opk/hqdefault.jpg?sqp=-oaymwEcCOADEI4CSFXyq4qpAw4IARUAAIhCGAFwAcABBg==&rs=AOn4CLC61obcOoLpbJFstqzML4JmmXbJZw,video,,,,,عام / متنوع,,0.0,,,,,pending,,,,
40aBYLBzGoM,[121] مراحل تطور  الجنس البشري  خلال مليوني سنة,https://www.youtube.com/watch?v=40aBYLBzGoM,of_science_and_superstition,1217,20:17,105000,2026-09-10T01:22:13,UCGbERG1PdZe8qxWQg5QttWA,بين العلم و الخرافة  Of Science and Superstition - Videos,https://i.ytimg.com/vi/40aBYLBzGoM/hqdefault.jpg?sqp=-oaymwEcCOADEI4CSFXyq4qpAw4IARUAAIhCGAFwAcABBg==&rs=AOn4CLCGQkpwhCVvTaT4cSMhoAU2TfUdLQ,video,,,,,عام / متنوع,,0.0,,,,,pending,,,,
Ka1lKIwSuoU,[120] مشكلة فكرة الحساب بعد الموت,https://www.youtube.com/watch?v=Ka1lKIwSuoU,of_science_and_superstition,402,6:42,52000,2026-09-10T01:22:13,UCGbERG1PdZe8qxWQg5QttWA,بين العلم و الخرافة  Of Science and Superstition - Videos,https://i.ytimg.com/vi/Ka1lKIwSuoU/hq720.jpg?sqp=-oaymwEcCNAFEJQDSFXyq4qpAw4IARUAAIhCGAFwAcABBg==&rs=AOn4CLCTCdVISCi4N8MDriPKp2aeU5TRcg,video,,,,,عام / متنوع,,0.0,,,,,pending,,,,
11Z-O19b3jI,[119] السؤال الذي لا اجابة له - مقطوعة موسيقية لتشارلز ايفز,https://www.youtube.com/watch?v=11Z-O19b3jI,of_science_and_superstition,490,8:10,11000,2026-09-10T01:22:13,UCGbERG1PdZe8qxWQg5QttWA,بين العلم و الخرافة  Of Science and Superstition - Videos,https://i.ytimg.com/vi/11Z-O19b3jI/hq720.jpg?sqp=-oaymwEcCNAFEJQDSFXyq4qpAw4IARUAAIhCGAFwAcABBg==&rs=AOn4CLAnV85kVAgjrD71ydTZmNltMmEhMQ,video,,,,,عام / متنوع,,0.0,,,,,pending,,,,
hHskrYOofNc,[118] الشخصية السايكوباثية,https://www.youtube.com/watch?v=hHskrYOofNc,of_science_and_superstition,1096,18:16,39000,2026-09-10T01:22:13,UCGbERG1PdZe8qxWQg5QttWA,بين العلم و الخرافة  Of Science and Superstition - Videos,https://i.ytimg.com/vi/hHskrYOofNc/hqdefault.jpg?sqp=-oaymwEcCOADEI4CSFXyq4qpAw4IARUAAIhCGAFwAcABBg==&rs=AOn4CLDEF72xatSjhATKtUf4-6DM7NtBbA,video,,,,,عام / متنوع,,0.0,,,,,pending,,,,
6TVPuWogoGI,[117] الفرق بين المجتمع الشرقي والغربي,https://www.youtube.com/watch?v=6TVPuWogoGI,of_science_and_superstition,1063,17:43,36000,2026-09-10T01:22:13,UCGbERG1PdZe8qxWQg5QttWA,بين العلم و الخرافة  Of Science and Superstition - Videos,https://i.ytimg.com/vi/6TVPuWogoGI/hqdefault.jpg?sqp=-oaymwEcCOADEI4CSFXyq4qpAw4IARUAAIhCGAFwAcABBg==&rs=AOn4CLBKWeLIKh_T9754ksrKagvAr7oF2w,video,,,,,عام / متنوع,,0.0,,,,,pending,,,,
QtSxpDSiHd0,[116] مبادئ الديانة البوذية,https://www.youtube.com/watch?v=QtSxpDSiHd0,of_science_and_superstition,948,15:48,108000,2026-09-10T01:22:13,UCGbERG1PdZe8qxWQg5QttWA,بين العلم و الخرافة  Of Science and Superstition - Videos,https://i.ytimg.com/vi/QtSxpDSiHd0/hq720.jpg?sqp=-oaymwEcCNAFEJQDSFXyq4qpAw4IARUAAIhCGAFwAcABBg==&rs=AOn4CLDLlBYg_vZm8ryuazbmtlueM_uO1A,video,,,,,عام / متنوع,,0.0,,,,,pending,,,,
DTjgR0uk53A,[115] مدخل الى الفلسفة الوجودية,https://www.youtube.com/watch?v=DTjgR0uk53A,of_science_and_superstition,959,15:59,136000,2026-09-10T01:22:13,UCGbERG1PdZe8qxWQg5QttWA,بين العلم و الخرافة  Of Science and Superstition - Videos,https://i.ytimg.com/vi/DTjgR0uk53A/hq720.jpg?sqp=-oaymwEcCNAFEJQDSFXyq4qpAw4IARUAAIhCGAFwAcABBg==&rs=AOn4CLDDz7Wn9C-feE_q30Plwx9Sn2lsgA,video,,,,,عام / متنوع,,0.0,,,,,pending,,,,
Vhxa8khnxHM,[114] القبلية والانتماء العشائري,https://www.youtube.com/watch?v=Vhxa8khnxHM,of_science_and_superstition,901,15:01,4000,2026-09-10T01:22:13,UCGbERG1PdZe8qxWQg5QttWA,بين العلم و الخرافة  Of Science and Superstition - Videos,https://i.ytimg.com/vi/Vhxa8khnxHM/hqdefault.jpg?sqp=-oaymwEcCOADEI4CSFXyq4qpAw4IARUAAIhCGAFwAcABBg==&rs=AOn4CLAxvS_k98ce20D1DFtVs0SBHpjUSQ,video,,,,,عام / متنوع,,0.0,,,,,pending,,,,
VpOcKcWBOfs,[113] الحكم الاوتوقراطي او الدكتاتورية,https://www.youtube.com/watch?v=VpOcKcWBOfs,of_science_and_superstition,1571,26:11,8200,2026-09-10T01:22:13,UCGbERG1PdZe8qxWQg5QttWA,بين العلم و الخرافة  Of Science and Superstition - Videos,https://i.ytimg.com/vi/VpOcKcWBOfs/hq720.jpg?sqp=-oaymwEcCNAFEJQDSFXyq4qpAw4IARUAAIhCGAFwAcABBg==&rs=AOn4CLDEprX2wywJ_eHn2AG4Nw9aqFzjWA,video,,,,,عام / متنوع,,0.0,,,,,pending,,,,
xAzedtrJ1IU,[112] الديمقراطية - نظرة موضوعية,https://www.youtube.com/watch?v=xAzedtrJ1IU,of_science_and_superstition,1386,23:06,8200,2026-09-10T01:22:13,UCGbERG1PdZe8qxWQg5QttWA,بين العلم و الخرافة  Of Science and Superstition - Videos,https://i.ytimg.com/vi/xAzedtrJ1IU/hqdefault.jpg?sqp=-oaymwEcCOADEI4CSFXyq4qpAw4IARUAAIhCGAFwAcABBg==&rs=AOn4CLD9iFihve0qY9iOzZvLDzHh7u1Tmw,video,,,,,عام / متنوع,,0.0,,,,,pending,,,,
2TsjQ_m2CiM,[111] المايكروبايوتا - المايكروبات التي تعيش داخل اجسامنا,https://www.youtube.com/watch?v=2TsjQ_m2CiM,of_science_and_superstition,1012,16:52,3900,2026-09-10T01:22:13,UCGbERG1PdZe8qxWQg5QttWA,بين العلم و الخرافة  Of Science and Superstition - Videos,https://i.ytimg.com/vi/2TsjQ_m2CiM/hqdefault.jpg?sqp=-oaymwEcCOADEI4CSFXyq4qpAw4IARUAAIhCGAFwAcABBg==&rs=AOn4CLB4yBQo6g881u0O7ROgKRIukozplg,video,,,,,عام / متنوع,,0.0,,,,,pending,,,,
GR9Dg7WrSxI,[110] اثبات نظرية التطور بالتجربة العلمية,https://www.youtube.com/watch?v=GR9Dg7WrSxI,of_science_and_superstition,427,7:07,21000,2026-09-10T01:22:13,UCGbERG1PdZe8qxWQg5QttWA,بين العلم و الخرافة  Of Science and Superstition - Videos,https://i.ytimg.com/vi/GR9Dg7WrSxI/hq720.jpg?sqp=-oaymwEcCNAFEJQDSFXyq4qpAw4IARUAAIhCGAFwAcABBg==&rs=AOn4CLDZNzZ3QGQFKcrJ26_ZcCQYCMcGjA,video,,,,,عام / متنوع,,0.0,,,,,pending,,,,
l5E66EDJdDI,[109] كيف نشأت وتطورت اللغات البشرية؟,https://www.youtube.com/watch?v=l5E66EDJdDI,of_science_and_superstition,1300,21:40,74000,2026-09-10T01:22:13,UCGbERG1PdZe8qxWQg5QttWA,بين العلم و الخرافة  Of Science and Superstition - Videos,https://i.ytimg.com/vi/l5E66EDJdDI/hqdefault.jpg?sqp=-oaymwEcCOADEI4CSFXyq4qpAw4IARUAAIhCGAFwAcABBg==&rs=AOn4CLBvP_4zezQmn69FJ0kvgB1Yx1zWGA,video,,,,,عام / متنوع,,0.0,,,,,pending,,,,
X157r10nDko,[108] تعريف الزمن في العلم,https://www.youtube.com/watch?v=X157r10nDko,of_science_and_superstition,1105,18:25,41000,2026-09-10T01:22:13,UCGbERG1PdZe8qxWQg5QttWA,بين العلم و الخرافة  Of Science and Superstition - Videos,https://i.ytimg.com/vi/X157r10nDko/hq720.jpg?sqp=-oaymwEcCNAFEJQDSFXyq4qpAw4IARUAAIhCGAFwAcABBg==&rs=AOn4CLCQ3te36400e1oZaABVCzjtkly7ew,video,,,,,عام / متنوع,,0.0,,,,,pending,,,,
W51CwwJ2OvM,[107] كيف يتكون الوعي؟,https://www.youtube.com/watch?v=W51CwwJ2OvM,of_science_and_superstition,1018,16:58,69000,2026-09-10T01:22:13,UCGbERG1PdZe8qxWQg5QttWA,بين العلم و الخرافة  Of Science and Superstition - Videos,https://i.ytimg.com/vi/W51CwwJ2OvM/hqdefault.jpg?sqp=-oaymwEcCOADEI4CSFXyq4qpAw4IARUAAIhCGAFwAcABBg==&rs=AOn4CLBhxfcT3TOY_JC6oKVuC2agIIBUGg,video,,,,,عام / متنوع,,0.0,,,,,pending,,,,
UGjCHHdsHZQ,[106] نظرة حيادية الى  مساوئ ومحاسن الاديان,https://www.youtube.com/watch?v=UGjCHHdsHZQ,of_science_and_superstition,1272,21:12,24000,2026-09-10T01:22:13,UCGbERG1PdZe8qxWQg5QttWA,بين العلم و الخرافة  Of Science and Superstition - Videos,https://i.ytimg.com/vi/UGjCHHdsHZQ/hq720.jpg?sqp=-oaymwEcCNAFEJQDSFXyq4qpAw4IARUAAIhCGAFwAcABBg==&rs=AOn4CLCTW-Vwb3ly4GgQsFhwZB8XLX5MQg,video,,,,,عام / متنوع,,0.0,,,,,pending,,,,
ZB0OOyK8pLI,[105] منطق الايمان الغريب,https://www.youtube.com/watch?v=ZB0OOyK8pLI,of_science_and_superstition,1125,18:45,48000,2026-09-10T01:22:13,UCGbERG1PdZe8qxWQg5QttWA,بين العلم و الخرافة  Of Science and Superstition - Videos,https://i.ytimg.com/vi/ZB0OOyK8pLI/hqdefault.jpg?sqp=-oaymwEcCOADEI4CSFXyq4qpAw4IARUAAIhCGAFwAcABBg==&rs=AOn4CLCUIdIqWaFRXjnJ7FB10mymHk-0fw,video,,,,,عام / متنوع,,0.0,,,,,pending,,,,
dKKqg9dd_IU,[104] كيف نتغلب على فكرة العدم؟,https://www.youtube.com/watch?v=dKKqg9dd_IU,of_science_and_superstition,890,14:50,66000,2026-09-10T01:22:13,UCGbERG1PdZe8qxWQg5QttWA,بين العلم و الخرافة  Of Science and Superstition - Videos,https://i.ytimg.com/vi/dKKqg9dd_IU/hqdefault.jpg?sqp=-oaymwEcCOADEI4CSFXyq4qpAw4IARUAAIhCGAFwAcABBg==&rs=AOn4CLAzk3RmqtEsPlT8L7CLxwo8-11i5A,video,,,,,عام / متنوع,,0.0,,,,,pending,,,,
nv9z0qYzhaA,[103] خطورة عبادة وتقديس الاشخاص,https://www.youtube.com/watch?v=nv9z0qYzhaA,of_science_and_superstition,1001,16:41,19000,2026-09-10T01:22:13,UCGbERG1PdZe8qxWQg5QttWA,بين العلم و الخرافة  Of Science and Superstition - Videos,https://i.ytimg.com/vi/nv9z0qYzhaA/hq720.jpg?sqp=-oaymwEcCNAFEJQDSFXyq4qpAw4IARUAAIhCGAFwAcABBg==&rs=AOn4CLAOOJ7_JlwStWwO9k13w4cw__e8Fw,video,,,,,عام / متنوع,,0.0,,,,,pending,,,,
wHBE41S-7bA,[102] الفعل و رد الفعل  في علم الاجتماع,https://www.youtube.com/watch?v=wHBE41S-7bA,of_science_and_superstition,1113,18:33,5700,2026-09-10T01:22:13,UCGbERG1PdZe8qxWQg5QttWA,بين العلم و الخرافة  Of Science and Superstition - Videos,https://i.ytimg.com/vi/wHBE41S-7bA/hqdefault.jpg?sqp=-oaymwEcCOADEI4CSFXyq4qpAw4IARUAAIhCGAFwAcABBg==&rs=AOn4CLASYPehAXJyspOLJU59VLDcoixuqQ,video,,,,,عام / متنوع,,0.0,,,,,pending,,,,
_sFCnUc7ZbI,[100] مبدأ الانتروبي  وتأثيره على الكون,https://www.youtube.com/watch?v=_sFCnUc7ZbI,of_science_and_superstition,1027,17:07,25000,2026-09-10T01:22:13,UCGbERG1PdZe8qxWQg5QttWA,بين العلم و الخرافة  Of Science and Superstition - Videos,https://i.ytimg.com/vi/_sFCnUc7ZbI/hqdefault.jpg?sqp=-oaymwEcCOADEI4CSFXyq4qpAw4IARUAAIhCGAFwAcABBg==&rs=AOn4CLDWZKwPjFEvdxh_fkNkEhSs6-Gr1A,video,,,,,عام / متنوع,,0.0,,,,,pending,,,,
3L_tD3JC5HM,[99] درجات تكوين الواقع في الوجود,https://www.youtube.com/watch?v=3L_tD3JC5HM,of_science_and_superstition,961,16:01,8500,2026-09-10T01:22:13,UCGbERG1PdZe8qxWQg5QttWA,بين العلم و الخرافة  Of Science and Superstition - Videos,https://i.ytimg.com/vi/3L_tD3JC5HM/hq720.jpg?sqp=-oaymwEcCNAFEJQDSFXyq4qpAw4IARUAAIhCGAFwAcABBg==&rs=AOn4CLBtP0y62B1MzbRzhcI9A_oqeyl-cg,video,,,,,عام / متنوع,,0.0,,,,,pending,,,,
dD0mUCr4zQ4,[98] العلم هو المستقبل,https://www.youtube.com/watch?v=dD0mUCr4zQ4,of_science_and_superstition,490,8:10,29000,2026-09-10T01:22:13,UCGbERG1PdZe8qxWQg5QttWA,بين العلم و الخرافة  Of Science and Superstition - Videos,https://i.ytimg.com/vi/dD0mUCr4zQ4/hq720.jpg?sqp=-oaymwEcCNAFEJQDSFXyq4qpAw4IARUAAIhCGAFwAcABBg==&rs=AOn4CLAjUo2JJ2j2QrjxZRAtx8sMbhF7NQ,video,,,,,عام / متنوع,,0.0,,,,,pending,,,,
j2QbngXrBSs,[97] التعصب  وثقافة احتقار الآخر,https://www.youtube.com/watch?v=j2QbngXrBSs,of_science_and_superstition,592,9:52,7600,2026-09-10T01:22:13,UCGbERG1PdZe8qxWQg5QttWA,بين العلم و الخرافة  Of Science and Superstition - Videos,https://i.ytimg.com/vi/j2QbngXrBSs/hq720.jpg?sqp=-oaymwEcCNAFEJQDSFXyq4qpAw4IARUAAIhCGAFwAcABBg==&rs=AOn4CLCzIbbpTYix1dl6vaoHvAk3SWlvCg,video,,,,,عام / متنوع,,0.0,,,,,pending,,,,
nf8CipIZ-kE,[96] لماذا تطور التكاثر الجنسي في  الحيوانات والنباتات؟,https://www.youtube.com/watch?v=nf8CipIZ-kE,of_science_and_superstition,1077,17:57,2800,2026-09-10T01:22:13,UCGbERG1PdZe8qxWQg5QttWA,بين العلم و الخرافة  Of Science and Superstition - Videos,https://i.ytimg.com/vi/nf8CipIZ-kE/hqdefault.jpg?sqp=-oaymwEcCOADEI4CSFXyq4qpAw4IARUAAIhCGAFwAcABBg==&rs=AOn4CLClr5MeWyBoiJkCbtHza_zTr5oIAg,video,,,,,عام / متنوع,,0.0,,,,,pending,,,,
G8YVBSl5h4w,[95] احتمالات انقراض الجنس البشري,https://www.youtube.com/watch?v=G8YVBSl5h4w,of_science_and_superstition,930,15:30,18000,2026-09-10T01:22:13,UCGbERG1PdZe8qxWQg5QttWA,بين العلم و الخرافة  Of Science and Superstition - Videos,https://i.ytimg.com/vi/G8YVBSl5h4w/hq720.jpg?sqp=-oaymwEcCNAFEJQDSFXyq4qpAw4IARUAAIhCGAFwAcABBg==&rs=AOn4CLCFHXKheOrDPZPbCnlnN9OP-xSFwA,video,,,,,عام / متنوع,,0.0,,,,,pending,,,,
Fbr8v9IQ-a4,[94] اكثر حجتين انتشارا ضد نظرية التطور,https://www.youtube.com/watch?v=Fbr8v9IQ-a4,of_science_and_superstition,1087,18:07,28000,2026-09-10T01:22:13,UCGbERG1PdZe8qxWQg5QttWA,بين العلم و الخرافة  Of Science and Superstition - Videos,https://i.ytimg.com/vi/Fbr8v9IQ-a4/hqdefault.jpg?sqp=-oaymwEcCOADEI4CSFXyq4qpAw4IARUAAIhCGAFwAcABBg==&rs=AOn4CLAVrgg8813zDthn4fG1xk_UFWbBew,video,,,,,عام / متنوع,,0.0,,,,,pending,,,,
rjaU31zUCwE,[93] رؤية الانسان  للمرض والعلاج,https://www.youtube.com/watch?v=rjaU31zUCwE,of_science_and_superstition,1039,17:19,5000,2026-09-10T01:22:13,UCGbERG1PdZe8qxWQg5QttWA,بين العلم و الخرافة  Of Science and Superstition - Videos,https://i.ytimg.com/vi/rjaU31zUCwE/hqdefault.jpg?sqp=-oaymwEcCOADEI4CSFXyq4qpAw4IARUAAIhCGAFwAcABBg==&rs=AOn4CLA45zaIYzn2BoOiJ2AS80UgrTNtFQ,video,,,,,عام / متنوع,,0.0,,,,,pending,,,,
DTgIfb-WYns,[92] نظرية المعرفة والشك في الفلسفة,https://www.youtube.com/watch?v=DTgIfb-WYns,of_science_and_superstition,1303,21:43,33000,2026-09-10T01:22:13,UCGbERG1PdZe8qxWQg5QttWA,بين العلم و الخرافة  Of Science and Superstition - Videos,https://i.ytimg.com/vi/DTgIfb-WYns/hqdefault.jpg?sqp=-oaymwEcCOADEI4CSFXyq4qpAw4IARUAAIhCGAFwAcABBg==&rs=AOn4CLDQmvwy-l_jHzrd07wGktEkgOHLAg,video,,,,,عام / متنوع,,0.0,,,,,pending,,,,
FiBUKmOPC84,[91] بث مباشر - مناقشة للتعليقات و موضوع الاغتيالات السياسية,https://www.youtube.com/watch?v=FiBUKmOPC84,of_science_and_superstition,2840,47:20,3900,2026-09-10T01:22:13,UCGbERG1PdZe8qxWQg5QttWA,بين العلم و الخرافة  Of Science and Superstition - Videos,https://i.ytimg.com/vi/FiBUKmOPC84/hq720.jpg?sqp=-oaymwEcCNAFEJQDSFXyq4qpAw4IARUAAIhCGAFwAcABBg==&rs=AOn4CLB_tLL0DNhaxSwRUytnCBQUZm3Ltg,video,,,,,عام / متنوع,,0.0,,,,,pending,,,,
_h1F2m-ZUYY,[90] مرض الوسواس القهرى,https://www.youtube.com/watch?v=_h1F2m-ZUYY,of_science_and_superstition,1155,19:15,51000,2026-09-10T01:22:13,UCGbERG1PdZe8qxWQg5QttWA,بين العلم و الخرافة  Of Science and Superstition - Videos,https://i.ytimg.com/vi/_h1F2m-ZUYY/hq720.jpg?sqp=-oaymwEcCNAFEJQDSFXyq4qpAw4IARUAAIhCGAFwAcABBg==&rs=AOn4CLAxrzATqzBV0T9Zj8f3f6RsuS2XkA,video,,,,,عام / متنوع,,0.0,,,,,pending,,,,
Yc6hlrRgXC8,[89] غشاء البكارة بين العلم والخرافة,https://www.youtube.com/watch?v=Yc6hlrRgXC8,of_science_and_superstition,499,8:19,38000,2026-09-10T01:22:13,UCGbERG1PdZe8qxWQg5QttWA,بين العلم و الخرافة  Of Science and Superstition - Videos,https://i.ytimg.com/vi/Yc6hlrRgXC8/hqdefault.jpg?sqp=-oaymwEcCOADEI4CSFXyq4qpAw4IARUAAIhCGAFwAcABBg==&rs=AOn4CLD8MMiZTqvtcV-3zTsZ8ilu_p-cQg,video,,,,,عام / متنوع,,0.0,,,,,pending,,,,
y5kTrU0GmZs,[88] كيف وصل اليمين المتطرف الامريكي الى السلطة؟,https://www.youtube.com/watch?v=y5kTrU0GmZs,of_science_and_superstition,829,13:49,2000,2026-09-10T01:22:13,UCGbERG1PdZe8qxWQg5QttWA,بين العلم و الخرافة  Of Science and Superstition - Videos,https://i.ytimg.com/vi/y5kTrU0GmZs/hq720.jpg?sqp=-oaymwEcCNAFEJQDSFXyq4qpAw4IARUAAIhCGAFwAcABBg==&rs=AOn4CLC7OuyWRHyeoOl4nTdnWIIIk1V9mw,video,,,,,عام / متنوع,,0.0,,,,,pending,,,,
SwOI4ofSACU,[87] مشاركة في ندوة لغة التنوير والحوار مع الاخر,https://www.youtube.com/watch?v=SwOI4ofSACU,of_science_and_superstition,8601,2:23:21,3300,2026-09-10T01:22:13,UCGbERG1PdZe8qxWQg5QttWA,بين العلم و الخرافة  Of Science and Superstition - Videos,https://i.ytimg.com/vi/SwOI4ofSACU/hq720.jpg?sqp=-oaymwEcCNAFEJQDSFXyq4qpAw4IARUAAIhCGAFwAcABBg==&rs=AOn4CLB3F2-D35BcMx_QZmWcYZRVj2nrpg,video,,,,,عام / متنوع,,0.0,,,,,pending,,,,
0wRf3mMfFmw,[86] اسرائيل والعرب - نظرة حيادية,https://www.youtube.com/watch?v=0wRf3mMfFmw,of_science_and_superstition,1495,24:55,33000,2026-09-10T01:22:13,UCGbERG1PdZe8qxWQg5QttWA,بين العلم و الخرافة  Of Science and Superstition - Videos,https://i.ytimg.com/vi/0wRf3mMfFmw/hqdefault.jpg?sqp=-oaymwEcCOADEI4CSFXyq4qpAw4IARUAAIhCGAFwAcABBg==&rs=AOn4CLBsw-ZGD_U-2glmdoBGSGzzm-JY9g,video,,,,,عام / متنوع,,0.0,,,,,pending,,,,
KNf7b1oLVvA,[85] لماذا يكره اغلبية العرب واليهود الكلاب والخنازير؟,https://www.youtube.com/watch?v=KNf7b1oLVvA,of_science_and_superstition,1119,18:39,31000,2026-09-10T01:22:13,UCGbERG1PdZe8qxWQg5QttWA,بين العلم و الخرافة  Of Science and Superstition - Videos,https://i.ytimg.com/vi/KNf7b1oLVvA/hqdefault.jpg?sqp=-oaymwEcCOADEI4CSFXyq4qpAw4IARUAAIhCGAFwAcABBg==&rs=AOn4CLATLinHTJI4WC3JEQ0Jg_d8p7BIFQ,video,,,,,عام / متنوع,,0.0,,,,,pending,,,,
rdD0J4Vw1EA,[84] الفقر - الاسباب الاجتماعية والاقتصادية,https://www.youtube.com/watch?v=rdD0J4Vw1EA,of_science_and_superstition,1898,31:38,21000,2026-09-10T01:22:13,UCGbERG1PdZe8qxWQg5QttWA,بين العلم و الخرافة  Of Science and Superstition - Videos,https://i.ytimg.com/vi/rdD0J4Vw1EA/hq720.jpg?sqp=-oaymwEcCNAFEJQDSFXyq4qpAw4IARUAAIhCGAFwAcABBg==&rs=AOn4CLCF3nb6Iz2-rzvKE1UEJAn1JSZ2BQ,video,,,,,عام / متنوع,,0.0,,,,,pending,,,,
AcwG8ZLG56M,[83] الانتحار -  الاسباب والدوافع,https://www.youtube.com/watch?v=AcwG8ZLG56M,of_science_and_superstition,1253,20:53,47000,2026-09-10T01:22:13,UCGbERG1PdZe8qxWQg5QttWA,بين العلم و الخرافة  Of Science and Superstition - Videos,https://i.ytimg.com/vi/AcwG8ZLG56M/hq720.jpg?sqp=-oaymwEcCNAFEJQDSFXyq4qpAw4IARUAAIhCGAFwAcABBg==&rs=AOn4CLBxRMiLDFC-9wqnI35w--tXHcFpMQ,video,,,,,عام / متنوع,,0.0,,,,,pending,,,,
3IuAWCOlFyY,[82] الابراج  والتنبؤ بالمستقبل,https://www.youtube.com/watch?v=3IuAWCOlFyY,of_science_and_superstition,1116,18:36,10000,2026-09-10T01:22:13,UCGbERG1PdZe8qxWQg5QttWA,بين العلم و الخرافة  Of Science and Superstition - Videos,https://i.ytimg.com/vi/3IuAWCOlFyY/hqdefault.jpg?sqp=-oaymwEcCOADEI4CSFXyq4qpAw4IARUAAIhCGAFwAcABBg==&rs=AOn4CLBEfd-pC18j_EYHsrUCOrr0jdTTXw,video,,,,,عام / متنوع,,0.0,,,,,pending,,,,
U7ez_QAfGnM,[81] The importance of scientific sources in transmitting knowledge,https://www.youtube.com/watch?v=U7ez_QAfGnM,of_science_and_superstition,750,12:30,3000,2026-09-10T01:22:13,UCGbERG1PdZe8qxWQg5QttWA,بين العلم و الخرافة  Of Science and Superstition - Videos,https://i.ytimg.com/vi/U7ez_QAfGnM/hqdefault.jpg?sqp=-oaymwEcCOADEI4CSFXyq4qpAw4IARUAAIhCGAFwAcABBg==&rs=AOn4CLAhFRxI2VTvJt6TljLl1sMOnqABxw,video,,,,,عام / متنوع,,0.0,,,,,pending,,,,
BS7rgh1SQec,[80] مراحل التطور الاخلاقي للانسان,https://www.youtube.com/watch?v=BS7rgh1SQec,of_science_and_superstition,1372,22:52,14000,2026-09-10T01:22:13,UCGbERG1PdZe8qxWQg5QttWA,بين العلم و الخرافة  Of Science and Superstition - Videos,https://i.ytimg.com/vi/BS7rgh1SQec/hq720.jpg?sqp=-oaymwEcCNAFEJQDSFXyq4qpAw4IARUAAIhCGAFwAcABBg==&rs=AOn4CLCnclVXp-Z9D1dVJxyeoyBXDfUrUQ,video,,,,,عام / متنوع,,0.0,,,,,pending,,,,
_yjTTi0XKis,[79] اهمية حرية التعبير والافكار,https://www.youtube.com/watch?v=_yjTTi0XKis,of_science_and_superstition,1044,17:24,13000,2026-09-10T01:22:13,UCGbERG1PdZe8qxWQg5QttWA,بين العلم و الخرافة  Of Science and Superstition - Videos,https://i.ytimg.com/vi/_yjTTi0XKis/hqdefault.jpg?sqp=-oaymwEcCOADEI4CSFXyq4qpAw4IARUAAIhCGAFwAcABBg==&rs=AOn4CLCiwK1FDCKs93WsMERT6oFJSVnzMQ,video,,,,,عام / متنوع,,0.0,,,,,pending,,,,
Usfd8p78MgA,[78] ما هو السحر  ولماذا نؤمن بتأثيره ؟,https://www.youtube.com/watch?v=Usfd8p78MgA,of_science_and_superstition,1185,19:45,115000,2026-09-10T01:22:13,UCGbERG1PdZe8qxWQg5QttWA,بين العلم و الخرافة  Of Science and Superstition - Videos,https://i.ytimg.com/vi/Usfd8p78MgA/hqdefault.jpg?sqp=-oaymwEcCOADEI4CSFXyq4qpAw4IARUAAIhCGAFwAcABBg==&rs=AOn4CLAdzTQtrq6Aiggs6YyU_tS4DXU1iQ,video,,,,,عام / متنوع,,0.0,,,,,pending,,,,
vHjCIDbQpIg,[77] اهمية الفائدة او الربا في الاقتصاد الرأسمالي,https://www.youtube.com/watch?v=vHjCIDbQpIg,of_science_and_superstition,1222,20:22,8000,2026-09-10T01:22:13,UCGbERG1PdZe8qxWQg5QttWA,بين العلم و الخرافة  Of Science and Superstition - Videos,https://i.ytimg.com/vi/vHjCIDbQpIg/hqdefault.jpg?sqp=-oaymwEcCOADEI4CSFXyq4qpAw4IARUAAIhCGAFwAcABBg==&rs=AOn4CLB41SShsBJ8dwlSMzz9lWbV08SaUg,video,,,,,عام / متنوع,,0.0,,,,,pending,,,,
9g-z13rVecI,[76] الختان في التاريخ والعلم,https://www.youtube.com/watch?v=9g-z13rVecI,of_science_and_superstition,872,14:32,18000,2026-09-10T01:22:13,UCGbERG1PdZe8qxWQg5QttWA,بين العلم و الخرافة  Of Science and Superstition - Videos,https://i.ytimg.com/vi/9g-z13rVecI/hqdefault.jpg?sqp=-oaymwEcCOADEI4CSFXyq4qpAw4IARUAAIhCGAFwAcABBg==&rs=AOn4CLDZTw44Jz2rfNO-WhNGA1pTFa-uNQ,video,,,,,عام / متنوع,,0.0,,,,,pending,,,,
ZYd7leCqYyA,[75] لماذا يتحول الانسان الى نباتي,https://www.youtube.com/watch?v=ZYd7leCqYyA,of_science_and_superstition,901,15:01,10000,2026-09-10T01:22:13,UCGbERG1PdZe8qxWQg5QttWA,بين العلم و الخرافة  Of Science and Superstition - Videos,https://i.ytimg.com/vi/ZYd7leCqYyA/hqdefault.jpg?sqp=-oaymwEcCOADEI4CSFXyq4qpAw4IARUAAIhCGAFwAcABBg==&rs=AOn4CLCCOwBvjHoqXpEjVaMRrKjPF2KyNA,video,,,,,عام / متنوع,,0.0,,,,,pending,,,,
Du8A6ymTI-0,[74] Reading Comments - 2,https://www.youtube.com/watch?v=Du8A6ymTI-0,of_science_and_superstition,1415,23:35,3100,2026-09-10T01:22:13,UCGbERG1PdZe8qxWQg5QttWA,بين العلم و الخرافة  Of Science and Superstition - Videos,https://i.ytimg.com/vi/Du8A6ymTI-0/hq720.jpg?sqp=-oaymwEcCNAFEJQDSFXyq4qpAw4IARUAAIhCGAFwAcABBg==&rs=AOn4CLC_p8UlmJsiiXm_xIeafMGav4jaqQ,video,,,,,عام / متنوع,,0.0,,,,,pending,,,,
9L49KF2wHVA,[73] اعراض مرض الكآبة,https://www.youtube.com/watch?v=9L49KF2wHVA,of_science_and_superstition,1027,17:07,60000,2026-09-10T01:22:13,UCGbERG1PdZe8qxWQg5QttWA,بين العلم و الخرافة  Of Science and Superstition - Videos,https://i.ytimg.com/vi/9L49KF2wHVA/hq720.jpg?sqp=-oaymwEcCNAFEJQDSFXyq4qpAw4IARUAAIhCGAFwAcABBg==&rs=AOn4CLA2QiEE-PMBlMdSUf7H8Aq-wtphtQ,video,,,,,عام / متنوع,,0.0,,,,,pending,,,,
yK-GAPX8_fw,[72] ثقافة لوم الآخر -  الحكام الخونة,https://www.youtube.com/watch?v=yK-GAPX8_fw,of_science_and_superstition,1063,17:43,5700,2026-09-10T01:22:13,UCGbERG1PdZe8qxWQg5QttWA,بين العلم و الخرافة  Of Science and Superstition - Videos,https://i.ytimg.com/vi/yK-GAPX8_fw/hqdefault.jpg?sqp=-oaymwEcCOADEI4CSFXyq4qpAw4IARUAAIhCGAFwAcABBg==&rs=AOn4CLBrfys2h7GYaH02axCX_l2Tvi-ORg,video,,,,,عام / متنوع,,0.0,,,,,pending,,,,
OnYvm7iAo_4,[71] قصة الخلق كما يرويها العلم,https://www.youtube.com/watch?v=OnYvm7iAo_4,of_science_and_superstition,1444,24:04,121000,2026-09-10T01:22:13,UCGbERG1PdZe8qxWQg5QttWA,بين العلم و الخرافة  Of Science and Superstition - Videos,https://i.ytimg.com/vi/OnYvm7iAo_4/hqdefault.jpg?sqp=-oaymwEcCOADEI4CSFXyq4qpAw4IARUAAIhCGAFwAcABBg==&rs=AOn4CLDkVwY7ixEpIwa0Tcem7LDxV9N6hg,video,,,,,عام / متنوع,,0.0,,,,,pending,,,,
eSEp6avb71k,[70] اعلام الحضارة الامازيغية - ابن خلدون,https://www.youtube.com/watch?v=eSEp6avb71k,of_science_and_superstition,1620,27:00,8000,2026-09-10T01:22:13,UCGbERG1PdZe8qxWQg5QttWA,بين العلم و الخرافة  Of Science and Superstition - Videos,https://i.ytimg.com/vi/eSEp6avb71k/hq720.jpg?sqp=-oaymwEcCNAFEJQDSFXyq4qpAw4IARUAAIhCGAFwAcABBg==&rs=AOn4CLASE2I-k0MBFNlumf9aswJ4YcdKxA,video,,,,,عام / متنوع,,0.0,,,,,pending,,,,
Bekagw0mhP8,[69] الموسيقى : تاريخها وتأثيرها,https://www.youtube.com/watch?v=Bekagw0mhP8,of_science_and_superstition,1894,31:34,28000,2026-09-10T01:22:13,UCGbERG1PdZe8qxWQg5QttWA,بين العلم و الخرافة  Of Science and Superstition - Videos,https://i.ytimg.com/vi/Bekagw0mhP8/hqdefault.jpg?sqp=-oaymwEcCOADEI4CSFXyq4qpAw4IARUAAIhCGAFwAcABBg==&rs=AOn4CLCAbDxyJ_1EIq6ZztMX-xEHRvGbGA,video,,,,,عام / متنوع,,0.0,,,,,pending,,,,
mw8mt2sQFuY,[68] افضل الافلام التي اثرت في تفكيري,https://www.youtube.com/watch?v=mw8mt2sQFuY,of_science_and_superstition,1574,26:14,49000,2026-09-10T01:22:13,UCGbERG1PdZe8qxWQg5QttWA,بين العلم و الخرافة  Of Science and Superstition - Videos,https://i.ytimg.com/vi/mw8mt2sQFuY/hq720.jpg?sqp=-oaymwEcCNAFEJQDSFXyq4qpAw4IARUAAIhCGAFwAcABBg==&rs=AOn4CLA-Opm9GXR85XVWnNoQzQnHtHg-Zw,video,,,,,عام / متنوع,,0.0,,,,,pending,,,,
4RIA6eh8cGg,[67] طقوس دفن الموتى في التاريخ,https://www.youtube.com/watch?v=4RIA6eh8cGg,of_science_and_superstition,1464,24:24,14000,2026-09-10T01:22:13,UCGbERG1PdZe8qxWQg5QttWA,بين العلم و الخرافة  Of Science and Superstition - Videos,https://i.ytimg.com/vi/4RIA6eh8cGg/hqdefault.jpg?sqp=-oaymwEcCOADEI4CSFXyq4qpAw4IARUAAIhCGAFwAcABBg==&rs=AOn4CLDbzqVeZHeG8vLfTJouE9cX_5Wp3A,video,,,,,عام / متنوع,,0.0,,,,,pending,,,,
hyGqyaHpoDo,[66] افضل الكتب العلمية والتاريخية التي اثرت في تفكيري - 2,https://www.youtube.com/watch?v=hyGqyaHpoDo,of_science_and_superstition,1417,23:37,10000,2026-09-10T01:22:13,UCGbERG1PdZe8qxWQg5QttWA,بين العلم و الخرافة  Of Science and Superstition - Videos,https://i.ytimg.com/vi/hyGqyaHpoDo/hq720.jpg?sqp=-oaymwEcCNAFEJQDSFXyq4qpAw4IARUAAIhCGAFwAcABBg==&rs=AOn4CLBFbw6jfIBsGPzDg1v2D3Fe08TAmQ,video,,,,,عام / متنوع,,0.0,,,,,pending,,,,
9fm19ane8Zc,[65] افضل الكتب العلمية والتاريخية التي اثرت في تفكيري - 1,https://www.youtube.com/watch?v=9fm19ane8Zc,of_science_and_superstition,1231,20:31,25000,2026-09-10T01:22:13,UCGbERG1PdZe8qxWQg5QttWA,بين العلم و الخرافة  Of Science and Superstition - Videos,https://i.ytimg.com/vi/9fm19ane8Zc/hq720.jpg?sqp=-oaymwEcCNAFEJQDSFXyq4qpAw4IARUAAIhCGAFwAcABBg==&rs=AOn4CLDdZkMAy2XsvENcQLuhOUosjAyRDg,video,,,,,عام / متنوع,,0.0,,,,,pending,,,,
ncOzRlV27Vk,[64] العادة السرية  في  التاريخ والعلم,https://www.youtube.com/watch?v=ncOzRlV27Vk,of_science_and_superstition,1260,21:00,125000,2026-09-10T01:22:13,UCGbERG1PdZe8qxWQg5QttWA,بين العلم و الخرافة  Of Science and Superstition - Videos,https://i.ytimg.com/vi/ncOzRlV27Vk/hqdefault.jpg?sqp=-oaymwEcCOADEI4CSFXyq4qpAw4IARUAAIhCGAFwAcABBg==&rs=AOn4CLCQOLK_Abav_E54btFca9XkfhL-bw,video,,,,,عام / متنوع,,0.0,,,,,pending,,,,
TdQHU0ORc2c,[63] افضل الروايات الادبية التي اثرت في تفكيري - 2,https://www.youtube.com/watch?v=TdQHU0ORc2c,of_science_and_superstition,1655,27:35,6000,2026-09-10T01:22:13,UCGbERG1PdZe8qxWQg5QttWA,بين العلم و الخرافة  Of Science and Superstition - Videos,https://i.ytimg.com/vi/TdQHU0ORc2c/hq720.jpg?sqp=-oaymwEcCNAFEJQDSFXyq4qpAw4IARUAAIhCGAFwAcABBg==&rs=AOn4CLC84N14HxuuHbJK6zSOb3ED0LPmdQ,video,,,,,عام / متنوع,,0.0,,,,,pending,,,,
UAPfEbPIaKg,[62] الصوم  في  التاريخ والعلم,https://www.youtube.com/watch?v=UAPfEbPIaKg,of_science_and_superstition,943,15:43,12000,2026-09-10T01:22:13,UCGbERG1PdZe8qxWQg5QttWA,بين العلم و الخرافة  Of Science and Superstition - Videos,https://i.ytimg.com/vi/UAPfEbPIaKg/hqdefault.jpg?sqp=-oaymwEcCOADEI4CSFXyq4qpAw4IARUAAIhCGAFwAcABBg==&rs=AOn4CLBsZA7b4zgn0sgifiqib66GiWYiRw,video,,,,,عام / متنوع,,0.0,,,,,pending,,,,
V8QltOZoclM,[61] اعلام الحضارة الفارسية - الخوارزمي,https://www.youtube.com/watch?v=V8QltOZoclM,of_science_and_superstition,912,15:12,3000,2026-09-10T01:22:13,UCGbERG1PdZe8qxWQg5QttWA,بين العلم و الخرافة  Of Science and Superstition - Videos,https://i.ytimg.com/vi/V8QltOZoclM/hq720.jpg?sqp=-oaymwEcCNAFEJQDSFXyq4qpAw4IARUAAIhCGAFwAcABBg==&rs=AOn4CLAi8Eh5i5eYhdEvbpw6-DLB-RYSbQ,video,,,,,عام / متنوع,,0.0,,,,,pending,,,,
Q23r2o0GZc8,[60] افضل الروايات الادبية التي اثرت في تفكيري - 1,https://www.youtube.com/watch?v=Q23r2o0GZc8,of_science_and_superstition,1695,28:15,20000,2026-09-10T01:22:13,UCGbERG1PdZe8qxWQg5QttWA,بين العلم و الخرافة  Of Science and Superstition - Videos,https://i.ytimg.com/vi/Q23r2o0GZc8/hq720.jpg?sqp=-oaymwEcCNAFEJQDSFXyq4qpAw4IARUAAIhCGAFwAcABBg==&rs=AOn4CLD5KlSgdO2QjWGXp0NH4EnYXUgBqQ,video,,,,,عام / متنوع,,0.0,,,,,pending,,,,
zKI1chUjEhM,[59] اعلام الحضارة الامازيغية - ابن رشد,https://www.youtube.com/watch?v=zKI1chUjEhM,of_science_and_superstition,1354,22:34,5900,2026-09-10T01:22:13,UCGbERG1PdZe8qxWQg5QttWA,بين العلم و الخرافة  Of Science and Superstition - Videos,https://i.ytimg.com/vi/zKI1chUjEhM/hq720.jpg?sqp=-oaymwEcCNAFEJQDSFXyq4qpAw4IARUAAIhCGAFwAcABBg==&rs=AOn4CLDDFWeVx2OaiS0eiQ3cS_WMJJQdzQ,video,,,,,عام / متنوع,,0.0,,,,,pending,,,,
VCPI9Sk_o6E,[58] اهمية تعليم الجنس للمراهقين,https://www.youtube.com/watch?v=VCPI9Sk_o6E,of_science_and_superstition,975,16:15,19000,2026-09-10T01:22:13,UCGbERG1PdZe8qxWQg5QttWA,بين العلم و الخرافة  Of Science and Superstition - Videos,https://i.ytimg.com/vi/VCPI9Sk_o6E/hqdefault.jpg?sqp=-oaymwEcCOADEI4CSFXyq4qpAw4IARUAAIhCGAFwAcABBg==&rs=AOn4CLABzBC9J5doQTJfzUe87kpRMKSMZw,video,,,,,عام / متنوع,,0.0,,,,,pending,,,,
5lgcAZvDm-U,[57] هل نستطيع ان نتغلب على الموت؟,https://www.youtube.com/watch?v=5lgcAZvDm-U,of_science_and_superstition,1473,24:33,59000,2026-09-10T01:22:13,UCGbERG1PdZe8qxWQg5QttWA,بين العلم و الخرافة  Of Science and Superstition - Videos,https://i.ytimg.com/vi/5lgcAZvDm-U/hqdefault.jpg?sqp=-oaymwEcCOADEI4CSFXyq4qpAw4IARUAAIhCGAFwAcABBg==&rs=AOn4CLAM8VxMwWkh0YCaaMPJpNlztDx0IQ,video,,,,,عام / متنوع,,0.0,,,,,pending,,,,
ie530uPEEF0,[56] اكبر الحروب  في التاريخ الحديث واسبابها -2,https://www.youtube.com/watch?v=ie530uPEEF0,of_science_and_superstition,927,15:27,3600,2026-09-10T01:22:13,UCGbERG1PdZe8qxWQg5QttWA,بين العلم و الخرافة  Of Science and Superstition - Videos,https://i.ytimg.com/vi/ie530uPEEF0/hq720.jpg?sqp=-oaymwEcCNAFEJQDSFXyq4qpAw4IARUAAIhCGAFwAcABBg==&rs=AOn4CLCYZ9iWrexaeN8wt4MvmyvDDajmUw,video,,,,,عام / متنوع,,0.0,,,,,pending,,,,
KwbnJo43Ycw,[55] اكبر الحروب  في التاريخ الحديث واسبابها -1,https://www.youtube.com/watch?v=KwbnJo43Ycw,of_science_and_superstition,1400,23:20,7900,2026-09-10T01:22:13,UCGbERG1PdZe8qxWQg5QttWA,بين العلم و الخرافة  Of Science and Superstition - Videos,https://i.ytimg.com/vi/KwbnJo43Ycw/hq720.jpg?sqp=-oaymwEcCNAFEJQDSFXyq4qpAw4IARUAAIhCGAFwAcABBg==&rs=AOn4CLB41RUHT0-7-oaMqULU13Wx4Y38Bw,video,,,,,عام / متنوع,,0.0,,,,,pending,,,,
1n2n2eT2SQs,[54] الرأسمالية والاشتراكية المساوئ والمحاسن,https://www.youtube.com/watch?v=1n2n2eT2SQs,of_science_and_superstition,1813,30:13,87000,2026-09-10T01:22:13,UCGbERG1PdZe8qxWQg5QttWA,بين العلم و الخرافة  Of Science and Superstition - Videos,https://i.ytimg.com/vi/1n2n2eT2SQs/hqdefault.jpg?sqp=-oaymwEcCOADEI4CSFXyq4qpAw4IARUAAIhCGAFwAcABBg==&rs=AOn4CLAWZGXtYGsKDZBS2puo3JjFY8YrdA,video,,,,,عام / متنوع,,0.0,,,,,pending,,,,
uE2kl7zlmGQ,[53] الافكار المثالية و فشل التطبيق على الواقع,https://www.youtube.com/watch?v=uE2kl7zlmGQ,of_science_and_superstition,987,16:27,17000,2026-09-10T01:22:13,UCGbERG1PdZe8qxWQg5QttWA,بين العلم و الخرافة  Of Science and Superstition - Videos,https://i.ytimg.com/vi/uE2kl7zlmGQ/hqdefault.jpg?sqp=-oaymwEcCOADEI4CSFXyq4qpAw4IARUAAIhCGAFwAcABBg==&rs=AOn4CLAcaHt6oLtE1gh_auSxLo6R1gQHYQ,video,,,,,عام / متنوع,,0.0,,,,,pending,,,,
8H-mPBejKJ4,[52] ادلة التطور في  الانسان,https://www.youtube.com/watch?v=8H-mPBejKJ4,of_science_and_superstition,1466,24:26,59000,2026-09-10T01:22:13,UCGbERG1PdZe8qxWQg5QttWA,بين العلم و الخرافة  Of Science and Superstition - Videos,https://i.ytimg.com/vi/8H-mPBejKJ4/hqdefault.jpg?sqp=-oaymwEcCOADEI4CSFXyq4qpAw4IARUAAIhCGAFwAcABBg==&rs=AOn4CLD_0uQULZPbuF43kofYxvbsFBBMXw,video,,,,,عام / متنوع,,0.0,,,,,pending,,,,
eZeDRUWJdwQ,[51] هل القلب هو مركر التفكير والشعور؟,https://www.youtube.com/watch?v=eZeDRUWJdwQ,of_science_and_superstition,1012,16:52,18000,2026-09-10T01:22:13,UCGbERG1PdZe8qxWQg5QttWA,بين العلم و الخرافة  Of Science and Superstition - Videos,https://i.ytimg.com/vi/eZeDRUWJdwQ/hqdefault.jpg?sqp=-oaymwEcCOADEI4CSFXyq4qpAw4IARUAAIhCGAFwAcABBg==&rs=AOn4CLAHgQmqyt3Ein0yWhQv9NjapGHGZw,video,,,,,عام / متنوع,,0.0,,,,,pending,,,,
D0yUazT2UFU,[50] الافلام الجنسية والحرية الجنسية وتأثيرها على المجتمع,https://www.youtube.com/watch?v=D0yUazT2UFU,of_science_and_superstition,1522,25:22,27000,2026-09-10T01:22:13,UCGbERG1PdZe8qxWQg5QttWA,بين العلم و الخرافة  Of Science and Superstition - Videos,https://i.ytimg.com/vi/D0yUazT2UFU/hqdefault.jpg?sqp=-oaymwEcCOADEI4CSFXyq4qpAw4IARUAAIhCGAFwAcABBg==&rs=AOn4CLA03QUK-Y6PD7DkSijBTO4e2hga0Q,video,,,,,عام / متنوع,,0.0,,,,,pending,,,,
ef1em2GSif0,[49] العقل الباطن - كيف يؤثر على الشخصية؟,https://www.youtube.com/watch?v=ef1em2GSif0,of_science_and_superstition,1404,23:24,82000,2026-09-10T01:22:13,UCGbERG1PdZe8qxWQg5QttWA,بين العلم و الخرافة  Of Science and Superstition - Videos,https://i.ytimg.com/vi/ef1em2GSif0/hqdefault.jpg?sqp=-oaymwEcCOADEI4CSFXyq4qpAw4IARUAAIhCGAFwAcABBg==&rs=AOn4CLBQrjmOrlK4dg9Ih_4lTBBxotcuAw,video,,,,,عام / متنوع,,0.0,,,,,pending,,,,
G_gdp-WzNsA,[48] لماذا نسب ونشتم؟ الاسباب الاجتماعية,https://www.youtube.com/watch?v=G_gdp-WzNsA,of_science_and_superstition,1049,17:29,6100,2026-09-10T01:22:13,UCGbERG1PdZe8qxWQg5QttWA,بين العلم و الخرافة  Of Science and Superstition - Videos,https://i.ytimg.com/vi/G_gdp-WzNsA/hqdefault.jpg?sqp=-oaymwEcCOADEI4CSFXyq4qpAw4IARUAAIhCGAFwAcABBg==&rs=AOn4CLAvCon2FMHpGvXUrJBF1tUTWWqYqw,video,,,,,عام / متنوع,,0.0,,,,,pending,,,,
oSZeqjYI5mA,[47] ما هي الروح ؟ - التفسير العلمي,https://www.youtube.com/watch?v=oSZeqjYI5mA,of_science_and_superstition,1438,23:58,67000,2026-09-10T01:22:13,UCGbERG1PdZe8qxWQg5QttWA,بين العلم و الخرافة  Of Science and Superstition - Videos,https://i.ytimg.com/vi/oSZeqjYI5mA/hq720.jpg?sqp=-oaymwEcCNAFEJQDSFXyq4qpAw4IARUAAIhCGAFwAcABBg==&rs=AOn4CLCqfJHruNeekS4AqALD1UosuXA6pw,video,,,,,عام / متنوع,,0.0,,,,,pending,,,,
172VfAafn-o,[46] ما هي الروح ؟ -1- تطور الروح في التاريخ,https://www.youtube.com/watch?v=172VfAafn-o,of_science_and_superstition,1557,25:57,76000,2026-09-10T01:22:13,UCGbERG1PdZe8qxWQg5QttWA,بين العلم و الخرافة  Of Science and Superstition - Videos,https://i.ytimg.com/vi/172VfAafn-o/hq720.jpg?sqp=-oaymwEcCNAFEJQDSFXyq4qpAw4IARUAAIhCGAFwAcABBg==&rs=AOn4CLB_MGT9M5EcN5U0c6udoYF3TZ1ylg,video,,,,,عام / متنوع,,0.0,,,,,pending,,,,
6NO6duYLFFI,[45] اللقاء في قناة جسور .. 405 . اهمية العلماء و تاثيرهم على الحياة اليومية لكل انسان,https://www.youtube.com/watch?v=6NO6duYLFFI,of_science_and_superstition,5316,1:28:36,6700,2026-09-10T01:22:13,UCGbERG1PdZe8qxWQg5QttWA,بين العلم و الخرافة  Of Science and Superstition - Videos,https://i.ytimg.com/vi/6NO6duYLFFI/hq720.jpg?sqp=-oaymwEcCNAFEJQDSFXyq4qpAw4IARUAAIhCGAFwAcABBg==&rs=AOn4CLAwv2BCK1-ySHImKcKZG4VObVgpBw,video,,,,,عام / متنوع,,0.0,,,,,pending,,,,
gBPLOSxrNcY,[44] الحظ والحسد بين العلم والخرافة,https://www.youtube.com/watch?v=gBPLOSxrNcY,of_science_and_superstition,1745,29:05,52000,2026-09-10T01:22:13,UCGbERG1PdZe8qxWQg5QttWA,بين العلم و الخرافة  Of Science and Superstition - Videos,https://i.ytimg.com/vi/gBPLOSxrNcY/hqdefault.jpg?sqp=-oaymwEcCOADEI4CSFXyq4qpAw4IARUAAIhCGAFwAcABBg==&rs=AOn4CLCcWEDllla371-ohkszQkH8ejD6VA,video,,,,,عام / متنوع,,0.0,,,,,pending,,,,
SVGqxj2N3MY,[43] لماذا تطور الدين؟   -4-   الخلاصة، لماذا بقي الدين؟,https://www.youtube.com/watch?v=SVGqxj2N3MY,of_science_and_superstition,1308,21:48,17000,2026-09-10T01:22:13,UCGbERG1PdZe8qxWQg5QttWA,بين العلم و الخرافة  Of Science and Superstition - Videos,https://i.ytimg.com/vi/SVGqxj2N3MY/hq720.jpg?sqp=-oaymwEcCNAFEJQDSFXyq4qpAw4IARUAAIhCGAFwAcABBg==&rs=AOn4CLBOH7iBQ5iTtfRAc-Fw38bsc9dEfQ,video,,,,,عام / متنوع,,0.0,,,,,pending,,,,
WhyIKIO8iT0,[42] لماذا تطور الدين؟  -3-  تطور الافكار والجينات الاجتماعية,https://www.youtube.com/watch?v=WhyIKIO8iT0,of_science_and_superstition,1473,24:33,14000,2026-09-10T01:22:13,UCGbERG1PdZe8qxWQg5QttWA,بين العلم و الخرافة  Of Science and Superstition - Videos,https://i.ytimg.com/vi/WhyIKIO8iT0/hq720.jpg?sqp=-oaymwEcCNAFEJQDSFXyq4qpAw4IARUAAIhCGAFwAcABBg==&rs=AOn4CLA47Nujfkhby3Y1i7tnznEPigShIQ,video,,,,,عام / متنوع,,0.0,,,,,pending,,,,
B5Mh-vnjg00,[41] لماذا تطور الدين؟  -2-  طرق التأثير على الدماغ,https://www.youtube.com/watch?v=B5Mh-vnjg00,of_science_and_superstition,1150,19:10,21000,2026-09-10T01:22:13,UCGbERG1PdZe8qxWQg5QttWA,بين العلم و الخرافة  Of Science and Superstition - Videos,https://i.ytimg.com/vi/B5Mh-vnjg00/hq720.jpg?sqp=-oaymwEcCNAFEJQDSFXyq4qpAw4IARUAAIhCGAFwAcABBg==&rs=AOn4CLBkcBegShG3waCtOdpwu-MsK3foPg,video,,,,,عام / متنوع,,0.0,,,,,pending,,,,
77iKx2j1GJ8,[40] لماذا تطور الدين؟ -1- تطور التفكير في الدماغ,https://www.youtube.com/watch?v=77iKx2j1GJ8,of_science_and_superstition,1817,30:17,66000,2026-09-10T01:22:13,UCGbERG1PdZe8qxWQg5QttWA,بين العلم و الخرافة  Of Science and Superstition - Videos,https://i.ytimg.com/vi/77iKx2j1GJ8/hq720.jpg?sqp=-oaymwEcCNAFEJQDSFXyq4qpAw4IARUAAIhCGAFwAcABBg==&rs=AOn4CLBTt1pUgADIjc563th-ieLaxqBEoA,video,,,,,عام / متنوع,,0.0,,,,,pending,,,,
A6W8engB5n4,[39] المثلية الجنسية في التاريخ والعلم,https://www.youtube.com/watch?v=A6W8engB5n4,of_science_and_superstition,1829,30:29,87000,2026-09-10T01:22:13,UCGbERG1PdZe8qxWQg5QttWA,بين العلم و الخرافة  Of Science and Superstition - Videos,https://i.ytimg.com/vi/A6W8engB5n4/hqdefault.jpg?sqp=-oaymwEcCOADEI4CSFXyq4qpAw4IARUAAIhCGAFwAcABBg==&rs=AOn4CLBszGaHf1Oc8PFy4E1NYbTlVC3vdg,video,,,,,عام / متنوع,,0.0,,,,,pending,,,,
QSOVp9KBEJ0,[38] ما هي الاحلام ولماذا تحدث؟,https://www.youtube.com/watch?v=QSOVp9KBEJ0,of_science_and_superstition,1691,28:11,113000,2026-09-10T01:22:13,UCGbERG1PdZe8qxWQg5QttWA,بين العلم و الخرافة  Of Science and Superstition - Videos,https://i.ytimg.com/vi/QSOVp9KBEJ0/hqdefault.jpg?sqp=-oaymwEcCOADEI4CSFXyq4qpAw4IARUAAIhCGAFwAcABBg==&rs=AOn4CLAiR1KzMc9nakmPoq4cKfBRT1cYog,video,,,,,عام / متنوع,,0.0,,,,,pending,,,,
9VyGA6UA2QU,[37] كيميائية الدماغ وتأثيرها على سلوك الانسان - 7 - سيروتونين: هرمون الكأبة,https://www.youtube.com/watch?v=9VyGA6UA2QU,of_science_and_superstition,909,15:09,160000,2026-09-10T01:22:13,UCGbERG1PdZe8qxWQg5QttWA,بين العلم و الخرافة  Of Science and Superstition - Videos,https://i.ytimg.com/vi/9VyGA6UA2QU/hq720.jpg?sqp=-oaymwEcCNAFEJQDSFXyq4qpAw4IARUAAIhCGAFwAcABBg==&rs=AOn4CLDhaFVFbrodeaIlqC_xhypWIpnlpw,video,,,,,عام / متنوع,,0.0,,,,,pending,,,,
w1nu_JZR_hU,[36] كيميائية الدماغ وتأثيرها على سلوك الانسان - 6 - استروجين: هرمون الحياة,https://www.youtube.com/watch?v=w1nu_JZR_hU,of_science_and_superstition,506,8:26,12000,2026-09-10T01:22:13,UCGbERG1PdZe8qxWQg5QttWA,بين العلم و الخرافة  Of Science and Superstition - Videos,https://i.ytimg.com/vi/w1nu_JZR_hU/hq720.jpg?sqp=-oaymwEcCNAFEJQDSFXyq4qpAw4IARUAAIhCGAFwAcABBg==&rs=AOn4CLDfTgTIHf7NKTufSAGyLNmwTDnFCg,video,,,,,عام / متنوع,,0.0,,,,,pending,,,,
RTLQo1bFcWY,[35] كيميائية الدماغ وتأثيرها على سلوك الانسان - 5 - اوكسيتوسين: هرمون العاطفة,https://www.youtube.com/watch?v=RTLQo1bFcWY,of_science_and_superstition,800,13:20,26000,2026-09-10T01:22:13,UCGbERG1PdZe8qxWQg5QttWA,بين العلم و الخرافة  Of Science and Superstition - Videos,https://i.ytimg.com/vi/RTLQo1bFcWY/hq720.jpg?sqp=-oaymwEcCNAFEJQDSFXyq4qpAw4IARUAAIhCGAFwAcABBg==&rs=AOn4CLBKw3UmKpA2TEFAHDYk_uOJENBUsw,video,,,,,عام / متنوع,,0.0,,,,,pending,,,,
JChiuOoOlp0,[34] Brain Chemistry and Its Effect on Human Behavior - 4 - Testosterone: The Hormone of Sex and ...,https://www.youtube.com/watch?v=JChiuOoOlp0,of_science_and_superstition,771,12:51,26000,2026-09-10T01:22:13,UCGbERG1PdZe8qxWQg5QttWA,بين العلم و الخرافة  Of Science and Superstition - Videos,https://i.ytimg.com/vi/JChiuOoOlp0/hq720.jpg?sqp=-oaymwEcCNAFEJQDSFXyq4qpAw4IARUAAIhCGAFwAcABBg==&rs=AOn4CLCQCi3984Rsr8zO9m0xJc_rtZB6Vg,video,,,,,عام / متنوع,,0.0,,,,,pending,,,,
R3l0vlPRPdE,[33] كيميائية الدماغ وتأثيرها على سلوك الانسان - 3 - الفص الامامي: مركز الوعي والتفكير,https://www.youtube.com/watch?v=R3l0vlPRPdE,of_science_and_superstition,828,13:48,63000,2026-09-10T01:22:13,UCGbERG1PdZe8qxWQg5QttWA,بين العلم و الخرافة  Of Science and Superstition - Videos,https://i.ytimg.com/vi/R3l0vlPRPdE/hq720.jpg?sqp=-oaymwEcCNAFEJQDSFXyq4qpAw4IARUAAIhCGAFwAcABBg==&rs=AOn4CLBchADC83OlH5jAaNmUoaun7kvI1Q,video,,,,,عام / متنوع,,0.0,,,,,pending,,,,
EcKfs54Eabw,[32] كيميائية الدماغ وتأثيرها على سلوك الانسان - 2 - اميكدالا - كيمياء الخوف ، العنف و الالم,https://www.youtube.com/watch?v=EcKfs54Eabw,of_science_and_superstition,678,11:18,66000,2026-09-10T01:22:13,UCGbERG1PdZe8qxWQg5QttWA,بين العلم و الخرافة  Of Science and Superstition - Videos,https://i.ytimg.com/vi/EcKfs54Eabw/hq720.jpg?sqp=-oaymwEcCNAFEJQDSFXyq4qpAw4IARUAAIhCGAFwAcABBg==&rs=AOn4CLBm_tE3kCdbMmbrHSXJMpPBuacHpg,video,,,,,عام / متنوع,,0.0,,,,,pending,,,,
HUTmFvkFFbI,[31] كيميائية الدماغ وتأثيرها على سلوك الانسان - 1 - دوبامين ، هرمون وسوسة الشيطان,https://www.youtube.com/watch?v=HUTmFvkFFbI,of_science_and_superstition,560,9:20,392000,2026-09-10T01:22:13,UCGbERG1PdZe8qxWQg5QttWA,بين العلم و الخرافة  Of Science and Superstition - Videos,https://i.ytimg.com/vi/HUTmFvkFFbI/hq720.jpg?sqp=-oaymwEcCNAFEJQDSFXyq4qpAw4IARUAAIhCGAFwAcABBg==&rs=AOn4CLAyWljmuteFKnSATBv3lqXJoql0_w,video,,,,,عام / متنوع,,0.0,,,,,pending,,,,
qaLA4wgOPlg,[30] ثقافة المظلوم ولوم الاخر,https://www.youtube.com/watch?v=qaLA4wgOPlg,of_science_and_superstition,1273,21:13,13000,2026-09-10T01:22:13,UCGbERG1PdZe8qxWQg5QttWA,بين العلم و الخرافة  Of Science and Superstition - Videos,https://i.ytimg.com/vi/qaLA4wgOPlg/hqdefault.jpg?sqp=-oaymwEcCOADEI4CSFXyq4qpAw4IARUAAIhCGAFwAcABBg==&rs=AOn4CLArbc73LVIT_SWc3j-ddXgl7WC0Ww,video,,,,,عام / متنوع,,0.0,,,,,pending,,,,
AfXvEgu7D_w,[29] ماذا بعد الموت؟,https://www.youtube.com/watch?v=AfXvEgu7D_w,of_science_and_superstition,954,15:54,263000,2026-09-10T01:22:13,UCGbERG1PdZe8qxWQg5QttWA,بين العلم و الخرافة  Of Science and Superstition - Videos,https://i.ytimg.com/vi/AfXvEgu7D_w/hq720.jpg?sqp=-oaymwEcCNAFEJQDSFXyq4qpAw4IARUAAIhCGAFwAcABBg==&rs=AOn4CLC01aHH-3cnF0vQDSNBB2nzxI6Bkw,video,,,,,عام / متنوع,,0.0,,,,,pending,,,,
apEt7te9iwo,[28] مشكلة الارادة الحرة - مخير ام مسير؟,https://www.youtube.com/watch?v=apEt7te9iwo,of_science_and_superstition,1316,21:56,50000,2026-09-10T01:22:13,UCGbERG1PdZe8qxWQg5QttWA,بين العلم و الخرافة  Of Science and Superstition - Videos,https://i.ytimg.com/vi/apEt7te9iwo/hqdefault.jpg?sqp=-oaymwEcCOADEI4CSFXyq4qpAw4IARUAAIhCGAFwAcABBg==&rs=AOn4CLBDtdWp_VlrDLz-E_kwmDmtGl97Cg,video,,,,,عام / متنوع,,0.0,,,,,pending,,,,
3VDoIy5fMPM,[27] براهين وجود الاله في الفلسفة و تفنيدها - 4 - الاثباتات الدينية,https://www.youtube.com/watch?v=3VDoIy5fMPM,of_science_and_superstition,1138,18:58,11000,2026-09-10T01:22:13,UCGbERG1PdZe8qxWQg5QttWA,بين العلم و الخرافة  Of Science and Superstition - Videos,https://i.ytimg.com/vi/3VDoIy5fMPM/hqdefault.jpg?sqp=-oaymwEcCOADEI4CSFXyq4qpAw4IARUAAIhCGAFwAcABBg==&rs=AOn4CLDCBm0pwX39onTIIA1OWUhsJWbFBg,video,,,,,عام / متنوع,,0.0,,,,,pending,,,,
dFcrh91Fg_k,[26] براهين وجود الاله في الفلسفة و تفنيدها - 3 - الاثبات التصميمي,https://www.youtube.com/watch?v=dFcrh91Fg_k,of_science_and_superstition,1077,17:57,8700,2026-09-10T01:22:13,UCGbERG1PdZe8qxWQg5QttWA,بين العلم و الخرافة  Of Science and Superstition - Videos,https://i.ytimg.com/vi/dFcrh91Fg_k/hqdefault.jpg?sqp=-oaymwEcCOADEI4CSFXyq4qpAw4IARUAAIhCGAFwAcABBg==&rs=AOn4CLCYg2RYEEc8ZEbbejBhgUEY0Td3Zw,video,,,,,عام / متنوع,,0.0,,,,,pending,,,,
QiBcUF8dCW0,[25] براهين وجود الاله في الفلسفة و تفنيدها - 2 - الاثبات الكوني,https://www.youtube.com/watch?v=QiBcUF8dCW0,of_science_and_superstition,876,14:36,10000,2026-09-10T01:22:13,UCGbERG1PdZe8qxWQg5QttWA,بين العلم و الخرافة  Of Science and Superstition - Videos,https://i.ytimg.com/vi/QiBcUF8dCW0/hqdefault.jpg?sqp=-oaymwEcCOADEI4CSFXyq4qpAw4IARUAAIhCGAFwAcABBg==&rs=AOn4CLD1SeV1SIY63eAYC6mC8AFrIsKl6w,video,,,,,عام / متنوع,,0.0,,,,,pending,,,,
na66DqUA8ZI,[24] براهين وجود الاله في الفلسفة و تفنيدها - 1 - الاثبات الانطولوجي,https://www.youtube.com/watch?v=na66DqUA8ZI,of_science_and_superstition,1040,17:20,29000,2026-09-10T01:22:13,UCGbERG1PdZe8qxWQg5QttWA,بين العلم و الخرافة  Of Science and Superstition - Videos,https://i.ytimg.com/vi/na66DqUA8ZI/hqdefault.jpg?sqp=-oaymwEcCOADEI4CSFXyq4qpAw4IARUAAIhCGAFwAcABBg==&rs=AOn4CLANC8Hp7TvcdZk9JVQ5_RG5yDQ-uA,video,,,,,عام / متنوع,,0.0,,,,,pending,,,,
JUMHoyhrnKI,[23] قراءة للتعليقات,https://www.youtube.com/watch?v=JUMHoyhrnKI,of_science_and_superstition,1399,23:19,4900,2026-09-10T01:22:13,UCGbERG1PdZe8qxWQg5QttWA,بين العلم و الخرافة  Of Science and Superstition - Videos,https://i.ytimg.com/vi/JUMHoyhrnKI/hq720.jpg?sqp=-oaymwEcCNAFEJQDSFXyq4qpAw4IARUAAIhCGAFwAcABBg==&rs=AOn4CLAxXk_9q3hyTSCqUOvNIk4H91dOUw,video,,,,,عام / متنوع,,0.0,,,,,pending,,,,
h9MEJFReT-I,[22] تكوين الشخصية العربية/العراقية - 3,https://www.youtube.com/watch?v=h9MEJFReT-I,of_science_and_superstition,841,14:01,3700,2026-09-10T01:22:13,UCGbERG1PdZe8qxWQg5QttWA,بين العلم و الخرافة  Of Science and Superstition - Videos,https://i.ytimg.com/vi/h9MEJFReT-I/hqdefault.jpg?sqp=-oaymwEcCOADEI4CSFXyq4qpAw4IARUAAIhCGAFwAcABBg==&rs=AOn4CLByCMEkgewgTzXgKhOIW9bCvepbXA,video,,,,,عام / متنوع,,0.0,,,,,pending,,,,
AiB_uWaOVAM,[21] تكوين الشخصية العربية/العراقية - 2,https://www.youtube.com/watch?v=AiB_uWaOVAM,of_science_and_superstition,1204,20:04,5100,2026-09-10T01:22:13,UCGbERG1PdZe8qxWQg5QttWA,بين العلم و الخرافة  Of Science and Superstition - Videos,https://i.ytimg.com/vi/AiB_uWaOVAM/hqdefault.jpg?sqp=-oaymwEcCOADEI4CSFXyq4qpAw4IARUAAIhCGAFwAcABBg==&rs=AOn4CLCyzAI0_DHZPBt9I0Gt3aP8yfWP8w,video,,,,,عام / متنوع,,0.0,,,,,pending,,,,
Oi36YGccO0A,[20] تكوين الشخصية العربية/العراقية - 1,https://www.youtube.com/watch?v=Oi36YGccO0A,of_science_and_superstition,1226,20:26,10000,2026-09-10T01:22:13,UCGbERG1PdZe8qxWQg5QttWA,بين العلم و الخرافة  Of Science and Superstition - Videos,https://i.ytimg.com/vi/Oi36YGccO0A/hqdefault.jpg?sqp=-oaymwEcCOADEI4CSFXyq4qpAw4IARUAAIhCGAFwAcABBg==&rs=AOn4CLDXjva-sCNk3nKJ7Ibj8t9bcZCx_Q,video,,,,,عام / متنوع,,0.0,,,,,pending,,,,
WofKajK3Kjc,[19] ماوتسيدونج و الثورة الثقافية,https://www.youtube.com/watch?v=WofKajK3Kjc,of_science_and_superstition,1202,20:02,7800,2026-09-10T01:22:13,UCGbERG1PdZe8qxWQg5QttWA,بين العلم و الخرافة  Of Science and Superstition - Videos,https://i.ytimg.com/vi/WofKajK3Kjc/hqdefault.jpg?sqp=-oaymwEcCOADEI4CSFXyq4qpAw4IARUAAIhCGAFwAcABBg==&rs=AOn4CLDsBI-EKZHOwyjYOnFHYIUjkffegg,video,,,,,عام / متنوع,,0.0,,,,,pending,,,,
a4R3sJIZfs4,[18] الدين في الثقافة العامة,https://www.youtube.com/watch?v=a4R3sJIZfs4,of_science_and_superstition,983,16:23,15000,2026-09-10T01:22:13,UCGbERG1PdZe8qxWQg5QttWA,بين العلم و الخرافة  Of Science and Superstition - Videos,https://i.ytimg.com/vi/a4R3sJIZfs4/hqdefault.jpg?sqp=-oaymwEcCOADEI4CSFXyq4qpAw4IARUAAIhCGAFwAcABBg==&rs=AOn4CLCy35V3N2iZmK7WVDTfmiwSrfK3ww,video,,,,,عام / متنوع,,0.0,,,,,pending,,,,
WbgMmMxPBew,[17] رهان باسكال,https://www.youtube.com/watch?v=WbgMmMxPBew,of_science_and_superstition,554,9:14,23000,2026-09-10T01:22:13,UCGbERG1PdZe8qxWQg5QttWA,بين العلم و الخرافة  Of Science and Superstition - Videos,https://i.ytimg.com/vi/WbgMmMxPBew/hqdefault.jpg?sqp=-oaymwEcCOADEI4CSFXyq4qpAw4IARUAAIhCGAFwAcABBg==&rs=AOn4CLAohOrHBRum_cUtEsSHheBvHdt1bA,video,,,,,عام / متنوع,,0.0,,,,,pending,,,,
Mzv98u0QGnE,[16] التصميم الغير ذكي,https://www.youtube.com/watch?v=Mzv98u0QGnE,of_science_and_superstition,1400,23:20,46000,2026-09-10T01:22:13,UCGbERG1PdZe8qxWQg5QttWA,بين العلم و الخرافة  Of Science and Superstition - Videos,https://i.ytimg.com/vi/Mzv98u0QGnE/hqdefault.jpg?sqp=-oaymwEcCOADEI4CSFXyq4qpAw4IARUAAIhCGAFwAcABBg==&rs=AOn4CLAqStWZsRDJ1WVUNRnIyp5ybbVtYQ,video,,,,,عام / متنوع,,0.0,,,,,pending,,,,
5U90SzFDTvc,[15] فيروس الاله,https://www.youtube.com/watch?v=5U90SzFDTvc,of_science_and_superstition,758,12:38,31000,2026-09-10T01:22:13,UCGbERG1PdZe8qxWQg5QttWA,بين العلم و الخرافة  Of Science and Superstition - Videos,https://i.ytimg.com/vi/5U90SzFDTvc/hqdefault.jpg?sqp=-oaymwEcCOADEI4CSFXyq4qpAw4IARUAAIhCGAFwAcABBg==&rs=AOn4CLAUL21tGrEeaEMTNn2ByCbvORalAg,video,,,,,عام / متنوع,,0.0,,,,,pending,,,,
3wMUiktyA1A,[14] قصة الحياة - 3 - الانقراض في الماضي و المستقبل,https://www.youtube.com/watch?v=3wMUiktyA1A,of_science_and_superstition,1468,24:28,22000,2026-09-10T01:22:13,UCGbERG1PdZe8qxWQg5QttWA,بين العلم و الخرافة  Of Science and Superstition - Videos,https://i.ytimg.com/vi/3wMUiktyA1A/hqdefault.jpg?sqp=-oaymwEcCOADEI4CSFXyq4qpAw4IARUAAIhCGAFwAcABBg==&rs=AOn4CLBFxPES0OWCRbTFzUtbOYOWY0XJ0A,video,,,,,عام / متنوع,,0.0,,,,,pending,,,,
-opuwbPNuvI,[13] قصة الحياة - 2 - التطور,https://www.youtube.com/watch?v=-opuwbPNuvI,of_science_and_superstition,1425,23:45,26000,2026-09-10T01:22:13,UCGbERG1PdZe8qxWQg5QttWA,بين العلم و الخرافة  Of Science and Superstition - Videos,https://i.ytimg.com/vi/-opuwbPNuvI/hqdefault.jpg?sqp=-oaymwEcCOADEI4CSFXyq4qpAw4IARUAAIhCGAFwAcABBg==&rs=AOn4CLB4Zyv8Dg8D7cjBgtxxVYSYNX6k4Q,video,,,,,عام / متنوع,,0.0,,,,,pending,,,,
1bJXzJ12yLk,[12] قصة الحياة - ١ - نشوء البكتريا,https://www.youtube.com/watch?v=1bJXzJ12yLk,of_science_and_superstition,944,15:44,39000,2026-09-10T01:22:13,UCGbERG1PdZe8qxWQg5QttWA,بين العلم و الخرافة  Of Science and Superstition - Videos,https://i.ytimg.com/vi/1bJXzJ12yLk/hqdefault.jpg?sqp=-oaymwEcCOADEI4CSFXyq4qpAw4IARUAAIhCGAFwAcABBg==&rs=AOn4CLATZJBqu6w8ob39fHr6LVuYyAXUzA,video,,,,,عام / متنوع,,0.0,,,,,pending,,,,
09qwIYqGcx4,[11] صورة الكون في العقل,https://www.youtube.com/watch?v=09qwIYqGcx4,of_science_and_superstition,479,7:59,17000,2026-09-10T01:22:13,UCGbERG1PdZe8qxWQg5QttWA,بين العلم و الخرافة  Of Science and Superstition - Videos,https://i.ytimg.com/vi/09qwIYqGcx4/hqdefault.jpg?sqp=-oaymwEcCOADEI4CSFXyq4qpAw4IARUAAIhCGAFwAcABBg==&rs=AOn4CLBG2AgP2pYiBlCr-Rm7XNJrF6-fxg,video,,,,,عام / متنوع,,0.0,,,,,pending,,,,
Bae2FLnXKf4,[10] لماذا بقينا امم متأخرة,https://www.youtube.com/watch?v=Bae2FLnXKf4,of_science_and_superstition,743,12:23,37000,2026-09-10T01:22:13,UCGbERG1PdZe8qxWQg5QttWA,بين العلم و الخرافة  Of Science and Superstition - Videos,https://i.ytimg.com/vi/Bae2FLnXKf4/hqdefault.jpg?sqp=-oaymwEcCOADEI4CSFXyq4qpAw4IARUAAIhCGAFwAcABBg==&rs=AOn4CLA_1bHg4HlgEDENJINHpaKZudyEdw,video,,,,,عام / متنوع,,0.0,,,,,pending,,,,
Tj3AxcsdLUk,[9] رحلتي من الايمان الى الالحاد - ٥ - المشكلة الاخلاقية,https://www.youtube.com/watch?v=Tj3AxcsdLUk,of_science_and_superstition,667,11:07,40000,2026-09-10T01:22:13,UCGbERG1PdZe8qxWQg5QttWA,بين العلم و الخرافة  Of Science and Superstition - Videos,https://i.ytimg.com/vi/Tj3AxcsdLUk/hq720.jpg?sqp=-oaymwEcCNAFEJQDSFXyq4qpAw4IARUAAIhCGAFwAcABBg==&rs=AOn4CLB56LKllellc_QVf84Wh9sO8L3jiA,video,,,,,عام / متنوع,,0.0,,,,,pending,,,,
seiXSNGbVpE,[8] رحلتي من الايمان الى الالحاد - ٤ - العلم المادي,https://www.youtube.com/watch?v=seiXSNGbVpE,of_science_and_superstition,1161,19:21,53000,2026-09-10T01:22:13,UCGbERG1PdZe8qxWQg5QttWA,بين العلم و الخرافة  Of Science and Superstition - Videos,https://i.ytimg.com/vi/seiXSNGbVpE/hq720.jpg?sqp=-oaymwEcCNAFEJQDSFXyq4qpAw4IARUAAIhCGAFwAcABBg==&rs=AOn4CLCWURL0hOtXD4-vALX5C3PXiZre7Q,video,,,,,عام / متنوع,,0.0,,,,,pending,,,,
wMBE_zMVEgo,[7] رحلتي من الايمان الى الالحاد - 3 - الفلسفة,https://www.youtube.com/watch?v=wMBE_zMVEgo,of_science_and_superstition,1221,20:21,76000,2026-09-10T01:22:13,UCGbERG1PdZe8qxWQg5QttWA,بين العلم و الخرافة  Of Science and Superstition - Videos,https://i.ytimg.com/vi/wMBE_zMVEgo/hq720.jpg?sqp=-oaymwEcCNAFEJQDSFXyq4qpAw4IARUAAIhCGAFwAcABBg==&rs=AOn4CLDWlqHHassr_eb9pvIji8NC7uatVw,video,,,,,عام / متنوع,,0.0,,,,,pending,,,,
b09j8Fq1DrI,[6] رحلتي من الايمان الى الالحاد - ٢ - الشك,https://www.youtube.com/watch?v=b09j8Fq1DrI,of_science_and_superstition,1180,19:40,123000,2026-09-10T01:22:13,UCGbERG1PdZe8qxWQg5QttWA,بين العلم و الخرافة  Of Science and Superstition - Videos,https://i.ytimg.com/vi/b09j8Fq1DrI/hq720.jpg?sqp=-oaymwEcCNAFEJQDSFXyq4qpAw4IARUAAIhCGAFwAcABBg==&rs=AOn4CLB-58WiUhIy2StiK7GzuefPVF92NA,video,,,,,عام / متنوع,,0.0,,,,,pending,,,,
V4NfVokgNxk,[5] My Journey from Faith to Atheism - 1 - Childhood,https://www.youtube.com/watch?v=V4NfVokgNxk,of_science_and_superstition,907,15:07,135000,2026-09-10T01:22:13,UCGbERG1PdZe8qxWQg5QttWA,بين العلم و الخرافة  Of Science and Superstition - Videos,https://i.ytimg.com/vi/V4NfVokgNxk/hq720.jpg?sqp=-oaymwEcCNAFEJQDSFXyq4qpAw4IARUAAIhCGAFwAcABBg==&rs=AOn4CLD5Jcu1R4mhqGTqMzDcirKJRsYkgg,video,,,,,عام / متنوع,,0.0,,,,,pending,,,,
LdmYK7OqRuw,[4] اصول قصص التوراه - 4 - المملكتين في زمن كتابة التوراة,https://www.youtube.com/watch?v=LdmYK7OqRuw,of_science_and_superstition,1165,19:25,14000,2026-09-10T01:22:13,UCGbERG1PdZe8qxWQg5QttWA,بين العلم و الخرافة  Of Science and Superstition - Videos,https://i.ytimg.com/vi/LdmYK7OqRuw/hq720.jpg?sqp=-oaymwEcCNAFEJQDSFXyq4qpAw4IARUAAIhCGAFwAcABBg==&rs=AOn4CLDp7WbkQZmTUFvtw-cpobFEnepc0w,video,,,,,عام / متنوع,,0.0,,,,,pending,,,,
fmA7bFQSddY,[3] اصول قصص التوراه - 3 - غزو ارض كنعان,https://www.youtube.com/watch?v=fmA7bFQSddY,of_science_and_superstition,780,13:00,15000,2026-09-10T01:22:13,UCGbERG1PdZe8qxWQg5QttWA,بين العلم و الخرافة  Of Science and Superstition - Videos,https://i.ytimg.com/vi/fmA7bFQSddY/hq720.jpg?sqp=-oaymwEcCNAFEJQDSFXyq4qpAw4IARUAAIhCGAFwAcABBg==&rs=AOn4CLC7CGMllXYk0GRy3QF5ritQ5CxYuw,video,,,,,عام / متنوع,,0.0,,,,,pending,,,,
Y81Kf1UYJYU,[2] اصول قصص التوراه - 2 - قصة موسى,https://www.youtube.com/watch?v=Y81Kf1UYJYU,of_science_and_superstition,643,10:43,29000,2026-09-10T01:22:13,UCGbERG1PdZe8qxWQg5QttWA,بين العلم و الخرافة  Of Science and Superstition - Videos,https://i.ytimg.com/vi/Y81Kf1UYJYU/hq720.jpg?sqp=-oaymwEcCNAFEJQDSFXyq4qpAw4IARUAAIhCGAFwAcABBg==&rs=AOn4CLBUGserSCV5cdKCXjLCFzqoXFS-pA,video,,,,,عام / متنوع,,0.0,,,,,pending,,,,
CO1TIAhPcjg,[1] اصول قصص التوراه - 1 -  قصة ابراهيم ويعقوب,https://www.youtube.com/watch?v=CO1TIAhPcjg,of_science_and_superstition,729,12:09,54000,2026-09-10T01:22:13,UCGbERG1PdZe8qxWQg5QttWA,بين العلم و الخرافة  Of Science and Superstition - Videos,https://i.ytimg.com/vi/CO1TIAhPcjg/hq720.jpg?sqp=-oaymwEcCNAFEJQDSFXyq4qpAw4IARUAAIhCGAFwAcABBg==&rs=AOn4CLCrIKunmwL_tM0CQk1cuS-xOckWyw,video,,,,,عام / متنوع,,0.0,,,,,pending,,,,
1jHvxQXivYc,DJI Phantom Pro 3 - San Mateo Pacific Beach - 4,https://www.youtube.com/watch?v=1jHvxQXivYc,of_science_and_superstition,28,28,1300,2026-09-10T01:22:13,UCGbERG1PdZe8qxWQg5QttWA,بين العلم و الخرافة  Of Science and Superstition - Videos,https://i.ytimg.com/vi/1jHvxQXivYc/hq720.jpg?sqp=-oaymwEcCNAFEJQDSFXyq4qpAw4IARUAAIhCGAFwAcABBg==&rs=AOn4CLBXmzQgC_lMroxlELhpWcX5CgEoWg,short,,,,,عام / متنوع,,0.0,,,,,pending,,,,
UIvAPPA3Y8w,A testimony to Dad,https://www.youtube.com/watch?v=UIvAPPA3Y8w,of_science_and_superstition,216,3:36,4500,2026-09-10T01:22:13,UCGbERG1PdZe8qxWQg5QttWA,بين العلم و الخرافة  Of Science and Superstition - Videos,https://i.ytimg.com/vi/UIvAPPA3Y8w/hq720.jpg?sqp=-oaymwEcCNAFEJQDSFXyq4qpAw4IARUAAIhCGAFwAcABBg==&rs=AOn4CLDN8NV6DUYtFUeWsB2MrkuaK26DUw,video,,,,,عام / متنوع,,0.0,,,,,pending,,,,
EAgZ2uGelj8,Steps - خطوات,https://www.youtube.com/watch?v=EAgZ2uGelj8,of_science_and_superstition,98,1:38,2200,2026-09-10T01:22:13,UCGbERG1PdZe8qxWQg5QttWA,بين العلم و الخرافة  Of Science and Superstition - Videos,https://i.ytimg.com/vi/EAgZ2uGelj8/hqdefault.jpg?sqp=-oaymwEcCOADEI4CSFXyq4qpAw4IARUAAIhCGAFwAcABBg==&rs=AOn4CLB4lKOiDi00MLOVIVWV7mqW05g0ig,video,,,,,عام / متنوع,,0.0,,,,,pending,,,,
EDnz8P_oL48,Dudu play with Denver,https://www.youtube.com/watch?v=EDnz8P_oL48,of_science_and_superstition,44,44,826,2026-09-10T01:22:13,UCGbERG1PdZe8qxWQg5QttWA,بين العلم و الخرافة  Of Science and Superstition - Videos,https://i.ytimg.com/vi/EDnz8P_oL48/hqdefault.jpg?sqp=-oaymwE2COADEI4CSFXyq4qpAygIARUAAIhCGAFwAcABBvABAfgBtgSAAsACigIMCAAQARhlIGUoZTAP&rs=AOn4CLCGPR-5gex2LsFJSYNawtfsYTqMAA,short,,,,,عام / متنوع,,0.0,,,,,pending,,,,
_Oyee2Ib3mc,Chihuahua playing with a cat,https://www.youtube.com/watch?v=_Oyee2Ib3mc,of_science_and_superstition,119,1:59,843,2026-09-10T01:22:13,UCGbERG1PdZe8qxWQg5QttWA,بين العلم و الخرافة  Of Science and Superstition - Videos,https://i.ytimg.com/vi/_Oyee2Ib3mc/hq720.jpg?sqp=-oaymwEcCNAFEJQDSFXyq4qpAw4IARUAAIhCGAFwAcABBg==&rs=AOn4CLA4HMJz7wLn1_zIg4iX26qdc0jWtQ,video,,,,,عام / متنوع,,0.0,,,,,pending,,,,
J8Lay7FXqtU,Chihuahua Puppy don't want to potty,https://www.youtube.com/watch?v=J8Lay7FXqtU,of_science_and_superstition,115,1:55,1100,2026-09-10T01:22:13,UCGbERG1PdZe8qxWQg5QttWA,بين العلم و الخرافة  Of Science and Superstition - Videos,https://i.ytimg.com/vi/J8Lay7FXqtU/hq720.jpg?sqp=-oaymwE2CNAFEJQDSFXyq4qpAygIARUAAIhCGAFwAcABBvABAfgB_gmAAtAFigIMCAAQARhlIFooOzAP&rs=AOn4CLCK39Z2GPAYAtf4n0an4G5JaI8HnA,video,,,,,عام / متنوع,,0.0,,,,,pending,,,,
iG-MMjK-UmQ,Chihuahua puppy biting..,https://www.youtube.com/watch?v=iG-MMjK-UmQ,of_science_and_superstition,76,1:16,1300,2026-09-10T01:22:13,UCGbERG1PdZe8qxWQg5QttWA,بين العلم و الخرافة  Of Science and Superstition - Videos,https://i.ytimg.com/vi/iG-MMjK-UmQ/hq720.jpg?sqp=-oaymwE2CNAFEJQDSFXyq4qpAygIARUAAIhCGAFwAcABBvABAfgB_gmAAtAFigIMCAAQARhyIGIoPjAP&rs=AOn4CLCZEpcgW1XK7RPVzrEptzFOvU7zIw,video,,,,,عام / متنوع,,0.0,,,,,pending,,,,
wMT07oXdR_c,Chihuahua puppy,https://www.youtube.com/watch?v=wMT07oXdR_c,of_science_and_superstition,104,1:44,1800,2026-09-10T01:22:13,UCGbERG1PdZe8qxWQg5QttWA,بين العلم و الخرافة  Of Science and Superstition - Videos,https://i.ytimg.com/vi/wMT07oXdR_c/hq720.jpg?sqp=-oaymwEcCNAFEJQDSFXyq4qpAw4IARUAAIhCGAFwAcABBg==&rs=AOn4CLA30UIrpdG1rUwtkGGKPEmQFguS2w,video,,,,,عام / متنوع,,0.0,,,,,pending,,,,
FfP9vCjVk4o,Seperation Anxiety Dog,https://www.youtube.com/watch?v=FfP9vCjVk4o,of_science_and_superstition,79,1:19,5300,2026-09-10T01:22:13,UCGbERG1PdZe8qxWQg5QttWA,بين العلم و الخرافة  Of Science and Superstition - Videos,https://i.ytimg.com/vi/FfP9vCjVk4o/hqdefault.jpg?sqp=-oaymwEcCOADEI4CSFXyq4qpAw4IARUAAIhCGAFwAcABBg==&rs=AOn4CLBw_aq0-FyEZTrl5pwf4BTirxOKvw,video,,,,,عام / متنوع,,0.0,,,,,pending,,,,
ir2N4AazDEk,حوار حول موضوع اللاانجابية مع ايمان [325],https://www.youtube.com/watch?v=ir2N4AazDEk,of_science_and_superstition,3806,1:03:26,20000,2026-09-10T01:22:13,UCGbERG1PdZe8qxWQg5QttWA,بين العلم و الخرافة  Of Science and Superstition - Live,https://i.ytimg.com/vi/ir2N4AazDEk/hq720.jpg?sqp=-oaymwEcCNAFEJQDSFXyq4qpAw4IARUAAIhCGAFwAcABBg==&rs=AOn4CLD-xgOjfxCvrEUn0vUBuin8Sp-vcA,live,,was_live,,,عام / متنوع,,0.0,,,,,pending,,,,
63dGAIr0fSs,حوار حول ازدياد الفاشية الدينية مع د.هارفي زاك - الجزء 2 [324],https://www.youtube.com/watch?v=63dGAIr0fSs,of_science_and_superstition,6350,1:45:50,5900,2026-09-10T01:22:13,UCGbERG1PdZe8qxWQg5QttWA,بين العلم و الخرافة  Of Science and Superstition - Live,https://i.ytimg.com/vi/63dGAIr0fSs/hq720.jpg?sqp=-oaymwEcCNAFEJQDSFXyq4qpAw4IARUAAIhCGAFwAcABBg==&rs=AOn4CLBilovo4z78T9A_P0YzvnJEj4LkWA,live,,was_live,,,عام / متنوع,,0.0,,,,,pending,,,,
3zpRsV4J0vI,حوار حول ازدياد الفاشية الدينية مع د.هارفي زاك [321],https://www.youtube.com/watch?v=3zpRsV4J0vI,of_science_and_superstition,4940,1:22:20,6400,2026-09-10T01:22:13,UCGbERG1PdZe8qxWQg5QttWA,بين العلم و الخرافة  Of Science and Superstition - Live,https://i.ytimg.com/vi/3zpRsV4J0vI/hq720.jpg?sqp=-oaymwEcCNAFEJQDSFXyq4qpAw4IARUAAIhCGAFwAcABBg==&rs=AOn4CLANtN5wfVf8Dd4naRFf_LeE-V7uHQ,live,,was_live,,,عام / متنوع,,0.0,,,,,pending,,,,
bVQyusd55nA,تشكيل الوعي عند الإنسان وعلاقته بالأديان - حوار مع د. سامي الديب  [319],https://www.youtube.com/watch?v=bVQyusd55nA,of_science_and_superstition,6273,1:44:33,10000,2026-09-10T01:22:13,UCGbERG1PdZe8qxWQg5QttWA,بين العلم و الخرافة  Of Science and Superstition - Live,https://i.ytimg.com/vi/bVQyusd55nA/hq720.jpg?sqp=-oaymwE2CNAFEJQDSFXyq4qpAygIARUAAIhCGAFwAcABBvABAfgB_gmAAtAFigIMCAAQARhlIFQoQTAP&rs=AOn4CLDogOCmujKU0purnxfLIeY7ORhKDQ,live,,was_live,,,عام / متنوع,,0.0,,,,,pending,,,,
DnmISXUd1Vo,حوار حول تأثير الكتب الفلسفية مع ايمان  [318],https://www.youtube.com/watch?v=DnmISXUd1Vo,of_science_and_superstition,4777,1:19:37,11000,2026-09-10T01:22:13,UCGbERG1PdZe8qxWQg5QttWA,بين العلم و الخرافة  Of Science and Superstition - Live,https://i.ytimg.com/vi/DnmISXUd1Vo/hq720.jpg?sqp=-oaymwEcCNAFEJQDSFXyq4qpAw4IARUAAIhCGAFwAcABBg==&rs=AOn4CLCnfgz6w6PpaCpFHH6OwJxAmcxkNA,live,,was_live,,,عام / متنوع,,0.0,,,,,pending,,,,
FzNrVvFPbVo,تطور الحياة من البكتيريا للإنسان [317],https://www.youtube.com/watch?v=FzNrVvFPbVo,of_science_and_superstition,4680,1:18:00,15000,2026-09-10T01:22:13,UCGbERG1PdZe8qxWQg5QttWA,بين العلم و الخرافة  Of Science and Superstition - Live,https://i.ytimg.com/vi/FzNrVvFPbVo/hq720.jpg?sqp=-oaymwE2CNAFEJQDSFXyq4qpAygIARUAAIhCGAFwAcABBvABAfgB_gmAAtAFigIMCAAQARgwIDsofzAP&rs=AOn4CLDbNdjirYQHS96nUbJpT8qpZLJADg,live,,was_live,,,عام / متنوع,,0.0,,,,,pending,,,,
oACK4r6rEII,الذكاء الاصطناعي والفلسفة - هل يمكن للآلة ان تمتلك وعيا؟ [316],https://www.youtube.com/watch?v=oACK4r6rEII,of_science_and_superstition,5486,1:31:26,14000,2026-09-10T01:22:13,UCGbERG1PdZe8qxWQg5QttWA,بين العلم و الخرافة  Of Science and Superstition - Live,https://i.ytimg.com/vi/oACK4r6rEII/hq720.jpg?sqp=-oaymwEcCNAFEJQDSFXyq4qpAw4IARUAAIhCGAFwAcABBg==&rs=AOn4CLDPAUtakGw_iJFcge18cNX17CcZiA,live,,was_live,,,عام / متنوع,,0.0,,,,,pending,,,,
55_gObPBlQU,تطبيقات نظرية التطور في العلوم الاخرى [315],https://www.youtube.com/watch?v=55_gObPBlQU,of_science_and_superstition,6166,1:42:46,11000,2026-09-10T01:22:13,UCGbERG1PdZe8qxWQg5QttWA,بين العلم و الخرافة  Of Science and Superstition - Live,https://i.ytimg.com/vi/55_gObPBlQU/hq720.jpg?sqp=-oaymwEcCNAFEJQDSFXyq4qpAw4IARUAAIhCGAFwAcABBg==&rs=AOn4CLCg5Bw39NuEkyRY-5JdEh8YBiFvcQ,live,,was_live,,,عام / متنوع,,0.0,,,,,pending,,,,
JcEs8bu0xWc,هل هناك حقا فلسفة اسلامية؟ مع شادي  وكريتيكال واحمد الفارابي [312],https://www.youtube.com/watch?v=JcEs8bu0xWc,of_science_and_superstition,8419,2:20:19,7900,2026-09-10T01:22:13,UCGbERG1PdZe8qxWQg5QttWA,بين العلم و الخرافة  Of Science and Superstition - Live,https://i.ytimg.com/vi/JcEs8bu0xWc/hq720.jpg?sqp=-oaymwE2CNAFEJQDSFXyq4qpAygIARUAAIhCGAFwAcABBvABAfgB_gmAAtAFigIMCAAQARhlIEYoRDAP&rs=AOn4CLAGqlhYA5AMjDL9IexumvXvEKU-0A,live,,was_live,,,عام / متنوع,,0.0,,,,,pending,,,,
WwPb50HsUWc,لماذا فشلت الحداثة في العراق؟ حوار مع احمد الفارابي ومنصور الناصر [307],https://www.youtube.com/watch?v=WwPb50HsUWc,of_science_and_superstition,5493,1:31:33,11000,2026-09-10T01:22:13,UCGbERG1PdZe8qxWQg5QttWA,بين العلم و الخرافة  Of Science and Superstition - Live,https://i.ytimg.com/vi/WwPb50HsUWc/hq720.jpg?sqp=-oaymwEcCNAFEJQDSFXyq4qpAw4IARUAAIhCGAFwAcABBg==&rs=AOn4CLCbr0Mv_OMePFE9VFkHBBF77zSVMQ,live,,was_live,,,عام / متنوع,,0.0,,,,,pending,,,,
mCCjAKmIX94,نقاش حول حرية الارادة وكتاب مسيّر لسابولسكي مع ماريا سفر [305],https://www.youtube.com/watch?v=mCCjAKmIX94,of_science_and_superstition,5219,1:26:59,18000,2026-09-10T01:22:13,UCGbERG1PdZe8qxWQg5QttWA,بين العلم و الخرافة  Of Science and Superstition - Live,https://i.ytimg.com/vi/mCCjAKmIX94/hq720.jpg?sqp=-oaymwEcCNAFEJQDSFXyq4qpAw4IARUAAIhCGAFwAcABBg==&rs=AOn4CLBqvUx9CG7ID-1M4wu3tVBgdWwsVQ,live,,was_live,,,عام / متنوع,,0.0,,,,,pending,,,,
Frx_l0ZVnMY,"التعاطف والمصالح ,, هل يتعارضان؟ مع السيدة سهيلة [304]",https://www.youtube.com/watch?v=Frx_l0ZVnMY,of_science_and_superstition,4219,1:10:19,6900,2026-09-10T01:22:13,UCGbERG1PdZe8qxWQg5QttWA,بين العلم و الخرافة  Of Science and Superstition - Live,https://i.ytimg.com/vi/Frx_l0ZVnMY/hqdefault.jpg?sqp=-oaymwEcCOADEI4CSFXyq4qpAw4IARUAAIhCGAFwAcABBg==&rs=AOn4CLDAU9qlXaES6q2JuM_OUFaQ9BuPxg,live,,was_live,,,عام / متنوع,,0.0,,,,,pending,,,,
il0msWFDeQQ,هل اصل الإنسان قرد ؟ مع الاستاذ احمد الفارابي [303],https://www.youtube.com/watch?v=il0msWFDeQQ,of_science_and_superstition,5915,1:38:35,16000,2026-09-10T01:22:13,UCGbERG1PdZe8qxWQg5QttWA,بين العلم و الخرافة  Of Science and Superstition - Live,https://i.ytimg.com/vi/il0msWFDeQQ/hqdefault.jpg?sqp=-oaymwEcCOADEI4CSFXyq4qpAw4IARUAAIhCGAFwAcABBg==&rs=AOn4CLAyMDFFclBgoh-Z3HqNSyTInjF4Ag,live,,was_live,,,عام / متنوع,,0.0,,,,,pending,,,,
CVMzLAi6Zm4,هل كان كارل ماركس وفلسفته الشيوعية واقعية أم مثالية؟ [301],https://www.youtube.com/watch?v=CVMzLAi6Zm4,of_science_and_superstition,7757,2:09:17,9100,2026-09-10T01:22:13,UCGbERG1PdZe8qxWQg5QttWA,بين العلم و الخرافة  Of Science and Superstition - Live,https://i.ytimg.com/vi/CVMzLAi6Zm4/hqdefault.jpg?sqp=-oaymwEcCOADEI4CSFXyq4qpAw4IARUAAIhCGAFwAcABBg==&rs=AOn4CLDV2Jd99H45xDHik-R-znNDYGEPxQ,live,,was_live,,,عام / متنوع,,0.0,,,,,pending,,,,
PrtzPSiuylM,"مناقشة مع اللادينيين العراقيين - الكراهية وفكرة الاخر, هل الاختلاف نعمه ام نقمة؟ [299]",https://www.youtube.com/watch?v=PrtzPSiuylM,of_science_and_superstition,7213,2:00:13,6300,2026-09-10T01:22:13,UCGbERG1PdZe8qxWQg5QttWA,بين العلم و الخرافة  Of Science and Superstition - Live,https://i.ytimg.com/vi/PrtzPSiuylM/hqdefault.jpg?sqp=-oaymwEcCOADEI4CSFXyq4qpAw4IARUAAIhCGAFwAcABBg==&rs=AOn4CLArBCWVaV6g3HSCUbkr7-o5y-wASw,live,,was_live,,,عام / متنوع,,0.0,,,,,pending,,,,
1X1JWSMJ5rU,نقاش حول نظرية التطور مع الاستاذ احمد الفارابي [298],https://www.youtube.com/watch?v=1X1JWSMJ5rU,of_science_and_superstition,5543,1:32:23,22000,2026-09-10T01:22:13,UCGbERG1PdZe8qxWQg5QttWA,بين العلم و الخرافة  Of Science and Superstition - Live,https://i.ytimg.com/vi/1X1JWSMJ5rU/hq720.jpg?sqp=-oaymwEcCNAFEJQDSFXyq4qpAw4IARUAAIhCGAFwAcABBg==&rs=AOn4CLDa6wEh4N6mYDm4r0E3pHV-hZfhvA,live,,was_live,,,عام / متنوع,,0.0,,,,,pending,,,,
019gQ2Hd87A,مناقشة فيلم لوسي مع ماريا وشادي [297],https://www.youtube.com/watch?v=019gQ2Hd87A,of_science_and_superstition,4871,1:21:11,11000,2026-09-10T01:22:13,UCGbERG1PdZe8qxWQg5QttWA,بين العلم و الخرافة  Of Science and Superstition - Live,https://i.ytimg.com/vi/019gQ2Hd87A/hq720.jpg?sqp=-oaymwEcCNAFEJQDSFXyq4qpAw4IARUAAIhCGAFwAcABBg==&rs=AOn4CLC5LAaCooILIOTTjnwB3YCXlAyYlg,live,,was_live,,,عام / متنوع,,0.0,,,,,pending,,,,
UMk021NJhb4,ميكانيك الكم في الخلايا الحية - نقاش مع شادي خلوف [295],https://www.youtube.com/watch?v=UMk021NJhb4,of_science_and_superstition,3859,1:04:19,25000,2026-09-10T01:22:13,UCGbERG1PdZe8qxWQg5QttWA,بين العلم و الخرافة  Of Science and Superstition - Live,https://i.ytimg.com/vi/UMk021NJhb4/hq720.jpg?sqp=-oaymwEcCNAFEJQDSFXyq4qpAw4IARUAAIhCGAFwAcABBg==&rs=AOn4CLBXYFU38EObb7_o0UPMNScgSbsGLQ,live,,was_live,,,عام / متنوع,,0.0,,,,,pending,,,,
Rwzyh6Qs3vA,هل القسوة والجرائم الانسانية مبررة اذا كانت دفاع عن النفس؟ [293],https://www.youtube.com/watch?v=Rwzyh6Qs3vA,of_science_and_superstition,6047,1:40:47,11000,2026-09-10T01:22:13,UCGbERG1PdZe8qxWQg5QttWA,بين العلم و الخرافة  Of Science and Superstition - Live,https://i.ytimg.com/vi/Rwzyh6Qs3vA/hq720.jpg?sqp=-oaymwEcCNAFEJQDSFXyq4qpAw4IARUAAIhCGAFwAcABBg==&rs=AOn4CLC_Pd_x8Gdptt9ezAIyXk0jmhFnpQ,live,,was_live,,,عام / متنوع,,0.0,,,,,pending,,,,
SEFQWGjgAcg,هل العنصرية والقبلية تأتي من الجينات؟ [292],https://www.youtube.com/watch?v=SEFQWGjgAcg,of_science_and_superstition,5722,1:35:22,15000,2026-09-10T01:22:13,UCGbERG1PdZe8qxWQg5QttWA,بين العلم و الخرافة  Of Science and Superstition - Live,https://i.ytimg.com/vi/SEFQWGjgAcg/hq720.jpg?sqp=-oaymwEcCNAFEJQDSFXyq4qpAw4IARUAAIhCGAFwAcABBg==&rs=AOn4CLD1UPU1Hermk29hgd_qxkqTtN3vEg,live,,was_live,,,عام / متنوع,,0.0,,,,,pending,,,,
hUIx7pTyXnM,مناقشة لأفكار فيتغنشتاين مع كريتيكال [291],https://www.youtube.com/watch?v=hUIx7pTyXnM,of_science_and_superstition,6933,1:55:33,17000,2026-09-10T01:22:13,UCGbERG1PdZe8qxWQg5QttWA,بين العلم و الخرافة  Of Science and Superstition - Live,https://i.ytimg.com/vi/hUIx7pTyXnM/hq720.jpg?sqp=-oaymwEcCNAFEJQDSFXyq4qpAw4IARUAAIhCGAFwAcABBg==&rs=AOn4CLChqRPNvudey5QPRyHhTrPLrtGY_A,live,,was_live,,,عام / متنوع,,0.0,,,,,pending,,,,
4f2ThyiQq74,نشوء الكون - اللحظات الاولى في الانفجار العظيم [284],https://www.youtube.com/watch?v=4f2ThyiQq74,of_science_and_superstition,4109,1:08:29,25000,2026-09-10T01:22:13,UCGbERG1PdZe8qxWQg5QttWA,بين العلم و الخرافة  Of Science and Superstition - Live,https://i.ytimg.com/vi/4f2ThyiQq74/hq720.jpg?sqp=-oaymwEcCNAFEJQDSFXyq4qpAw4IARUAAIhCGAFwAcABBg==&rs=AOn4CLDnf-UUraCm62w0b0ia9xASer7BQA,live,,was_live,,,عام / متنوع,,0.0,,,,,pending,,,,
sHfuzGSNbq8,تكون الارض وظهور الحياة [282],https://www.youtube.com/watch?v=sHfuzGSNbq8,of_science_and_superstition,3740,1:02:20,20000,2026-09-10T01:22:13,UCGbERG1PdZe8qxWQg5QttWA,بين العلم و الخرافة  Of Science and Superstition - Live,https://i.ytimg.com/vi/sHfuzGSNbq8/hq720.jpg?sqp=-oaymwEcCNAFEJQDSFXyq4qpAw4IARUAAIhCGAFwAcABBg==&rs=AOn4CLDetbWQqKuCn9GJiWz0A17-xHGs9g,live,,was_live,,,عام / متنوع,,0.0,,,,,pending,,,,
ZO0FooTe0fc,نظرية التطور من البكتيريا للإنسان - الجزء الثالث [281],https://www.youtube.com/watch?v=ZO0FooTe0fc,of_science_and_superstition,3630,1:00:30,13000,2026-09-10T01:22:13,UCGbERG1PdZe8qxWQg5QttWA,بين العلم و الخرافة  Of Science and Superstition - Live,https://i.ytimg.com/vi/ZO0FooTe0fc/hq720.jpg?sqp=-oaymwEcCNAFEJQDSFXyq4qpAw4IARUAAIhCGAFwAcABBg==&rs=AOn4CLCRLSZOtngwp-o8-WaHYZHlRbp0bA,live,,was_live,,,عام / متنوع,,0.0,,,,,pending,,,,
hAm6CY6Sugk,صراع الفلسفة والعلم ، ما هي أهمية الفلسفة؟ [280],https://www.youtube.com/watch?v=hAm6CY6Sugk,of_science_and_superstition,5857,1:37:37,8600,2026-09-10T01:22:13,UCGbERG1PdZe8qxWQg5QttWA,بين العلم و الخرافة  Of Science and Superstition - Live,https://i.ytimg.com/vi/hAm6CY6Sugk/hq720.jpg?sqp=-oaymwEcCNAFEJQDSFXyq4qpAw4IARUAAIhCGAFwAcABBg==&rs=AOn4CLCTeefx_8feee4v0rFH-_jloWsj4Q,live,,was_live,,,عام / متنوع,,0.0,,,,,pending,,,,
CZPohYYDjdE,نظرية التطور من البكتيريا للإنسان  - الجزء الثاني [279],https://www.youtube.com/watch?v=CZPohYYDjdE,of_science_and_superstition,3615,1:00:15,35000,2026-09-10T01:22:13,UCGbERG1PdZe8qxWQg5QttWA,بين العلم و الخرافة  Of Science and Superstition - Live,https://i.ytimg.com/vi/CZPohYYDjdE/hq720.jpg?sqp=-oaymwEcCNAFEJQDSFXyq4qpAw4IARUAAIhCGAFwAcABBg==&rs=AOn4CLA2sPumK9KkVIlD_M6OegWkRptTEg,live,,was_live,,,عام / متنوع,,0.0,,,,,pending,,,,
GxioPWuwXrA,كيف يصنع الدماغ عالم خرافي؟ [276],https://www.youtube.com/watch?v=GxioPWuwXrA,of_science_and_superstition,4426,1:13:46,16000,2026-09-10T01:22:13,UCGbERG1PdZe8qxWQg5QttWA,بين العلم و الخرافة  Of Science and Superstition - Live,https://i.ytimg.com/vi/GxioPWuwXrA/hq720.jpg?sqp=-oaymwEcCNAFEJQDSFXyq4qpAw4IARUAAIhCGAFwAcABBg==&rs=AOn4CLC4JvHTLv6MIhgUGNWUka-9cf10bQ,live,,was_live,,,عام / متنوع,,0.0,,,,,pending,,,,
-2WO5Lh0lJI,نقاش حول الليبرالية والفردية مع هاني سليم: مفيدة ام مضرة؟ [274],https://www.youtube.com/watch?v=-2WO5Lh0lJI,of_science_and_superstition,5349,1:29:09,6400,2026-09-10T01:22:13,UCGbERG1PdZe8qxWQg5QttWA,بين العلم و الخرافة  Of Science and Superstition - Live,https://i.ytimg.com/vi/-2WO5Lh0lJI/hq720.jpg?sqp=-oaymwEcCNAFEJQDSFXyq4qpAw4IARUAAIhCGAFwAcABBg==&rs=AOn4CLA4tMfsLpf6S_fWKbzMxsCWi0I0dg,live,,was_live,,,عام / متنوع,,0.0,,,,,pending,,,,
xb6mq_VteFc,مناقشة كتاب الجين الاناني لريتشارد دوكنز مع شادي خلوف [273],https://www.youtube.com/watch?v=xb6mq_VteFc,of_science_and_superstition,5068,1:24:28,20000,2026-09-10T01:22:13,UCGbERG1PdZe8qxWQg5QttWA,بين العلم و الخرافة  Of Science and Superstition - Live,https://i.ytimg.com/vi/xb6mq_VteFc/hq720.jpg?sqp=-oaymwEcCNAFEJQDSFXyq4qpAw4IARUAAIhCGAFwAcABBg==&rs=AOn4CLB-EM3z3wouXB7RXAlgqAMf0xDvJw,live,,was_live,,,عام / متنوع,,0.0,,,,,pending,,,,
jDiHpDAvJ4Y,مناقشة افكار فيورباخ مع كريتيكال [272],https://www.youtube.com/watch?v=jDiHpDAvJ4Y,of_science_and_superstition,5571,1:32:51,8300,2026-09-10T01:22:13,UCGbERG1PdZe8qxWQg5QttWA,بين العلم و الخرافة  Of Science and Superstition - Live,https://i.ytimg.com/vi/jDiHpDAvJ4Y/hq720.jpg?sqp=-oaymwEcCNAFEJQDSFXyq4qpAw4IARUAAIhCGAFwAcABBg==&rs=AOn4CLCm7tdfyjBWXsWVT-58fOgD16vT1Q,live,,was_live,,,عام / متنوع,,0.0,,,,,pending,,,,
QPKSX-s9kH4,مناقشة كتاب برتراند رسل: لماذا لست مسيحيا، مع سهيل بهجت [271],https://www.youtube.com/watch?v=QPKSX-s9kH4,of_science_and_superstition,4732,1:18:52,13000,2026-09-10T01:22:13,UCGbERG1PdZe8qxWQg5QttWA,بين العلم و الخرافة  Of Science and Superstition - Live,https://i.ytimg.com/vi/QPKSX-s9kH4/hq720.jpg?sqp=-oaymwEcCNAFEJQDSFXyq4qpAw4IARUAAIhCGAFwAcABBg==&rs=AOn4CLDV8dvFC11-xtyBig0_JAsyhannLQ,live,,was_live,,,عام / متنوع,,0.0,,,,,pending,,,,
o2i-hqZSp00,"A Conversation with Yasser: Extraterrestrial Life, Are We Alone? [269]",https://www.youtube.com/watch?v=o2i-hqZSp00,of_science_and_superstition,5663,1:34:23,13000,2026-09-10T01:22:13,UCGbERG1PdZe8qxWQg5QttWA,بين العلم و الخرافة  Of Science and Superstition - Live,https://i.ytimg.com/vi/o2i-hqZSp00/hq720.jpg?sqp=-oaymwEcCNAFEJQDSFXyq4qpAw4IARUAAIhCGAFwAcABBg==&rs=AOn4CLBBTSb24Y4CKYpgxrQ68kbUUF9HSQ,live,,was_live,,,عام / متنوع,,0.0,,,,,pending,,,,
jGFKVjdOwfo,Ethics in Philosophy - A Dialogue with Professor Suhail Bahjat [264],https://www.youtube.com/watch?v=jGFKVjdOwfo,of_science_and_superstition,4267,1:11:07,5900,2026-09-10T01:22:13,UCGbERG1PdZe8qxWQg5QttWA,بين العلم و الخرافة  Of Science and Superstition - Live,https://i.ytimg.com/vi/jGFKVjdOwfo/hq720.jpg?sqp=-oaymwEcCNAFEJQDSFXyq4qpAw4IARUAAIhCGAFwAcABBg==&rs=AOn4CLAiz_wh_rs7ukRsGodX0YSbQphpcw,live,,was_live,,,عام / متنوع,,0.0,,,,,pending,,,,
Iksp0vWyL8E,الاخلاق في الاديان الانسانية - حوار مع الاستاذ سهيل بهجت [263],https://www.youtube.com/watch?v=Iksp0vWyL8E,of_science_and_superstition,3783,1:03:03,6600,2026-09-10T01:22:13,UCGbERG1PdZe8qxWQg5QttWA,بين العلم و الخرافة  Of Science and Superstition - Live,https://i.ytimg.com/vi/Iksp0vWyL8E/hq720.jpg?sqp=-oaymwEcCNAFEJQDSFXyq4qpAw4IARUAAIhCGAFwAcABBg==&rs=AOn4CLCxJdkJl6A1hd98lHgGOkpHiWxdkw,live,,was_live,,,عام / متنوع,,0.0,,,,,pending,,,,
N_QAwhSjNjc,Live Stream: Discussing Various Topics [260],https://www.youtube.com/watch?v=N_QAwhSjNjc,of_science_and_superstition,4714,1:18:34,9600,2026-09-10T01:22:13,UCGbERG1PdZe8qxWQg5QttWA,بين العلم و الخرافة  Of Science and Superstition - Live,https://i.ytimg.com/vi/N_QAwhSjNjc/hq720.jpg?sqp=-oaymwEcCNAFEJQDSFXyq4qpAw4IARUAAIhCGAFwAcABBg==&rs=AOn4CLDxayXvE31DbtG1cCzicfe3SNEt4Q,live,,was_live,,,عام / متنوع,,0.0,,,,,pending,,,,
xuV5vaqmJR4,مدخل الى الاقتصاد السلوكي مع شادي خلوف [253],https://www.youtube.com/watch?v=xuV5vaqmJR4,of_science_and_superstition,6555,1:49:15,8200,2026-09-10T01:22:13,UCGbERG1PdZe8qxWQg5QttWA,بين العلم و الخرافة  Of Science and Superstition - Live,https://i.ytimg.com/vi/xuV5vaqmJR4/hq720.jpg?sqp=-oaymwEcCNAFEJQDSFXyq4qpAw4IARUAAIhCGAFwAcABBg==&rs=AOn4CLCpa9n0dOT4QJa3sdpRBWuhFuSB1Q,live,,was_live,,,عام / متنوع,,0.0,,,,,pending,,,,
Bajb6w3BGDc,LIVE Stream - Q&A on: What is Energy? [249],https://www.youtube.com/watch?v=Bajb6w3BGDc,of_science_and_superstition,3890,1:04:50,9300,2026-09-10T01:22:13,UCGbERG1PdZe8qxWQg5QttWA,بين العلم و الخرافة  Of Science and Superstition - Live,https://i.ytimg.com/vi/Bajb6w3BGDc/hq720.jpg?sqp=-oaymwEcCNAFEJQDSFXyq4qpAw4IARUAAIhCGAFwAcABBg==&rs=AOn4CLAdzVT3Jd1pe_iKcDQCTMj2M2O4ww,live,,was_live,,,عام / متنوع,,0.0,,,,,pending,,,,
eUOLKSNnJWQ,لقاء مع شادي خلوف ومناقشة كتاب ايريك هوفر: المؤمن الصادق، دراسة في طبيعة الحركات الجماهيرية [248],https://www.youtube.com/watch?v=eUOLKSNnJWQ,of_science_and_superstition,5976,1:39:36,13000,2026-09-10T01:22:13,UCGbERG1PdZe8qxWQg5QttWA,بين العلم و الخرافة  Of Science and Superstition - Live,https://i.ytimg.com/vi/eUOLKSNnJWQ/hq720.jpg?sqp=-oaymwEcCNAFEJQDSFXyq4qpAw4IARUAAIhCGAFwAcABBg==&rs=AOn4CLBOUEz3d10GQ2LOZgJDbOb6Fh08yA,live,,was_live,,,عام / متنوع,,0.0,,,,,pending,,,,
ShRGjCeI0Ag,[124] بث مباشر - مواضيع متنوعة,https://www.youtube.com/watch?v=ShRGjCeI0Ag,of_science_and_superstition,2194,36:34,8600,2026-09-10T01:22:13,UCGbERG1PdZe8qxWQg5QttWA,بين العلم و الخرافة  Of Science and Superstition - Live,https://i.ytimg.com/vi/ShRGjCeI0Ag/hq720.jpg?sqp=-oaymwEcCNAFEJQDSFXyq4qpAw4IARUAAIhCGAFwAcABBg==&rs=AOn4CLCaBdALcLYIRYEnKJ7ByNvH58tv3w,live,,was_live,,,عام / متنوع,,0.0,,,,,pending,,,,
fV4cYEi1YhI,[101] مباشر - تأثير العمليات الارهابية وقراءة للتعليقات,https://www.youtube.com/watch?v=fV4cYEi1YhI,of_science_and_superstition,3474,57:54,3400,2026-09-10T01:22:13,UCGbERG1PdZe8qxWQg5QttWA,بين العلم و الخرافة  Of Science and Superstition - Live,https://i.ytimg.com/vi/fV4cYEi1YhI/hq720.jpg?sqp=-oaymwEcCNAFEJQDSFXyq4qpAw4IARUAAIhCGAFwAcABBg==&rs=AOn4CLAWSv6kE2vHAGfkIXEJVn88LyUQsw,live,,was_live,,,عام / متنوع,,0.0,,,,,pending,,,,
cRTsnXDLEmA,[87] مباشر - بث تجريبي و اجابة على تعليقات الشات,https://www.youtube.com/watch?v=cRTsnXDLEmA,of_science_and_superstition,1569,26:09,3300,2026-09-10T01:22:13,UCGbERG1PdZe8qxWQg5QttWA,بين العلم و الخرافة  Of Science and Superstition - Live,https://i.ytimg.com/vi/cRTsnXDLEmA/hq720.jpg?sqp=-oaymwEcCNAFEJQDSFXyq4qpAw4IARUAAIhCGAFwAcABBg==&rs=AOn4CLAFqRpz4VGR9rfA9-kNabEMKsq4pQ,live,,was_live,,,عام / متنوع,,0.0,,,,,pending,,,,
sO0ud9LaFSA,لماذا نسب ونشتم؟ #قصيرة  #shorts,https://www.youtube.com/watch?v=sO0ud9LaFSA,of_science_and_superstition,0,,5400,2026-09-10T01:22:14,UCGbERG1PdZe8qxWQg5QttWA,بين العلم و الخرافة  Of Science and Superstition - Shorts,https://i.ytimg.com/vi/sO0ud9LaFSA/oar1.jpg?sqp=-oaymwEgCJUDEOAESFWQAgHyq4qpAw8IARUAAIhCcAHAAQbIAQE=&rs=AOn4CLC7tvwJIQyzEhBpabu3j4fzRYrHaw&usqp=CCk,video,,,,,عام / متنوع,,0.0,,,,,pending,,,,
W2GU-XFTHME,"Why Do We Cling to 2,000-Year-Old Ideas? #shorts #shorts",https://www.youtube.com/watch?v=W2GU-XFTHME,of_science_and_superstition,0,,3800,2026-09-10T01:22:14,UCGbERG1PdZe8qxWQg5QttWA,بين العلم و الخرافة  Of Science and Superstition - Shorts,https://i.ytimg.com/vi/W2GU-XFTHME/oar1.jpg?sqp=-oaymwEgCJUDEOAESFWQAgHyq4qpAw8IARUAAIhCcAHAAQbIAQE=&rs=AOn4CLCm_ozY4P7Ve8gUOasZ-2DCrisdvg&usqp=CCk,video,,,,,عام / متنوع,,0.0,,,,,pending,,,,
kH1_HYbIHu8,الافكار الانسانية القديمة فاشية #قصيرة  #shorts,https://www.youtube.com/watch?v=kH1_HYbIHu8,of_science_and_superstition,0,,2100,2026-09-10T01:22:14,UCGbERG1PdZe8qxWQg5QttWA,بين العلم و الخرافة  Of Science and Superstition - Shorts,https://i.ytimg.com/vi/kH1_HYbIHu8/oar2.jpg?sqp=-oaymwEgCJUDEOAESFWQAgHyq4qpAw8IARUAAIhCcAHAAQbIAQE=&rs=AOn4CLDUtjgq5l6A6CwbSzcrVm8V8QzAKA&usqp=CCk,video,,,,,عام / متنوع,,0.0,,,,,pending,,,,
cSMbGQBKmyk,العلم ينتج الحضارة #قصيرة  #shorts,https://www.youtube.com/watch?v=cSMbGQBKmyk,of_science_and_superstition,0,,3800,2026-09-10T01:22:14,UCGbERG1PdZe8qxWQg5QttWA,بين العلم و الخرافة  Of Science and Superstition - Shorts,https://i.ytimg.com/vi/cSMbGQBKmyk/oar1.jpg?sqp=-oaymwEgCJUDEOAESFWQAgHyq4qpAw8IARUAAIhCcAHAAQbIAQE=&rs=AOn4CLDbOEp7s91JC4dZmTqChoLO_CUD9w&usqp=CCk,video,,,,,عام / متنوع,,0.0,,,,,pending,,,,
LYaE6VoHcuQ,هل نقدر قيمة العلم؟ #shorts #قصيرة,https://www.youtube.com/watch?v=LYaE6VoHcuQ,of_science_and_superstition,0,,5100,2026-09-10T01:22:14,UCGbERG1PdZe8qxWQg5QttWA,بين العلم و الخرافة  Of Science and Superstition - Shorts,https://i.ytimg.com/vi/LYaE6VoHcuQ/oar1.jpg?sqp=-oaymwEgCJUDEOAESFWQAgHyq4qpAw8IARUAAIhCcAHAAQbIAQE=&rs=AOn4CLBNeRMH6KC3Bix7lImjwmXNObibrw&usqp=CCk,video,,,,,عام / متنوع,,0.0,,,,,pending,,,,
5dfNz0tVlp0,#shorts  مشكلة الاحتكام للمجتمع او القوة #قصيرة,https://www.youtube.com/watch?v=5dfNz0tVlp0,of_science_and_superstition,0,,4900,2026-09-10T01:22:14,UCGbERG1PdZe8qxWQg5QttWA,بين العلم و الخرافة  Of Science and Superstition - Shorts,https://i.ytimg.com/vi/5dfNz0tVlp0/oar3.jpg?sqp=-oaymwEgCJUDEOAESFWQAgHyq4qpAw8IARUAAIhCcAHAAQbIAQE=&rs=AOn4CLDLod4j4c1pLPmxUq-rWqgqB2YsPg&usqp=CCk,video,,,,,عام / متنوع,,0.0,,,,,pending,,,,
0XpLQ47Tfs4,#shorts  من يستفاد من المغالطات المنطقية؟ #قصيرة,https://www.youtube.com/watch?v=0XpLQ47Tfs4,of_science_and_superstition,0,,7600,2026-09-10T01:22:14,UCGbERG1PdZe8qxWQg5QttWA,بين العلم و الخرافة  Of Science and Superstition - Shorts,https://i.ytimg.com/vi/0XpLQ47Tfs4/oar2.jpg?sqp=-oaymwEgCJUDEOAESFWQAgHyq4qpAw8IARUAAIhCcAHAAQbIAQE=&rs=AOn4CLAi-dBfkvDid9s2R7TbkGebCQfpJw&usqp=CCk,video,,,,,عام / متنوع,,0.0,,,,,pending,,,,
SLcGyUsmTrc,#shorts  المغالطة المنطقية من المنشأ #قصيرة,https://www.youtube.com/watch?v=SLcGyUsmTrc,of_science_and_superstition,0,,3700,2026-09-10T01:22:14,UCGbERG1PdZe8qxWQg5QttWA,بين العلم و الخرافة  Of Science and Superstition - Shorts,https://i.ytimg.com/vi/SLcGyUsmTrc/oar1.jpg?sqp=-oaymwEgCJUDEOAESFWQAgHyq4qpAw8IARUAAIhCcAHAAQbIAQE=&rs=AOn4CLCczY4WbKo28umzP0qC0Ob7l2pSRw&usqp=CCk,video,,,,,عام / متنوع,,0.0,,,,,pending,,,,
TtddtXHvpbM,#shorts Why is the ad hominem fallacy so common? #short,https://www.youtube.com/watch?v=TtddtXHvpbM,of_science_and_superstition,0,,3800,2026-09-10T01:22:14,UCGbERG1PdZe8qxWQg5QttWA,بين العلم و الخرافة  Of Science and Superstition - Shorts,https://i.ytimg.com/vi/TtddtXHvpbM/oar3.jpg?sqp=-oaymwEgCJUDEOAESFWQAgHyq4qpAw8IARUAAIhCcAHAAQbIAQE=&rs=AOn4CLA4KNx48qFZuvk0ANLRZD7qI6zU7g&usqp=CCk,video,,,,,عام / متنوع,,0.0,,,,,pending,,,,
s06ZIaqmTsw,#shorts  المغالطة من الهجوم الشخصي #قصيرة,https://www.youtube.com/watch?v=s06ZIaqmTsw,of_science_and_superstition,0,,3400,2026-09-10T01:22:14,UCGbERG1PdZe8qxWQg5QttWA,بين العلم و الخرافة  Of Science and Superstition - Shorts,https://i.ytimg.com/vi/s06ZIaqmTsw/oar1.jpg?sqp=-oaymwEgCJUDEOAESFWQAgHyq4qpAw8IARUAAIhCcAHAAQbIAQE=&rs=AOn4CLC2pugkeXQC05PvJw-cGHLbw_xfzQ&usqp=CCk,video,,,,,عام / متنوع,,0.0,,,,,pending,,,,
_tGPGzzGKRY,#shorts  المعرفة تأتي من الطريقة العلمية #قصيرة,https://www.youtube.com/watch?v=_tGPGzzGKRY,of_science_and_superstition,0,,1800,2026-09-10T01:22:14,UCGbERG1PdZe8qxWQg5QttWA,بين العلم و الخرافة  Of Science and Superstition - Shorts,https://i.ytimg.com/vi/_tGPGzzGKRY/oar2.jpg?sqp=-oaymwEgCJUDEOAESFWQAgHyq4qpAw8IARUAAIhCcAHAAQbIAQE=&rs=AOn4CLDXOrQoMFC1zMhuqVNF8aaKp1iWJw&usqp=CCk,video,,,,,عام / متنوع,,0.0,,,,,pending,,,,
Y-5u7LUSf60,#shorts  اهمية فهم المغالطات المنطقية #قصيرة,https://www.youtube.com/watch?v=Y-5u7LUSf60,of_science_and_superstition,0,,2400,2026-09-10T01:22:14,UCGbERG1PdZe8qxWQg5QttWA,بين العلم و الخرافة  Of Science and Superstition - Shorts,https://i.ytimg.com/vi/Y-5u7LUSf60/oar3.jpg?sqp=-oaymwEgCJUDEOAESFWQAgHyq4qpAw8IARUAAIhCcAHAAQbIAQE=&rs=AOn4CLCJA_BMWxsEUgM2M1gu1DMMIyZSkA&usqp=CCk,video,,,,,عام / متنوع,,0.0,,,,,pending,,,,
yk6wQgOMP58,#shorts  ما هو المنطق الخاطئ #قصيرة,https://www.youtube.com/watch?v=yk6wQgOMP58,of_science_and_superstition,0,,3100,2026-09-10T01:22:14,UCGbERG1PdZe8qxWQg5QttWA,بين العلم و الخرافة  Of Science and Superstition - Shorts,https://i.ytimg.com/vi/yk6wQgOMP58/oar1.jpg?sqp=-oaymwEgCJUDEOAESFWQAgHyq4qpAw8IARUAAIhCcAHAAQbIAQE=&rs=AOn4CLDB0JBR-9nscqCmvWofCQ1-0fU29g&usqp=CCk,video,,,,,عام / متنوع,,0.0,,,,,pending,,,,
F3U1NfT5WLw,#shorts  تعلم الترقيع في الطفولة #قصيرة,https://www.youtube.com/watch?v=F3U1NfT5WLw,of_science_and_superstition,0,,2200,2026-09-10T01:22:14,UCGbERG1PdZe8qxWQg5QttWA,بين العلم و الخرافة  Of Science and Superstition - Shorts,https://i.ytimg.com/vi/F3U1NfT5WLw/oar2.jpg?sqp=-oaymwEgCJUDEOAESFWQAgHyq4qpAw8IARUAAIhCcAHAAQbIAQE=&rs=AOn4CLDgZE2GAsRa_KOH8nnBAd-aKAxpQg&usqp=CCk,video,,,,,عام / متنوع,,0.0,,,,,pending,,,,
notjCp-0vEU,#shorts  لماذا نتأثر بالانحياز التوكيدي؟ #قصيرة,https://www.youtube.com/watch?v=notjCp-0vEU,of_science_and_superstition,0,,1700,2026-09-10T01:22:14,UCGbERG1PdZe8qxWQg5QttWA,بين العلم و الخرافة  Of Science and Superstition - Shorts,https://i.ytimg.com/vi/notjCp-0vEU/oar2.jpg?sqp=-oaymwEgCJUDEOAESFWQAgHyq4qpAw8IARUAAIhCcAHAAQbIAQE=&rs=AOn4CLBj2xMwmPjORYFCJT1I2Xf74fg0_A&usqp=CCk,video,,,,,عام / متنوع,,0.0,,,,,pending,,,,
prqw2fb08-s,#shorts  ما هو الغباء؟ #قصيرة,https://www.youtube.com/watch?v=prqw2fb08-s,of_science_and_superstition,0,,2100,2026-09-10T01:22:14,UCGbERG1PdZe8qxWQg5QttWA,بين العلم و الخرافة  Of Science and Superstition - Shorts,https://i.ytimg.com/vi/prqw2fb08-s/oar1.jpg?sqp=-oaymwEgCJUDEOAESFWQAgHyq4qpAw8IARUAAIhCcAHAAQbIAQE=&rs=AOn4CLAN0HvhaAkhR_jNrIFvdeuacSYehQ&usqp=CCk,video,,,,,عام / متنوع,,0.0,,,,,pending,,,,
FiEDH0vYCKs,#shorts  الذكاء الاجتماعي #قصيرة,https://www.youtube.com/watch?v=FiEDH0vYCKs,of_science_and_superstition,0,,1700,2026-09-10T01:22:14,UCGbERG1PdZe8qxWQg5QttWA,بين العلم و الخرافة  Of Science and Superstition - Shorts,https://i.ytimg.com/vi/FiEDH0vYCKs/oar1.jpg?sqp=-oaymwEgCJUDEOAESFWQAgHyq4qpAw8IARUAAIhCcAHAAQbIAQE=&rs=AOn4CLBW8UdDHlwsoyzkk3JJkrTWyNcSYQ&usqp=CCk,video,,,,,عام / متنوع,,0.0,,,,,pending,,,,
DbjBt3RK6H0,#shorts  ما هو الذكاء؟ #قصيرة,https://www.youtube.com/watch?v=DbjBt3RK6H0,of_science_and_superstition,0,,1100,2026-09-10T01:22:14,UCGbERG1PdZe8qxWQg5QttWA,بين العلم و الخرافة  Of Science and Superstition - Shorts,https://i.ytimg.com/vi/DbjBt3RK6H0/oar1.jpg?sqp=-oaymwEgCJUDEOAESFWQAgHyq4qpAw8IARUAAIhCcAHAAQbIAQE=&rs=AOn4CLCw0yPBkf2f8qn1DK4eI5vsuCeOkg&usqp=CCk,video,,,,,عام / متنوع,,0.0,,,,,pending,,,,
bxB3jPGcWAQ,#shorts  حرية الفرد والعدالة الاجتماعية #قصيرة,https://www.youtube.com/watch?v=bxB3jPGcWAQ,of_science_and_superstition,0,,1200,2026-09-10T01:22:14,UCGbERG1PdZe8qxWQg5QttWA,بين العلم و الخرافة  Of Science and Superstition - Shorts,https://i.ytimg.com/vi/bxB3jPGcWAQ/oar3.jpg?sqp=-oaymwEgCJUDEOAESFWQAgHyq4qpAw8IARUAAIhCcAHAAQbIAQE=&rs=AOn4CLBq3fCekPjJ0W4U2GVQXrBZrf97pQ&usqp=CCk,video,,,,,عام / متنوع,,0.0,,,,,pending,,,,
tSyrP_6oy_s,#shorts  السيطرة على المؤمن #قصيرة,https://www.youtube.com/watch?v=tSyrP_6oy_s,of_science_and_superstition,0,,1300,2026-09-10T01:22:14,UCGbERG1PdZe8qxWQg5QttWA,بين العلم و الخرافة  Of Science and Superstition - Shorts,https://i.ytimg.com/vi/tSyrP_6oy_s/oar1.jpg?sqp=-oaymwEgCJUDEOAESFWQAgHyq4qpAw8IARUAAIhCcAHAAQbIAQE=&rs=AOn4CLB3sttyyJQJBHrOzfqW4S5fNgJIZA&usqp=CCk,video,,,,,عام / متنوع,,0.0,,,,,pending,,,,
d88aKMYt5KM,#shorts لماذا نتمسك بدين الاباء #قصيرة,https://www.youtube.com/watch?v=d88aKMYt5KM,of_science_and_superstition,0,,2100,2026-09-10T01:22:14,UCGbERG1PdZe8qxWQg5QttWA,بين العلم و الخرافة  Of Science and Superstition - Shorts,https://i.ytimg.com/vi/d88aKMYt5KM/oar1.jpg?sqp=-oaymwEgCJUDEOAESFWQAgHyq4qpAw8IARUAAIhCcAHAAQbIAQE=&rs=AOn4CLAEDF-VIRKAca5ZKcNUdBCFog35xA&usqp=CCk,video,,,,,عام / متنوع,,0.0,,,,,pending,,,,
CdAdZukloUA,#shorts  الترقيع الاجتماعي #قصيرة,https://www.youtube.com/watch?v=CdAdZukloUA,of_science_and_superstition,0,,1500,2026-09-10T01:22:14,UCGbERG1PdZe8qxWQg5QttWA,بين العلم و الخرافة  Of Science and Superstition - Shorts,https://i.ytimg.com/vi/CdAdZukloUA/oar2.jpg?sqp=-oaymwEgCJUDEOAESFWQAgHyq4qpAw8IARUAAIhCcAHAAQbIAQE=&rs=AOn4CLC-F2kVKI-wSfAwDDdRmqiHTGWewA&usqp=CCk,video,,,,,عام / متنوع,,0.0,,,,,pending,,,,
5EUSKlv3IK4,#shorts  الاديان لا تصنع الحضارة #قصيرة,https://www.youtube.com/watch?v=5EUSKlv3IK4,of_science_and_superstition,0,,1700,2026-09-10T01:22:14,UCGbERG1PdZe8qxWQg5QttWA,بين العلم و الخرافة  Of Science and Superstition - Shorts,https://i.ytimg.com/vi/5EUSKlv3IK4/oar2.jpg?sqp=-oaymwEgCJUDEOAESFWQAgHyq4qpAw8IARUAAIhCcAHAAQbIAQE=&rs=AOn4CLB2_xPkwti3WltSly5X02JpEJ3rkg&usqp=CCk,video,,,,,عام / متنوع,,0.0,,,,,pending,,,,
jyu-FYejuqI,#shorts  ازمة المجتمع تبدأ بالمثقف #قصيرة,https://www.youtube.com/watch?v=jyu-FYejuqI,of_science_and_superstition,0,,1400,2026-09-10T01:22:14,UCGbERG1PdZe8qxWQg5QttWA,بين العلم و الخرافة  Of Science and Superstition - Shorts,https://i.ytimg.com/vi/jyu-FYejuqI/oar1.jpg?sqp=-oaymwEgCJUDEOAESFWQAgHyq4qpAw8IARUAAIhCcAHAAQbIAQE=&rs=AOn4CLAKGzmIbY7UphruggpdKBKR5LT2NQ&usqp=CCk,video,,,,,عام / متنوع,,0.0,,,,,pending,,,,
7qhEcAXgTr0,#shorts كيف نشأت الاخلاق؟ #قصيرة,https://www.youtube.com/watch?v=7qhEcAXgTr0,of_science_and_superstition,0,,2200,2026-09-10T01:22:14,UCGbERG1PdZe8qxWQg5QttWA,بين العلم و الخرافة  Of Science and Superstition - Shorts,https://i.ytimg.com/vi/7qhEcAXgTr0/oar2.jpg?sqp=-oaymwEgCJUDEOAESFWQAgHyq4qpAw8IARUAAIhCcAHAAQbIAQE=&rs=AOn4CLDE98roMSPTjxVrj69hRQ_Cczic2g&usqp=CCk,video,,,,,عام / متنوع,,0.0,,,,,pending,,,,
ymrFsTMyxsw,#shorts  النظام الاقطاعي #قصيرة,https://www.youtube.com/watch?v=ymrFsTMyxsw,of_science_and_superstition,0,,2800,2026-09-10T01:22:14,UCGbERG1PdZe8qxWQg5QttWA,بين العلم و الخرافة  Of Science and Superstition - Shorts,https://i.ytimg.com/vi/ymrFsTMyxsw/oar3.jpg?sqp=-oaymwEgCJUDEOAESFWQAgHyq4qpAw8IARUAAIhCcAHAAQbIAQE=&rs=AOn4CLBZhqPLy_FC5Cl5y-EmKoG9X-pcNQ&usqp=CCk,video,,,,,عام / متنوع,,0.0,,,,,pending,,,,
pXvH4arOo_E,#shorts  ما هو التنوير؟ #قصيرة,https://www.youtube.com/watch?v=pXvH4arOo_E,of_science_and_superstition,0,,1600,2026-09-10T01:22:14,UCGbERG1PdZe8qxWQg5QttWA,بين العلم و الخرافة  Of Science and Superstition - Shorts,https://i.ytimg.com/vi/pXvH4arOo_E/oar3.jpg?sqp=-oaymwEgCJUDEOAESFWQAgHyq4qpAw8IARUAAIhCcAHAAQbIAQE=&rs=AOn4CLDEEyHBfpZ0TyB0wZajQC4SpJj2Tw&usqp=CCk,video,,,,,عام / متنوع,,0.0,,,,,pending,,,,
