title,url,channel,domain,watched,extracted,notes
المُخبر الاقتصادي+ | لماذا يراهن ملايين الكوريين بأموالهم على شركتين فقط في سوق الأسهم؟,https://www.youtube.com/watch?v=SUxNbEKEZS4,aj_kabrit,,,,
الدحيح | الزومبي.. الوحوش التي تعلمنا كيف نبقى أحياء,https://www.youtube.com/watch?v=VWo4oRWT3eU,aj_kabrit,,,,
الجهبذ | هل العلاقة السورية المصرية بخير؟ 4000 سنة من التاريخ المشترك بين سوريا ومصر,https://www.youtube.com/watch?v=hlaFt0vOu-k,aj_kabrit,,,,
المدوان | لماذا باعت عائلة سعودية ثروتها من أجل صحيفة؟ وما قصة الحزام الضائع؟,https://www.youtube.com/watch?v=zbEyaR5vJTI,aj_kabrit,,,,
المُخبر الاقتصادي+ | فيزا وماستر كارد.. أوروبا خائفة من مصير روسيا,https://www.youtube.com/watch?v=kP_0S8LBnAA,aj_kabrit,,,,
الدحيح | بلاك ووتر.. كيف تحولت الحرب إلى تجارة؟,https://www.youtube.com/watch?v=CJoPSoI2vdM,aj_kabrit,,,,
"غاليريتا | شاكيرا و""واكا واكا"".. الوجه الخفي لأغاني المونديال",https://www.youtube.com/watch?v=VOUPesOtYz0,aj_kabrit,,,,
المُخبر الاقتصادي+ | لضرب بوتين.. كيف تساعد أمريكا أوكرانيا في إشعال أخطر أزمة وقود في روسيا؟,https://www.youtube.com/watch?v=0fhvv2V1_SI,aj_kabrit,,,,
الدحيح | كيف غيّر الزجاج العالم؟,https://www.youtube.com/watch?v=TMLRF0zWLfE,aj_kabrit,,,,
الجهبذ | هل حكام الفيفا يظلمون العرب؟,https://www.youtube.com/watch?v=KoFxpGdTsHo,aj_kabrit,,,,
المدوان | كيف استطاع أمير هارب العودة من باكستان سلطاناً لعُمان؟,https://www.youtube.com/watch?v=59TWlY8IToM,aj_kabrit,,,,
المُخبر الاقتصادي+ | هل تعيد أمريكا أخطر مقاتلة في العالم إلى تركيا؟,https://www.youtube.com/watch?v=DO3RqxStC9s,aj_kabrit,,,,
الدحيح | كيف شارك المسلمون في بناء الولايات المتحدة الامريكية؟,https://www.youtube.com/watch?v=46zCcun60TQ,aj_kabrit,,,,
السليط الإخباري 2026 | من اليوم، حسام حسن عمي ومصر هي أمي,https://www.youtube.com/watch?v=txTLdEEkMCU,aj_kabrit,,,,
"غاليريتا | من ""أنا مش كافر"" إلى ""أناديكم"".. صرخة الغناء اللبناني للعالم",https://www.youtube.com/watch?v=k2nuI78PQ_E,aj_kabrit,,,,
المُخبر الاقتصادي+ | لماذا يخسر الجميع تقريباً أموالهم في أسواق القمار الحديثة؟ أين الخدعة؟,https://www.youtube.com/watch?v=OWFz9wqo2EQ,aj_kabrit,,,,
الدحيح | السرطان.. أقدم مرض في التاريخ,https://www.youtube.com/watch?v=4X-OmBthhgU,aj_kabrit,,,,
الجهبذ | لماذا أرسل حافظ الأسد جيشه إلى لبنان في السبعينيات؟,https://www.youtube.com/watch?v=NsR1A0uvcu0,aj_kabrit,,,,
المدوان | مدفع بابل.. كيف تحطم حلم صدام حسين في بناء أكبر مدفع في التاريخ؟,https://www.youtube.com/watch?v=EvC-VnloXbM,aj_kabrit,,,,
المُخبر الاقتصادي+ | لماذا لا تتأهل الصين إلى كأس العالم رغم إنفاق مليارات الدولارات؟,https://www.youtube.com/watch?v=8ElmoaTPPLo,aj_kabrit,,,,
الدحيح | غسيل الأموال.. سرطان يفتك باقتصاد العالم,https://www.youtube.com/watch?v=e4jG8FiPfVc,aj_kabrit,,,,
السليط الإخباري 2026 | لماذا يكره الناس منتخب ألمانيا؟ هل يفوز المغرب بكأس العالم؟,https://www.youtube.com/watch?v=IK7EumlogKE,aj_kabrit,,,,
"غاليريتا |  لماذا مُنعت في مصر أفلام عن فلسطين؟ وما علاقة مسلسل ""صحاب الأرض""؟",https://www.youtube.com/watch?v=2wUjdWAX7Qk,aj_kabrit,,,,
المُخبر الاقتصادي+ | هل تسقط إسرائيل لو تخلت أمريكا فجأة عنها؟,https://www.youtube.com/watch?v=IjE8NaF-owk,aj_kabrit,,,,
الدحيح | سؤال بـ 64 دولار حوّل أمريكا إلى محكمة تفتيش,https://www.youtube.com/watch?v=HpR2pAM713U,aj_kabrit,,,,
الجهبذ | كيف يقتل الفساد أحلام منتخب بلادك في كأس العالم؟,https://www.youtube.com/watch?v=j8S0saMe5Eg,aj_kabrit,,,,
المدوان | مأساة إسقاط الجيش الأمريكي لطائرة مدنية إيرانية,https://www.youtube.com/watch?v=d0csNR-YYuE,aj_kabrit,,,,
المُخبر الاقتصادي+ | هل تسمح أمريكا لإيران بفرض رسوم في هرمز بعد كل تهديداتها؟,https://www.youtube.com/watch?v=QDM9WklXNoA,aj_kabrit,,,,
الدحيح | ريتشارد سورغ.. الجاسوس الذي صنع التاريخ,https://www.youtube.com/watch?v=2pyzFvZLuGA,aj_kabrit,,,,
السليط الإخباري 2026 | من هو سوسو؟ ومن هو عم الجميع؟,https://www.youtube.com/watch?v=_6ym7xNdVOs,aj_kabrit,,,,
غاليريتا | أسطورة زين الدين زيدان وسينما الضواحي في فرنسا,https://www.youtube.com/watch?v=271V_Zlzdck,aj_kabrit,,,,
المُخبر الاقتصادي+ | من سيدفع لإيران 300 مليار دولار؟,https://www.youtube.com/watch?v=kSNWGXjGfEM,aj_kabrit,,,,
"الدحيح | القتل بسبب الرفض.. عندما تكون ""لا"" معناها الموت!",https://www.youtube.com/watch?v=dRKI26JfSf4,aj_kabrit,,,,
الجهبذ | كيف تحولت أجساد الأفارقة إلى ذهب وألماس في ملاعب أوروبا؟,https://www.youtube.com/watch?v=jRPUCV9zqEQ,aj_kabrit,,,,
المدوان | المنتخب العراقي في مونديال 86: حلم تحول إلى كابوس بسبب عدي صدام حسين,https://www.youtube.com/watch?v=ekPmquWd7vY,aj_kabrit,,,,
المُخبر الاقتصادي+ | لماذا أخفت أمريكا أقوى نموذج ذكاء اصطناعي بعد 3 أيام فقط من إصداره؟,https://www.youtube.com/watch?v=DLKdVE42STk,aj_kabrit,,,,
الدحيح | قرن الإذلال الصيني,https://www.youtube.com/watch?v=7IfON4fF1OQ,aj_kabrit,,,,
عرب المونديال,https://www.youtube.com/watch?v=SV9yWokx6Y4,aj_kabrit,,,,
المُخبر الاقتصادي+ | مقاعد فارغة وتأشيرات مرفوضة وأسعار خيالية.. من سرق كأس العالم من الجماهير؟,https://www.youtube.com/watch?v=EBrX7B1y7zQ,aj_kabrit,,,,
الدحيح | لماذا لا نستطيع الهروب من فيسبوك؟,https://www.youtube.com/watch?v=R7f5uoylrS8,aj_kabrit,,,,
الجهبذ | الحقيقة المرعبة وراء ملاعب كرة القدم,https://www.youtube.com/watch?v=_M2Ip8hIhQY,aj_kabrit,,,,
المدوان | كيف صدم المنتخب السعودي العالم في كأس العالم - أمريكا 1994؟,https://www.youtube.com/watch?v=kGJmJmtYFyA,aj_kabrit,,,,
المُخبر الاقتصادي+ | هل تُفجر حرب إيران كأس العالم 2026 في أمريكا؟,https://www.youtube.com/watch?v=oL5KLgJy-VM,aj_kabrit,,,,
الدحيح | ماذا لو انتصر النازيون في الحرب العالمية الثانية؟,https://www.youtube.com/watch?v=DQkCIxnkOyk,aj_kabrit,,,,
السليط الإخباري 2026 | من ستشجع في مونديال 2026؟ ماذا تعرف عن نظام الطيبات؟,https://www.youtube.com/watch?v=HaH4YeqcXps,aj_kabrit,,,,
المُخبر الاقتصادي+ | هل خدعت الفيفا أمريكا بأسوأ صفقة في تاريخ كأس العالم؟,https://www.youtube.com/watch?v=CZ3YghuSd5c,aj_kabrit,,,,
الدحيح | سمعته تسبقه.. ملك الغابة بين الرمز والحقيقة,https://www.youtube.com/watch?v=mHpAqi7OssU,aj_kabrit,,,,
الجهبذ | كيف كتب العرب تاريخهم في كأس العالم؟,https://www.youtube.com/watch?v=Hnhpd6DKLBA,aj_kabrit,,,,
التابلاين.. كيف أنقذ مشروع سعودي أوروبا من الجوع والبرد؟,https://www.youtube.com/watch?v=JJkgtXf4oR4,aj_kabrit,,,,
The Economic Investigator+ | How are the poor trapped between banks and finance companies with de...,https://www.youtube.com/watch?v=laH0EVnCgFY,aj_kabrit,,,,
الدحيح | هل الصمت التام راحة؟,https://www.youtube.com/watch?v=fAd2nKfrDB8,aj_kabrit,,,,
Al-Saleet News 2026 | Is there a ceasefire?,https://www.youtube.com/watch?v=4rhDw4LrfoY,aj_kabrit,,,,
The Economic Reporter+ | How is Britain suffering and regretting its exit from the European Union...,https://www.youtube.com/watch?v=v1yNVU1uk8E,aj_kabrit,,,,
El Da7ee7 | Chess.. A Game That Changed History?,https://www.youtube.com/watch?v=2LfJcOt7Zhs,aj_kabrit,,,,
The Genius | Why Doesn't Everyone Enjoy the Holiday?,https://www.youtube.com/watch?v=4xZSOmwSa84,aj_kabrit,,,,
The Spy | Alireza Akbari.. From Iranian Deputy Minister of Defense to the most dangerous spy in I...,https://www.youtube.com/watch?v=2urBppf3uy8,aj_kabrit,,,,
The Economic Investigator+ | $2.3 Million for a Ticket! How Did 2026 World Cup Prices Get Out of ...,https://www.youtube.com/watch?v=5Be-6WsMBgY,aj_kabrit,,,,
El Da7ee7 | Hatshepsut.. The Woman Who Ruled Egypt During the Era of the Pharaohs,https://www.youtube.com/watch?v=9LuE0YsEojI,aj_kabrit,,,,
المُخبر الاقتصادي+ | كيف تحاصر إيران صناعة زيوت السيارات العالمية عبر مضيق هرمز؟,https://www.youtube.com/watch?v=5QT58KiVi6U,aj_kabrit,,,,
El Da7ee7 | Why are we afraid of social interaction?,https://www.youtube.com/watch?v=XBTk4hQvgG0,aj_kabrit,,,,
The Expert | The History of the Beard,https://www.youtube.com/watch?v=MQhVC0isILw,aj_kabrit,,,,
Al-Midwan | How did a Kuwaiti woman put out the fires ignited by Saddam Hussein?,https://www.youtube.com/watch?v=HCjCk2ILbX0,aj_kabrit,,,,
المُخبر الاقتصادي+ | هل تفجر الديون الأمريكية الأزمة المالية العالمية القادمة؟,https://www.youtube.com/watch?v=V2dIvo7xHcM,aj_kabrit,,,,
El Da7ee7 | The Story of The Gunners and Arsenal's Secret History,https://www.youtube.com/watch?v=tiBLj7V-2zM,aj_kabrit,,,,
السليط الإخباري 2026 | أنتم سألتم ونحن أجبنا.. شاهد الحلقة واعرف أسرار فريق السليط,https://www.youtube.com/watch?v=LoF5RvVhFsI,aj_kabrit,,,,
The Economic Investigator+ | How Did China Defeat the World in the Battery War?,https://www.youtube.com/watch?v=EZOdxSsRnXo,aj_kabrit,,,,
Al-Dahih | Were the Vikings just pirates or were they people of a civilization?,https://www.youtube.com/watch?v=UePfWzAUYng,aj_kabrit,,,,
The Savant | The Story of How the Clergy Won the Battle for Power in Iran,https://www.youtube.com/watch?v=xFtgtj9Fu6A,aj_kabrit,,,,
Al-Mudwan | How did the most dangerous American operation in Iran turn into a disaster in hours?,https://www.youtube.com/watch?v=zByLpRywcJc,aj_kabrit,,,,
The Economic Reporter+ | How is America destroying Cuba and threatening to invade it after Iran?,https://www.youtube.com/watch?v=vMVkMquNXX4,aj_kabrit,,,,
الدحيح | كيف بدأ العد؟,https://www.youtube.com/watch?v=ajkuJMuff30,aj_kabrit,,,,
The News Bulletin 2026 | Where did Nicholas go? And where did the Hanta virus come from?,https://www.youtube.com/watch?v=YNHnm0SyMeU,aj_kabrit,,,,
The Economic Reporter+ | Why is Israel afraid of Hezbollah's new and cheap weapon?,https://www.youtube.com/watch?v=97U_AY9HmxY,aj_kabrit,,,,
El Da7ee7 | Ibn al-Haytham.. The Scientist Who Was Ahead of His Time,https://www.youtube.com/watch?v=FzE2Wx3muik,aj_kabrit,,,,
The Expert | Goodbye to the Strait of Hormuz? Will Syria Become the New Global Energy Corridor?,https://www.youtube.com/watch?v=_ywBKaZWyRQ,aj_kabrit,,,,
المدوان | قصة قرية كمزار في عمان وحدودها العجيبة!,https://www.youtube.com/watch?v=RserL93oBQA,aj_kabrit,,,,
المُخبر الاقتصادي+ | كيف تحاصر إيران صناعة الطيران العالمية عبر إغلاق مضيق هرمز؟,https://www.youtube.com/watch?v=ZYhg04rPLag,aj_kabrit,,,,
El Da7ee7 | What happened when America banned alcohol in the 1920s?,https://www.youtube.com/watch?v=gWCj_mrdZDQ,aj_kabrit,,,,
Al-Saleet Al-Akhbari 2026 | Is the war over? And what do Angry Birds have to do with incendiary d...,https://www.youtube.com/watch?v=DM3i7xZrTQE,aj_kabrit,,,,
المُخبر الاقتصادي+ | لماذا انسحبت الإمارات من منظمة أوبك؟,https://www.youtube.com/watch?v=r6PhLtDKDMU,aj_kabrit,,,,
الدحيح | النازي والطبيب.. الشر في مُحاكمة نفسية,https://www.youtube.com/watch?v=bUXgtEkvHTQ,aj_kabrit,,,,
الجهبذ | عقدة النقص.. لماذا نقلل من أنفسنا؟,https://www.youtube.com/watch?v=AXtiBRSJGBI,aj_kabrit,,,,
المدوان | لماذا تجاهلت أمريكا قصف سفينتها الحربية في الخليج؟,https://www.youtube.com/watch?v=UD5IwfBo1gw,aj_kabrit,,,,
المُخبر الاقتصادي+ | إذا كنت ذكياً فلماذا لست غنياً؟ هل جميع الأثرياء أذكياء جداً؟,https://www.youtube.com/watch?v=0FD58k4u9vU,aj_kabrit,,,,
الدحيح | تايلور سويفت.. كيف تحول الفن لسلعة؟,https://www.youtube.com/watch?v=ahPSHLEVsUE,aj_kabrit,,,,
السليط الإخباري 2026 | ما هي الدولة العميقة؟ وما قصة الكتشاب في إيران؟,https://www.youtube.com/watch?v=4GIyE6984tk,aj_kabrit,,,,
المُخبر الاقتصادي+ | كيف تفوز الصين في حرب أمريكا على إيران دون أن تطلق رصاصة واحدة؟,https://www.youtube.com/watch?v=iVqGnjhu6sQ,aj_kabrit,,,,
الدحيح | أبطأ كائن وأطول نفس,https://www.youtube.com/watch?v=fuiEIrJUIZc,aj_kabrit,,,,
الجهبذ| كيف سقط أمجد يوسف؟ القصة الكاملة لكشف مجزرة التضامن,https://www.youtube.com/watch?v=9Wtyo7K5EIc,aj_kabrit,,,,
المُخبر الاقتصادي+ | ماذا لو توقفت دول الخليج عن ضخ أموالها في الأسواق العالمية بسبب حرب إيران؟,https://www.youtube.com/watch?v=F62lpknhIWo,aj_kabrit,,,,
الدحيح | إسبرطة.. كيف لجيش أن يصنع مجتمع وأمة؟,https://www.youtube.com/watch?v=LiyObO4EUWM,aj_kabrit,,,,
المدوان | أخطر عملية اختطاف في التاريخ؟ عندما وقع وزراء النفط في يد الثعلب الفنزويلي!,https://www.youtube.com/watch?v=H-URWjpX2qg,aj_kabrit,,,,
السليط الإخباري 2026 | هل اعتذرت إسرائيل؟ وما الذي يحصل في سوريا؟,https://www.youtube.com/watch?v=c_lzft271AU,aj_kabrit,,,,
المُخبر الاقتصادي+ | كيف يمكن أن تدمر الحرب على إيران رئاسة ترمب؟ وكيف ورطته إسرائيل؟,https://www.youtube.com/watch?v=J7dME-NlFtw,aj_kabrit,,,,
الدحيح | كيف تتفاوض مع طفلك؟ إليك الدليل الكامل,https://www.youtube.com/watch?v=PYTNW_1-fPk,aj_kabrit,,,,
الجهبذ | من دويلات متناحرة إلى دولة واحدة.. كيف توحّدت إيطاليا؟,https://www.youtube.com/watch?v=UtyXvDhjo1U,aj_kabrit,,,,
"My dear friend, wait for Al-Daheeh's return!",https://www.youtube.com/watch?v=j-3bY7FZQr4,aj_kabrit,,,,
"Al-Dahih is back, and this is how ""Azizi"" and others convinced him to return.",https://www.youtube.com/watch?v=yyW2YSi0sws,aj_kabrit,,,,
المُخبر الاقتصادي+ | كيف تحاصر أمريكا إيران التي تحاصر العالم؟,https://www.youtube.com/watch?v=l58woGl3qcM,aj_kabrit,,,,
المدوان | كيف سقط شاه إيران رغم النفط والجيش والدعم الخارجي؟,https://www.youtube.com/watch?v=biaVpkiGy1w,aj_kabrit,,,,
Al-Saleet News 2026 | What image provoked Israel? And what is Trump's connection to Jesus Christ?,https://www.youtube.com/watch?v=hSnaGXGb5-8,aj_kabrit,,,,
"Economic Reporter+ | How could the ""Iran shock"" put the world at the mercy of China?",https://www.youtube.com/watch?v=Mlc5DfyvhTM,aj_kabrit,,,,
The Genius | War Profiteers: How Were Empires Built from Crises?,https://www.youtube.com/watch?v=KF3qj2JmeU8,aj_kabrit,,,,
"Economic Reporter+ | How is Iran controlling the Strait of Hormuz, which has become ""more importa...",https://www.youtube.com/watch?v=dgOYxkaNJHs,aj_kabrit,,,,
Al-Saleet News 2026 | Who won the war? America or Iran?,https://www.youtube.com/watch?v=ZI4AOsuLRZE,aj_kabrit,,,,
المُخبر الاقتصادي+ | لماذا ترفض أوروبا مساعدة أمريكا وتتركها وحيدة في مواجهة إيران وأزمة مضيق هرمز؟,https://www.youtube.com/watch?v=BjI3x5_iPi4,aj_kabrit,,,,
الجهبذ | ما الذي يجمع بين بولندا وسوريا؟ قصة قد تغيّر طريقة تفكيرك,https://www.youtube.com/watch?v=H31V4aNJu8Y,aj_kabrit,,,,
المُخبر الاقتصادي+ | هل تقع أمريكا في الفخ نفسه الذي وقعت فيه روسيا في حرب أوكرانيا؟,https://www.youtube.com/watch?v=szJKkx1LVRc,aj_kabrit,,,,
السليط الإخباري 2026 | الجزيرة قسمت الشاشة إلى 12 قسماً,https://www.youtube.com/watch?v=NOTa38_6Qkw,aj_kabrit,,,,
المُخبر الاقتصادي+ | لماذا قد تدمر الحرب على إيران الاقتصاد العالمي وترفع أسعار كل شيء؟,https://www.youtube.com/watch?v=u9VCi33FJq8,aj_kabrit,,,,
الجهبذ | خرمشهر: فخ إيراني للجيش العراقي خلال حرب الخليج الأولى؟,https://www.youtube.com/watch?v=Vpumau7Kyoc,aj_kabrit,,,,
المُخبر الاقتصادي+ | لماذا يشكل غزو أمريكا المحتمل لجزيرة خارك الإيرانية خطراً كبيراً على العالم؟,https://www.youtube.com/watch?v=rjKeiNwJwhY,aj_kabrit,,,,
الجهبذ | عرب المحلمية: قصة قبيلة عربية التي سكنت ماردين,https://www.youtube.com/watch?v=iYV-uJpNx-w,aj_kabrit,,,,
المُخبر الاقتصادي+ | هل تهاجم الصين تايوان وتستغل استنزاف الجيش الأمريكي في إيران؟,https://www.youtube.com/watch?v=TUuxZFwLP6c,aj_kabrit,,,,
الأكراد في إيران: من جمهورية مهاباد إلى اليوم,https://www.youtube.com/watch?v=xVkvrLt20kk,aj_kabrit,,,,
المُخبر الاقتصادي+ | كيف تستعد تركيا لمواجهة محتملة مع إسرائيل بعد نهاية الحرب على إيران؟,https://www.youtube.com/watch?v=Ey2G5OJICtI,aj_kabrit,,,,
From war to the top: How did Syrians excel in Germany?,https://www.youtube.com/watch?v=ndCTiCagWec,aj_kabrit,,,,
السليط الإخباري 2026 | نتنياهو حي أم ميت؟ وما الحل لمضيق هرمز؟,https://www.youtube.com/watch?v=j19tn08Dokw,aj_kabrit,,,,
المُخبر الاقتصادي+ | كيف استخفت أمريكا بإيران فوقعت في فخ مضيق هرمز وتطلب الآن المساعدة؟,https://www.youtube.com/watch?v=6G7U7HzyC-U,aj_kabrit,,,,
الجهبذ | هل تجرّ أمريكا بريطانيا لحرب جديدة؟,https://www.youtube.com/watch?v=dACCWZiIMNs,aj_kabrit,,,,
المُخبر الاقتصادي+ | كيف تفقد أمريكا السيطرة على حربها المجنونة مع إيران؟,https://www.youtube.com/watch?v=JlNXpAx1pKE,aj_kabrit,,,,
How was Iran occupied and then its government overthrown?,https://www.youtube.com/watch?v=IUISn9hfLCs,aj_kabrit,,,,
السليط الإخباري 2026 | هل انتهت الحرب في إيران؟ أم بدأت؟,https://www.youtube.com/watch?v=CCsh5ANpDvY,aj_kabrit,,,,
المُخبر الاقتصادي+ | لماذا تساعد روسيا إيران على الصمود وتوريط أمريكا في حرب استنزاف طويلة؟,https://www.youtube.com/watch?v=hmtuZdWVNwA,aj_kabrit,,,,
الجهبذ | الذكاء الاصطناعي في ساحة المعركة: كيف تغيّرت الحروب الحديثة؟,https://www.youtube.com/watch?v=YDAkVi0ty2c,aj_kabrit,,,,
المُخبر الاقتصادي+ | كيف سيدفع العالم كله ثمن حرب أمريكا وإسرائيل على إيران بعد إغلاق مضيق هرمز؟,https://www.youtube.com/watch?v=a44Yfun0csY,aj_kabrit,,,,
الجهبذ | ما هو الحرس الثوري الإيراني؟ وهل يختلف عن الجيش الإيراني؟,https://www.youtube.com/watch?v=xcGZq-LDIbo,aj_kabrit,,,,
السليط الإخباري 2026 | هل بدأت الحرب العالمية الثالثة؟,https://www.youtube.com/watch?v=_yj6_1TDICQ,aj_kabrit,,,,
المُخبر الاقتصادي+ | كيف ورطت أمريكا وإسرائيل العالم في حرب مجنونة مع إيران؟,https://www.youtube.com/watch?v=V4_B-Ow3bQs,aj_kabrit,,,,
الجهبذ | أسرار الصواريخ الإيرانية: لماذا تعتمد إيران على الصواريخ في حروبها؟,https://www.youtube.com/watch?v=FX6fC5IWI6U,aj_kabrit,,,,
المُخبر الاقتصادي+ | لماذا فضلت إيران الحرب على الاستسلام؟ كيف تلعب أمريكا بنار ستحرق الجميع؟,https://www.youtube.com/watch?v=_0pFQi8_iV4,aj_kabrit,,,,
هل تغيرت المسلسلات السورية الرمضانية بعد سقوط الأسد؟,https://www.youtube.com/watch?v=rWX0idfvNzw,aj_kabrit,,,,
السليط الإخباري 2026 | ما هو مسلسلك أو برنامجك المفضل في رمضان 2026؟,https://www.youtube.com/watch?v=qGUQ_-TFgiM,aj_kabrit,,,,
المُخبر الاقتصادي+ | هل تقضي حرب أمريكا وإسرائيل ضد إيران على رئاسة ترامب وتدمّر المنطقة؟,https://www.youtube.com/watch?v=YoaffuQtJ3k,aj_kabrit,,,,
الجهبذ | كيف يمكن أن تصنع بعض الشعوب ديكتاتوراً؟ وما علاقة مسلسل مولانا؟,https://www.youtube.com/watch?v=WbOxkVXkt2o,aj_kabrit,,,,
المُخبر الاقتصادي+ | كيف تُشعل حرب عالمية في سوق الرقائق الإلكترونية أسعار الهواتف والحواسيب؟,https://www.youtube.com/watch?v=Aawvk20n4gM,aj_kabrit,,,,
الجهبذ | هل أنت من جيل الطيبين؟ تعرّف على تصنيفك الآن!,https://www.youtube.com/watch?v=GTrlmJqEhBM,aj_kabrit,,,,
السليط الإخباري 2026 | شاهد قبل الحذف، اعتقال نتنياهو ومحاكمة ترمب,https://www.youtube.com/watch?v=4XwRy6N-FsY,aj_kabrit,,,,
المُخبر الاقتصادي+ | كيف اغتالت أمريكا اقتصاد إيران دون حرب؟,https://www.youtube.com/watch?v=cHK6n5htljg,aj_kabrit,,,,
الجهبذ | رحلة اللغة الكردية عبر التاريخ,https://www.youtube.com/watch?v=rEUagcqEvEY,aj_kabrit,,,,
المُخبر الاقتصادي+ | لماذا تخاف أمريكا من اقتراب كندا من الصين؟,https://www.youtube.com/watch?v=8oKQM_-wYfM,aj_kabrit,,,,
السليط الإخباري 2026 | الفيديوهات اللي تستاهل تخلص الباقة عليها.,https://www.youtube.com/watch?v=2KRzGrzzXUU,aj_kabrit,,,,
المُخبر الاقتصادي+ | كيف تجهز الصين 100 ألف عبقري سنوياً للفوز في سباق التكنولوجيا مع أمريكا؟,https://www.youtube.com/watch?v=2DedixeJBjI,aj_kabrit,,,,
الجهبذ | اليمن بين الشمال والجنوب: تاريخ الانقسام والوحدة والصراع,https://www.youtube.com/watch?v=niYKihrYpRc,aj_kabrit,,,,
المُخبر الاقتصادي+ | هل تتدخل الصين وتنقذ إيران في حربها المحتملة مع أمريكا؟,https://www.youtube.com/watch?v=qspQL3W4-_E,aj_kabrit,,,,
الجهبذ | لماذا لم تنقذ ثروات فنزويلا شعبها؟,https://www.youtube.com/watch?v=HIlh2XSpOGg,aj_kabrit,,,,
السليط الإخباري 2026 | ما هي جزيرة إبستين؟ وهل تمتلك إيران سلاحاً سرياً؟,https://www.youtube.com/watch?v=UbgeSdPFUxQ,aj_kabrit,,,,
المُخبر الاقتصادي+ | كيف انهارت أسعار الذهب خلال ساعات؟ ما الذي حدث في السوق؟,https://www.youtube.com/watch?v=h8Wc-Bw0npE,aj_kabrit,,,,
الجهبذ | من هو توم براك، رجل ترمب القوي في الشرق الأوسط؟,https://www.youtube.com/watch?v=5b654JIoTrQ,aj_kabrit,,,,
المُخبر الاقتصادي+|لماذا تكره إيران أمريكا؟ كيف دبرت المخابرات الأمريكية انقلاباً غيّر الشرق الأوسط؟,https://www.youtube.com/watch?v=GdE6gM8Qsjs,aj_kabrit,,,,
السليط الإخباري 2026 | هل تندلع الحرب بين أمريكا وإيران؟ وما قصة البطريق؟,https://www.youtube.com/watch?v=iMEcLzt-xMQ,aj_kabrit,,,,
المُخبر الاقتصادي+ | كيف يمكن أن يندلع دمار شامل في الشرق الأوسط في الحرب المحتملة على إيران؟,https://www.youtube.com/watch?v=77NMEvrkxmE,aj_kabrit,,,,
معارك واتفاقات.. هل ينتهي نفوذ قسد في سوريا؟,https://www.youtube.com/watch?v=Z_7KC5GMeSw,aj_kabrit,,,,
المُخبر الاقتصادي+ | ماذا لو استخدمت أوروبا أقوى سلاح لديها ضد الاقتصاد الأمريكي؟,https://www.youtube.com/watch?v=llq9DPvSPY4,aj_kabrit,,,,
السليط الإخباري 2026 | ما الدين الذي برقبة اليهود للشعب الإيراني؟,https://www.youtube.com/watch?v=sUoLQOMab0g,aj_kabrit,,,,
المُخبر الاقتصادي+ | كيف تعاني فرنسا من نقطة ضعف خطيرة في أي حرب قادمة مع روسيا؟,https://www.youtube.com/watch?v=dPw8YEQzyM4,aj_kabrit,,,,
المُخبر الاقتصادي+ | لماذا ستفرح الصين لو نجح ترمب في السيطرة على أهم بنك مركزي في العالم؟,https://www.youtube.com/watch?v=15ENJKs06Ek,aj_kabrit,,,,
السليط الإخباري 2026 | ما الذي يحدث بين إيران وأمريكا؟,https://www.youtube.com/watch?v=IGCizFQx8V0,aj_kabrit,,,,
المُخبر الاقتصادي+ | هل تجرؤ أمريكا على اختطاف زعيم كوريا الشمالية لتكرر سيناريو فنزويلا؟,https://www.youtube.com/watch?v=AtGwDbc5cTM,aj_kabrit,,,,
المُخبر الاقتصادي+ | لماذا قد يصبح بترول فنزويلا الهائل لعنة على أمريكا؟ كيف أخطأ ترمب في حساباته؟,https://www.youtube.com/watch?v=ThkydFnzpKQ,aj_kabrit,,,,
المُخبر الاقتصادي+ | كيف خطفت أمريكا حليف الصين المهم في أقل من ثلاث ساعات؟ هل يحاصر ترمب الصين؟,https://www.youtube.com/watch?v=jczM7EYfccc,aj_kabrit,,,,
المُخبر الاقتصادي+ | كيف تستعد إيران وإسرائيل بسرعة للحرب القادمة بينهما؟ من يضرب أولاً؟,https://www.youtube.com/watch?v=jcAvhjAjJ_0,aj_kabrit,,,,
المدوان | كيف وصل أثر السلطان علي دينار من دارفور إلى الكعبة؟,https://www.youtube.com/watch?v=UW3MRuEOGqI,aj_kabrit,,,,
المُخبر الاقتصادي+ | لماذا تهاجم أمريكا فنزويلا وتحاصرها بأكبر أسطول حربي في العالم؟,https://www.youtube.com/watch?v=Zb0ZeGzpk1k,aj_kabrit,,,,
الجهبذ | هل كانت هذه السنة نقطة الانعطاف التي غيرت سوريا والمنطقة إلى الأبد؟,https://www.youtube.com/watch?v=KFcRMjoOfZI,aj_kabrit,,,,
المُخبر الاقتصادي+ | هل نجحت الصين في فك شفرة أخطر ماكينة في العالم وكسر حصار أمريكا؟,https://www.youtube.com/watch?v=5qNooNZUVvA,aj_kabrit,,,,
من هو صاحب شخصية حنظلة؟ ولماذا اغتيل في لندن؟,https://www.youtube.com/watch?v=_NVlS90gin8,aj_kabrit,,,,
المُخبر الاقتصادي+ | هل ستستمر الأسعار في الارتفاع خلال 2026؟,https://www.youtube.com/watch?v=8lU8-CLfQwk,aj_kabrit,,,,
الجهبذ | القدس بين السقوط والتحرير,https://www.youtube.com/watch?v=AVzxx4nIFmU,aj_kabrit,,,,
المُخبر الاقتصادي+ | كيف يمكن أن يتسبب رجل واحد في أزمة مالية عالمية؟,https://www.youtube.com/watch?v=N5ZeSKCmous,aj_kabrit,,,,
المدوان |  من سفن المخا إلى مقاهي أوروبا.. رحلة البن اليمني التي صنعت إدماناً عالمياً.,https://www.youtube.com/watch?v=TEXgXEolRwQ,aj_kabrit,,,,
المُخبر الاقتصادي+ | لماذا اندلعت حرب في أمريكا للاستحواذ على واحدة من أشهر الشركات في العالم؟,https://www.youtube.com/watch?v=sFg7rJ0Fdxo,aj_kabrit,,,,
الجهبذ | قصة سقوط السلطنة العثمانية وعلاقتها بحدود منطقتنا الحالية,https://www.youtube.com/watch?v=05mwK1rjy4A,aj_kabrit,,,,
المُخبر الاقتصادي+ | لماذا يرفض الشباب الألماني الدفاع عن ألمانيا في حربها المحتملة مع روسيا؟,https://www.youtube.com/watch?v=YNUcoSokh0E,aj_kabrit,,,,
السليط الإخباري 2025 | السليط الإخباري يودعكم بالرد على تعليقاتكم.. لنا لقاء آخر,https://www.youtube.com/watch?v=KNsHE54HBx8,aj_kabrit,,,,
المُخبر الاقتصادي+ | لماذا لا تستطيع أمريكا إيقاف صعود الصين الأقوى  بكثير من الاتحاد السوفييتي؟,https://www.youtube.com/watch?v=axSZMk2FIGo,aj_kabrit,,,,
الجهبذ | كيف تغيرت سوريا خلال هذا العام؟,https://www.youtube.com/watch?v=rZPzmv_biD4,aj_kabrit,,,,
المُخبر الاقتصادي+ | هل تهاجم أوروبا روسيا أولاً أم تنتظر حتى يضربها بوتين ويفكك الناتو؟,https://www.youtube.com/watch?v=kSZISklt_SY,aj_kabrit,,,,
المدوان | ما سر اختفاء وعودة بطولة كأس العرب عبر العقود؟ وكيف تأثرت البطولة بالسياسة؟,https://www.youtube.com/watch?v=a7B1i3H_KaQ,aj_kabrit,,,,
السليط الإخباري 2025 | هل يعود بشار الأسد ويحكم سوريا؟,https://www.youtube.com/watch?v=YQovVis0MY4,aj_kabrit,,,,
المُخبر الاقتصادي+ | لماذا قد تنهار إنفيديا وتتسبب في أزمة مالية عالمية أسوأ من 2008؟,https://www.youtube.com/watch?v=ZfUfU5To4QY,aj_kabrit,,,,
المخبر الاقتصادي | هل تكرر أمريكا خدعة النووي مع أوكرانيا وتخونها للمرة الثانية وتسلمها لبوتين؟,https://www.youtube.com/watch?v=KXIao-z9lbo,aj_kabrit,,,,
المدوان |  كيف تحول مسجد قباء إلى أول مشروع يوحد الأمة الإسلامية؟,https://www.youtube.com/watch?v=u36sMmSUayI,aj_kabrit,,,,
السليط الإخباري 2025 | من هي المرأة البلاستيكية التي أرهقت الأمن البريطاني؟,https://www.youtube.com/watch?v=i8N_hWpkdow,aj_kabrit,,,,
المُخبر الاقتصادي+ | كيف بنت الصين حاملة طائرات مرعبة لمواجهة الجيش الأمريكي في البحار؟,https://www.youtube.com/watch?v=16mA676OpFU,aj_kabrit,,,,
الجهبذ | لماذا يشعر بعض السوريين بالقلق تجاه سوريا الجديدة؟,https://www.youtube.com/watch?v=wdEm4mMf3qI,aj_kabrit,,,,
المُخبر الاقتصادي+ | كيف تواجه إيران أخطر أزمة في تاريخها؟ أين اختفت المياه؟,https://www.youtube.com/watch?v=eJHslsvHI2o,aj_kabrit,,,,
المدوان |  كيف أنقذت عُمان البصرة؟ وكيف كسرت سفينة “الرحماني” السلسلة الحديدية؟,https://www.youtube.com/watch?v=HVqXdZouzPE,aj_kabrit,,,,
السليط الإخباري 2025 | شاهد قبل الحذف فضائح بالجملة,https://www.youtube.com/watch?v=03OSmgRi_hM,aj_kabrit,,,,
المُخبر الاقتصادي+ | كيف تخطط فنزويلا لتوريط أمريكا في حرب عصابات طويلة؟,https://www.youtube.com/watch?v=Zk7y5IVFu4c,aj_kabrit,,,,
الجهبذ | ماذا تعرف عن تاريخ الدروز في سوريا؟,https://www.youtube.com/watch?v=Nf6D936Qa34,aj_kabrit,,,,
المُخبر الاقتصادي+ | لماذا تشتري الصين كميات كبيرة من النفط بسرعة؟ هل تستعد لحرب مع أمريكا؟,https://www.youtube.com/watch?v=iFKipeo7njk,aj_kabrit,,,,
المدوان |  أبو نضال.. أخطر رجال القضية الفلسطينية.. ما الذي جمعه بصدام حسين ومعمر القذافي؟,https://www.youtube.com/watch?v=JXOsQfC071Y,aj_kabrit,,,,
السليط الإخباري 2025 | لماذا تريد الهند القضاء على الإسلام؟ وما علاقة ممداني؟,https://www.youtube.com/watch?v=Hxv55263Kpo,aj_kabrit,,,,
المُخبر الاقتصادي+ | كيف خسرت إسرائيل أغنى مدينة في العالم؟,https://www.youtube.com/watch?v=2IYHEPTmRkE,aj_kabrit,,,,
الجهبذ | لماذا أثار فوز عمدة نيويورك زهران ممداني كل هذه الضجة؟ قصة صعود صاروخية تهز أمريكا!,https://www.youtube.com/watch?v=RZzACheJV1c,aj_kabrit,,,,
المُخبر الاقتصادي+ | هل تستولي أمريكا على احتياطيات الذهب العالمية الموجودة في خزائنها؟,https://www.youtube.com/watch?v=koCvMZcbkFo,aj_kabrit,,,,
المدوان | هل يشمل التحالف السعودي - الباكستاني مظلة نووية؟,https://www.youtube.com/watch?v=x411E2XNl6c,aj_kabrit,,,,
السليط الإخباري 2025 | من هو زهران ممداني؟ وهل بشار الأسد أهبل؟,https://www.youtube.com/watch?v=EgSLgL9SZvw,aj_kabrit,,,,
المُخبر الاقتصادي+ | لماذا قد ينهار سوق الأسهم الأمريكي في أي لحظة ويتسبب في أزمة مالية عالمية؟,https://www.youtube.com/watch?v=G32CNcPfwJE,aj_kabrit,,,,
الجهبذ | هل يشتاق السوريون إلى أيام نظام الأسد؟,https://www.youtube.com/watch?v=_nDlhQgVLDU,aj_kabrit,,,,
المُخبر الاقتصادي+ | كيف انتصرت الصين على أمريكا في حرب السفن قبل أن تبدأ؟,https://www.youtube.com/watch?v=UBNe4Fb3u48,aj_kabrit,,,,
المدوان | من البحرين إلى جدة: كيف غيّرت الحرب العالمية الثانية وجه الخليج؟,https://www.youtube.com/watch?v=KqVy5XBZEO8,aj_kabrit,,,,
السليط الإخباري 2025 | ماذا يحصل في السودان؟ من يهدد مصر؟,https://www.youtube.com/watch?v=15sOYRhGOkw,aj_kabrit,,,,
المُخبر الاقتصادي+ | لماذا تشعر إسرائيل بالرعب من الشباب الأمريكي الذي أصبح يكرهها؟,https://www.youtube.com/watch?v=yr_YMFpsuxE,aj_kabrit,,,,
!الجهبذ | هل ينجو نتنياهو من المساءلة القانونية بمساعدة ترمب؟,https://www.youtube.com/watch?v=-_3k6Qg3LAo,aj_kabrit,,,,
المُخبر الاقتصادي+ | لماذا ترفض أمريكا إرسال أخطر صواريخها إلى أوكرانيا وتطالبها بالاستسلام لبوتين؟,https://www.youtube.com/watch?v=jMViTq-rCoI,aj_kabrit,,,,
المدوان |  من جريندايزر إلى تويوتا… كيف دخلت اليابان إلى بيوت السعوديين؟,https://www.youtube.com/watch?v=i2CDlscRv_k,aj_kabrit,,,,
السليط الإخباري 2025 | ما سر التطبيل للحكام والرؤساء والدول؟,https://www.youtube.com/watch?v=gsnYjlsd1t0,aj_kabrit,,,,
"المُخبر الاقتصادي+ | لماذا تخاف البنوك المركزية من ""سرقة"" أموال روسيا وتشتري أطناناً من الذهب؟",https://www.youtube.com/watch?v=Almgj9J8Kfs,aj_kabrit,,,,
الجهبذ | الجهبذ | روسيا.. تؤوي الأسد وتستقبل الشرع! ما آخر تطورات العلاقات السورية الروسية؟,https://www.youtube.com/watch?v=n4C3XumWY5s,aj_kabrit,,,,
المُخبر الاقتصادي+ | كيف تدفع الصين صناعة السيارات الألمانية نحو الانهيار بسرعة؟,https://www.youtube.com/watch?v=0XYLmmLi208,aj_kabrit,,,,
المدوان |  لماذا أعدم ستالين صديق الملك عبد العزيز؟ وكيف خسر الاتحاد السوفييتي السعودية؟,https://www.youtube.com/watch?v=CLO0pr6suWY,aj_kabrit,,,,
السليط الإخباري 2025 | هل قامت القيامة في سوريا؟ ما قصة الكنيسة الصهيونية؟,https://www.youtube.com/watch?v=0mgt98DBlpc,aj_kabrit,,,,
المُخبر الاقتصادي+ | لماذا لا تخاف الصين من أمريكا؟ كيف تتحدى ترمب؟,https://www.youtube.com/watch?v=ihhVsPZ30_k,aj_kabrit,,,,
"الجهبذ | بعد وقف إطلاق النار.. هل تسعى إسرائيل إلى تحقيق ""إسرائيل الكبرى""؟",https://www.youtube.com/watch?v=R-TwyTGm4zI,aj_kabrit,,,,
المُخبر الاقتصادي+ | لماذا يشتري الجميع الذهب بسرعة؟ هل تنهار أسعاره قريباً أم تستمر في الارتفاع؟,https://www.youtube.com/watch?v=5GeM5OcQC3g,aj_kabrit,,,,
المدوان | من كان وراء انهيار سوق الأسهم السعودي عام 2006؟,https://www.youtube.com/watch?v=4haHW0xKKzg,aj_kabrit,,,,
السليط الإخباري 2025 | وقف إطلاق نار في غزة، أخيراً بعد عامين من الإبادة,https://www.youtube.com/watch?v=iFW6jfuTwNk,aj_kabrit,,,,
المُخبر الاقتصادي+ | هل يحكم توني بلير غزة لصالح إسرائيل؟ لماذا يكره الجميع توني؟,https://www.youtube.com/watch?v=R4gHAp0B3jk,aj_kabrit,,,,
الجهبذ | ما الرسالة التي يحملها أسطول الصمود العالمي؟,https://www.youtube.com/watch?v=rh0lcOabF7k,aj_kabrit,,,,
المُخبر الاقتصادي+ | هل تسيطر إسرائيل على تيك توك بعد أن تشتريه أمريكا؟ هل يدمر رئيس الصين الصفقة؟,https://www.youtube.com/watch?v=OldbMNIvsH4,aj_kabrit,,,,
المدوان |  قصة زرقاء اليمامة.. المرأة التي رأت الموت قادماً ولم يصدقها أحد!,https://www.youtube.com/watch?v=wp_3RSt6LrU,aj_kabrit,,,,
السليط الإخباري 2025|  ما هي خطة ترمب وما مصير أسطول الصمود؟,https://www.youtube.com/watch?v=Zj-J1Y7nJFw,aj_kabrit,,,,
المُخبر الاقتصادي+ | هل يقود نتنياهو إسرائيل نحو انهيارها؟,https://www.youtube.com/watch?v=RICBQ-QJ-M4,aj_kabrit,,,,
الجهبذ | ماذا تعرف عن طائرات شاهين؟ السلاح الذي برز في معركة ردع العدوان؟,https://www.youtube.com/watch?v=q4fYuOWTQLk,aj_kabrit,,,,
المُخبر الاقتصادي+ | لماذا تحب إسبانيا فلسطين بشدة وتدافع عنها ضد إسرائيل؟,https://www.youtube.com/watch?v=Vw4_j83OnRA,aj_kabrit,,,,
المدوان | من أين جاء الريال السعودي؟ ولماذا لم توحد دول الخليج عملتها حتى الآن؟,https://www.youtube.com/watch?v=Du1iO9yTwug,aj_kabrit,,,,
السليط الإخباري 2025|  هل تتوقف الإبادة بعد الاعتراف بدولة فلسطينية؟,https://www.youtube.com/watch?v=DtI2W2HsHiI,aj_kabrit,,,,
المُخبر الاقتصادي+ | هل ستقاطع أوروبا إسرائيل وتنقلب عليها أخيراً؟,https://www.youtube.com/watch?v=FUQExXnrEz0,aj_kabrit,,,,
الجهبذ | هل تكون زيارة الشرع لأمريكا بداية مبشرة لسوريا الجديدة؟,https://www.youtube.com/watch?v=eeUqkG1FC0g,aj_kabrit,,,,
المُخبر الاقتصادي+ | لماذا انهارت الحكومة الفرنسية؟ هل تخرج أزمة فرنسا المالية عن السيطرة؟,https://www.youtube.com/watch?v=b1SoBD5OgLM,aj_kabrit,,,,
من حجر اليمامة إلى العاصمة الرياض.. رحلة تحول العاصمة السعودية,https://www.youtube.com/watch?v=pgjJ5ojQHbI,aj_kabrit,,,,
السليط الإخباري 2025 | من قتل تشارلي كيرك؟ وهل قاتل الشياطين ياباني؟,https://www.youtube.com/watch?v=6OX68brG8xQ,aj_kabrit,,,,
المخبر الاقتصادي+ | لماذا تعجز إسرائيل عن ردع الحوثيين في اليمن رغم فارق القوة الضخم؟,https://www.youtube.com/watch?v=zI2Zc3PMYbU,aj_kabrit,,,,
الجهبذ | لماذا نتصرف بغرابة حين نتألم؟,https://www.youtube.com/watch?v=XajOqLJe22s,aj_kabrit,,,,
المُخبر الاقتصادي+ | كيف تقترب روسيا من الصين بسرعة في تعاون تخشاه أمريكا؟,https://www.youtube.com/watch?v=T9sno-RDdeI,aj_kabrit,,,,
المدوان |  أحمد بن ماجد: أسد البحار الذي علم أوروبا وأدهش العالم. لماذا اتُهم بالخيانة؟,https://www.youtube.com/watch?v=rOUdZFvoAMQ,aj_kabrit,,,,
السليط الإخباري 2025 | من التالي بعد فلسطين ولبنان وسوريا واليمن وإيران وتونس وقطر؟,https://www.youtube.com/watch?v=jotxkWjxC-0,aj_kabrit,,,,
المُخبر الاقتصادي+ | كيف تخطط أمريكا وإسرائيل معاً لتدمير غزة وتهجير أهلها؟ كيف يخدع نتنياهو الجميع؟,https://www.youtube.com/watch?v=fHtq7H0lY3U,aj_kabrit,,,,
الجهبذ | معيار غريب يحدد درجة دمشقيتك.. ما هو؟,https://www.youtube.com/watch?v=isIrCSQtij4,aj_kabrit,,,,
المُخبر الاقتصادي+ | لماذا ستهاجم إسرائيل إيران مرة أخرى؟ كيف يستعد الإيرانيون للحرب القادمة؟,https://www.youtube.com/watch?v=NsY92_Sukeo,aj_kabrit,,,,
المدوان | كيف حولت جيوش نظامية أوراق الكوتشينة من لعبة إلى تحريض وملاحقة؟,https://www.youtube.com/watch?v=3YKUlbyIlV0,aj_kabrit,,,,
السليط الإخباري 2025 | هل اغتيال الملثم أبو عبيدة حقيقة أم إشاعة؟,https://www.youtube.com/watch?v=SKAHogInzlc,aj_kabrit,,,,
الجهبذ | رحلة في فهم الفاشية.. من موسوليني وهتلر:,https://www.youtube.com/watch?v=bG-GTjwi4bo,aj_kabrit,,,,
المُخبر الاقتصادي+ | كيف تساعد أخطر شركة أمريكية إسرائيل في تدمير غزة بالكامل؟,https://www.youtube.com/watch?v=edyZRvsyRxA,aj_kabrit,,,,
المدوان |  كيف تحولت جريمة بمستشفى عسكري سعودي إلى أزمة دولية؟,https://www.youtube.com/watch?v=EybhQD4QTrg,aj_kabrit,,,,
السليط الإخباري 2025 | لماذا حُرق المصحف الشريف؟ وما هي آخر جرائم إسرائيل؟,https://www.youtube.com/watch?v=nneRZH8_qp0,aj_kabrit,,,,
المُخبر الاقتصادي+ | لماذا يدمر ترمب تحالف أمريكا مع الهند ويدفعها لحضن الصين بعد حرب باكستان؟,https://www.youtube.com/watch?v=kLUtJVUAqwc,aj_kabrit,,,,
الجهبذ | تقسيم سوريا,https://www.youtube.com/watch?v=mwjGYAmrqMQ,aj_kabrit,,,,
المُخبر الاقتصادي+ | كيف تفوق بوتين على ترمب وأوروبا وأخفى نقطة ضعف روسيا القاتلة؟,https://www.youtube.com/watch?v=ObzT9Suohwo,aj_kabrit,,,,
السليط الإخباري 2025 | هل الاحتلال يحمينا؟ وما سر الغضب من مستر بيست؟,https://www.youtube.com/watch?v=8ao51FM0frc,aj_kabrit,,,,
المُخبر الاقتصادي+ | كيف تتلاعب إسرائيل بعقول أعضاء الكونغرس الأمريكي؟,https://www.youtube.com/watch?v=XmEJ1FH8X9g,aj_kabrit,,,,
رحلة داخل دماغك: كيف تصنع اللوزة الدماغية خوفنا؟ وكيف نكسره؟,https://www.youtube.com/watch?v=3z3xLhexAnA,aj_kabrit,,,,
المُخبر الاقتصادي+ | لماذا يسحب أكبر صندوق ثروة سيادي في العالم أمواله بسرعة من إسرائيل؟,https://www.youtube.com/watch?v=cMnqbHt_i0M,aj_kabrit,,,,
السليط الإخباري 2025 | هل أنس الشريف من حماس ومحمد صلاح معادٍ للسامية؟,https://www.youtube.com/watch?v=9iamWxYQ6Ww,aj_kabrit,,,,
المُخبر الاقتصادي+ | هل تتحول غزة إلى فيتنام إسرائيل؟ هل تقدر إسرائيل على تكلفة الاحتلال؟,https://www.youtube.com/watch?v=GvBMmhQzgUM,aj_kabrit,,,,
الجهبذ | هل بدأ العالم نبذ إسرائيل والاعتراف بفلسطين؟,https://www.youtube.com/watch?v=URNAUwQz_zI,aj_kabrit,,,,
المُخبر الاقتصادي+ | ما أسرار التعاون الخطير بين إسرائيل وأكبر شركة للتواصل الاجتماعي في العالم؟,https://www.youtube.com/watch?v=rl4vdMLIdGw,aj_kabrit,,,,
السليط الإخباري 2025 | ما قصة الشوارب؟ وما قصة أصالة ومايا دياب؟,https://www.youtube.com/watch?v=BlmKD1ERWuA,aj_kabrit,,,,
المُخبر الاقتصادي+ | من هو وزير خارجية أمريكا الحقيقي الذي يدير ملفات روسيا وإيران وإسرائيل؟,https://www.youtube.com/watch?v=AngP2U45g0Q,aj_kabrit,,,,
الجهبذ | سربرينيتسا، مذبحة المسلمين في البوسنة,https://www.youtube.com/watch?v=Xor4meSpbWE,aj_kabrit,,,,
المُخبر الاقتصادي+ | كيف انقلب الشباب الأمريكي على إسرائيل؟ لماذا تشعر بالخطر؟,https://www.youtube.com/watch?v=Wegv6E19HKQ,aj_kabrit,,,,
المدوان | لغز الطائرة البريطانية أثناء الغزو العراقي للكويت.. كيف تحولت رحلة ترانزيت لأزمة رهائن؟,https://www.youtube.com/watch?v=AymxZsPSHmY,aj_kabrit,,,,
السليط الإخباري 2025 | أنت لست كافراً، لكن أخبار هذه الحلقة كافرة,https://www.youtube.com/watch?v=ycg-Br_jPwM,aj_kabrit,,,,
المُخبر الاقتصادي+ | لماذا تحالفت إسرائيل مع إثيوبيا؟,https://www.youtube.com/watch?v=nzhxKy6yhfg,aj_kabrit,,,,
الجهبذ | 10 مفاهيم خاطئة في سوريا هل يمكن تفاديها؟,https://www.youtube.com/watch?v=gT_QqS01kLU,aj_kabrit,,,,
المُخبر الاقتصادي+ | لماذا لا يريد ترمب كشف ملفات قد تحتوي على أسماء ومواد مخلة مصورة لشخصيات مهمة؟,https://www.youtube.com/watch?v=Zh6bPjIahP8,aj_kabrit,,,,
المدوان | السلطنة الكثيرية: كيف امتد نفوذها انطلاقاً من حضرموت إلى تخوم الجزيرة؟ ولماذا اختفت؟,https://www.youtube.com/watch?v=7mffKyC6oMU,aj_kabrit,,,,
السليط الإخباري 2025 | احتلال سافر وجوع كافر,https://www.youtube.com/watch?v=1ZTkoOazGOI,aj_kabrit,,,,
المُخبر الاقتصادي+ | لماذا يتفرج الجميع بينما تقتل إسرائيل وأمريكا أهل غزة وتخططان لتهجيرهم؟,https://www.youtube.com/watch?v=5JxhtJaXKhU,aj_kabrit,,,,
الجهبذ | هل من طريقة لإنقاذ سوريا من الحروب الطائفية؟,https://www.youtube.com/watch?v=SRKQZhfPleU,aj_kabrit,,,,
المُخبر الاقتصادي+ | كيف خسرت أمريكا معظم صواريخها الثمينة وأصبحت في ورطة أمام الصين وروسيا؟,https://www.youtube.com/watch?v=x8b1hPUzSVM,aj_kabrit,,,,
"المدوان | ما هي كارثة ""سنة الطبعة"" التي دمرت سواحل الخليج وحولت البحر لمقبرة جماعية؟",https://www.youtube.com/watch?v=wQRUvaKYN_E,aj_kabrit,,,,
السليط الإخباري 2025 | إسرائيل تقصف دمشق بحجة حماية الدروز,https://www.youtube.com/watch?v=GCVT2IdLfvY,aj_kabrit,,,,
المُخبر الاقتصادي+ | كيف تجسست أمريكا وإسرائيل على معظم الدول العربية في عملية جريئة جداً؟,https://www.youtube.com/watch?v=RXtGlHiKStI,aj_kabrit,,,,
الجهبذ | ماذا حدث في السجن الصحرواي ؟,https://www.youtube.com/watch?v=N4fr3tOWGo8,aj_kabrit,,,,
المُخبر الاقتصادي+ | لماذا تخشى أمريكا مساعدة كوريا الشمالية لإيران في الأنفاق والصواريخ والنووي؟,https://www.youtube.com/watch?v=wDHgskuijXQ,aj_kabrit,,,,
المدوان |  لماذا ترك مبارك بن لندن بريطانيا وذهب لمطاردة الجراد في صحراء الربع الخالي؟,https://www.youtube.com/watch?v=r710FrbQkIo,aj_kabrit,,,,
السليط الإخباري 2025 | متى ستنتهي الحرب؟ وماذا فعلت مها الصغير؟,https://www.youtube.com/watch?v=oxhOetX8fDQ,aj_kabrit,,,,
المُخبر الاقتصادي+ | كيف تقدم أمريكا هدية ثمينة للصين دون قصد؟ هل تصبح الصين القوة العظمى الجديدة؟,https://www.youtube.com/watch?v=ht-F2SB6h6o,aj_kabrit,,,,
الجهبذ | هل تحتاج الشعوب للترهيب من أجل التأديب؟,https://www.youtube.com/watch?v=Q1-h1BWxaac,aj_kabrit,,,,
المُخبر الاقتصادي+ | كيف ساعدت فرنسا وأمريكا إسرائيل في الحصول على السلاح النووي؟,https://www.youtube.com/watch?v=Ac_9bOwMRYA,aj_kabrit,,,,
المدوان |  كيف طرد الإمام ناصر بن مرشد اليعربي البرتغاليين من عُمان؟,https://www.youtube.com/watch?v=pHPxXjgUuuM,aj_kabrit,,,,
السليط الإخباري 2025| ماذا فعل متطرف يهودي بالقس المسيحي بأمريكا؟ وهل يحقق الهلال السعودي المفاجأة؟,https://www.youtube.com/watch?v=it2qlldfcNA,aj_kabrit,,,,
المُخبر الاقتصادي+ | هل تلجأ إيران للصين بعد تخلي روسيا عنها؟ هل باعها بوتين لإسرائيل؟,https://www.youtube.com/watch?v=Jj_A2_D9ceE,aj_kabrit,,,,
الجهبذ | ماذا تعرفون عن مسيحيي سوريا؟,https://www.youtube.com/watch?v=V2qYkn2ApEE,aj_kabrit,,,,
المُخبر الاقتصادي+ | لماذا وكيف ستصنع إيران قنبلة نووية قريباً؟ من يقف وراء المشروع؟,https://www.youtube.com/watch?v=GEutwx-nOKo,aj_kabrit,,,,
المدوان | كيف نجت فتاة صغيرة من سقوط طائرة يمنية في المحيط بدون سترة نجاة ولا حزام؟,https://www.youtube.com/watch?v=ALnkFbJhhU8,aj_kabrit,,,,
السليط الإخباري 2025 | من انتصر في الحرب؟ إيران أم إسرائيل؟,https://www.youtube.com/watch?v=sWOny0eW6wo,aj_kabrit,,,,
المُخبر الاقتصادي+ | كيف تخترق أمريكا إيران وكل دول العالم؟,https://www.youtube.com/watch?v=Y69GdjNOjwQ,aj_kabrit,,,,
الجهبذ | من يحكم إيران فعلياً: الرئيس أم المرشد الأعلى خامنئي؟,https://www.youtube.com/watch?v=xunUv7zLAhM,aj_kabrit,,,,
المُخبر الاقتصادي+ | لماذا احتاجت إسرائيل لمساعدة أمريكا في ضرب النووي الإيراني؟,https://www.youtube.com/watch?v=LF6RoAFPtDI,aj_kabrit,,,,
المدوان | لماذا تستهدف العقول والعلماء في العالم الإسلامي من بيت الحكمة إلى اليوم؟!,https://www.youtube.com/watch?v=Zf1Fb19zKk8,aj_kabrit,,,,
السليط الإخباري 2025 | متى ستدخل أمريكا الحرب؟ وهل سيستخدم النووي؟,https://www.youtube.com/watch?v=t1Yr8ZaJcrM,aj_kabrit,,,,
المُخبر الاقتصادي+ | لماذا تندفع إيران بقوة نحو القنبلة النووية وحدها دون العرب؟,https://www.youtube.com/watch?v=5KeI9d2npGk,aj_kabrit,,,,
الجهبذ | هل اقتربت الحرب الكبرى بين إيران وإسرائيل؟,https://www.youtube.com/watch?v=m6vl08qgi0U,aj_kabrit,,,,
المُخبر الاقتصادي+ | لماذا لا تقدر أمريكا على هواوي؟ كيف أصبحت أقوى شركة تكنولوجيا في العالم؟,https://www.youtube.com/watch?v=CL2TvrOKvI4,aj_kabrit,,,,
المدوان | ​​من هي أول بريطانية تؤدي فريضة الحج؟ وماذا فعلت أمام بابا الفاتيكان؟,https://www.youtube.com/watch?v=mc5kc3bC2X0,aj_kabrit,,,,
المُخبر الاقتصادي+ | كيف حاولت إسرائيل القضاء على مشروع القنبلة النووية الباكستانية؟,https://www.youtube.com/watch?v=50riNBDDYRQ,aj_kabrit,,,,
الجهبذ | لماذا اختار الرئيس الشرع فرنسا كأول وجهة بعد سقوط نظام الأسد؟,https://www.youtube.com/watch?v=-HRLCFn03jU,aj_kabrit,,,,
المُخبر الاقتصادي+ | هل تستطيع القبة الذهبية حماية أمريكا من صواريخ الصين المرعبة؟,https://www.youtube.com/watch?v=KxwSgNaFkYw,aj_kabrit,,,,
المدوان | لماذا اختار الملك عبد العزيز ضابطاً ليبياً لرئاسة أركان الجيش؟ وماذا جاء في قرار تعيينه؟,https://www.youtube.com/watch?v=aAmhTMFD0z4,aj_kabrit,,,,
السليط الإخباري 2025 | من هو بطل أوروبا؟ ومن هو كبير المكوعين؟,https://www.youtube.com/watch?v=uqNjeWonCwU,aj_kabrit,,,,
المُخبر الاقتصادي+ | كيف اخترقت أوكرانيا روسيا ودمرت قاذفاتها النووية باستخدام لعبة مسلحة؟,https://www.youtube.com/watch?v=H8mUEEl0psg,aj_kabrit,,,,
الجهبذ | ما الذي أشعل الفتن الطائفية في سوريا ولبنان عام 1860؟,https://www.youtube.com/watch?v=y2pdxeklGdE,aj_kabrit,,,,
المُخبر الاقتصادي+ | هل تصعد هواوي الصينية على جثة آبل الأمريكية قريباً؟,https://www.youtube.com/watch?v=5QxvEC1HthU,aj_kabrit,,,,
المدوان | لماذا تنكرت سيدات مكة بأزياء رجالية يوم عرفة؟ وكيف كان يُعاقب المتخلفون عن الحج؟,https://www.youtube.com/watch?v=sxGN0qjHSEU,aj_kabrit,,,,
السليط الإخباري 2025 | بعد مرور 600 يوم، هل غزة ترند مثل لابوبو؟,https://www.youtube.com/watch?v=QOhTYjSuy_Q,aj_kabrit,,,,
المُخبر الاقتصادي+ | هل تعاقب أوروبا إسرائيل قريباً؟ لماذا يشعر الإسرائيليون بالخطر؟,https://www.youtube.com/watch?v=75Byny5uoLI,aj_kabrit,,,,
الجهبذ | دمشق أموية، حكاية المجد والترف والتنافس والدم!,https://www.youtube.com/watch?v=vaUnmCosrns,aj_kabrit,,,,
المُخبر الاقتصادي+ | كيف تخطط أمريكا وإسرائيل لاستخدام الجوع لتهجير أهل غزة من أرضهم؟,https://www.youtube.com/watch?v=uiPh7ac8yRY,aj_kabrit,,,,
المدوان | ضابط مصري التقط أول صور للحج قبل 140 سنة.. من هو؟ وكيف وثّق الكعبة والمشاعر؟,https://www.youtube.com/watch?v=09c-bBqGRaI,aj_kabrit,,,,
السليط الإخباري 2025 | لماذا انقلبت أوروبا على إسرائيل؟ وهل عثر العراق على كنز؟,https://www.youtube.com/watch?v=44IevmXxcJk,aj_kabrit,,,,
المُخبر الاقتصادي+ | كيف تستعد أمريكا بسرعة للحرب القادمة مع الصين؟,https://www.youtube.com/watch?v=vGRhjeLX7uY,aj_kabrit,,,,
الجهبذ | سوريا بدون عقوبات!,https://www.youtube.com/watch?v=nizy-6Ci77Y,aj_kabrit,,,,
المُخبر الاقتصادي+ | لماذا احتاجت سوريا بشدة إلى رفع العقوبات الأمريكية؟ هل تنطلق سوريا أخيراً؟,https://www.youtube.com/watch?v=dC0DnRoSlWI,aj_kabrit,,,,
المدوان | هل تسببت أعواد الكبريت في أسوأ كارثة جوية في تاريخ السعودية؟,https://www.youtube.com/watch?v=QXwoZ5aZraE,aj_kabrit,,,,
السليط الإخباري 2025 | رفع العقوبات عن سوريا ومجاعة غزة,https://www.youtube.com/watch?v=hb3M5QrDGRc,aj_kabrit,,,,
الجهبذ | ما علاقة بريطانيا بحرب الهند وباكستان؟,https://www.youtube.com/watch?v=S4fF1h0AubM,aj_kabrit,,,,
المُخبر الاقتصادي+ | هل انتصرت باكستان على الهند بفضل السلاح الصيني؟ لماذا غاب السلاح الأمريكي؟,https://www.youtube.com/watch?v=w3sDsbBPrcE,aj_kabrit,,,,
المُخبر الاقتصادي+ | كيف تستطيع أمريكا تفكيك الجيوش الأوروبية عبر الأقمار الصناعية؟,https://www.youtube.com/watch?v=i1eiA8pk-UQ,aj_kabrit,,,,
المدوان | هل كانت ملكة الصحراء مستكشفة أم جاسوسة؟ لماذا احتُجِزت في مدينة حائل وما علاقتها بالعراق؟,https://www.youtube.com/watch?v=6w4_1DOcnKw,aj_kabrit,,,,
السليط الإخباري 2025 | ما قصة نجاح بني حمد والمجاعة في غزة؟,https://www.youtube.com/watch?v=5f59yKVDhJ8,aj_kabrit,,,,
المُخبر الاقتصادي+ | هل ورطت أمريكا نفسها في حرب استنزاف في اليمن؟ لماذا تفرح الصين؟,https://www.youtube.com/watch?v=otckBwNDNIs,aj_kabrit,,,,
الجهبذ | الخيانة لم تعد تهمة بل أصبحت ثقافة.. فمن هو الخائن حقاً؟!,https://www.youtube.com/watch?v=66oJn10t5Z8,aj_kabrit,,,,
المُخبر الاقتصادي+ | لماذا لا تستسلم الصين وتثق في قدرتها على هزيمة ترمب؟,https://www.youtube.com/watch?v=BzK2JJ7KZdQ,aj_kabrit,,,,
المدوان |هل تصبح السعودية قوة نووية؟ وكيف سيؤثر الاتفاق النووي السعودي الأمريكي على إيران وإسرائيل؟,https://www.youtube.com/watch?v=0w7P2So8cNs,aj_kabrit,,,,
السليط الإخباري 2025 | شاهد رحيل أسمر من قسمة ونصيب، وبداية الحرب العالمية الثالثة,https://www.youtube.com/watch?v=8rRsvH_xL9E,aj_kabrit,,,,
المُخبر الاقتصادي+ | كيف يعمل ترمب لصالح بوتين؟ كيف يدفع أوروبا للعودة للغاز الروسي؟,https://www.youtube.com/watch?v=OKBrp_COVsU,aj_kabrit,,,,
الجهبذ | خطة اليابان لاستعادة قوتها العسكرية.. ما علاقة الصين؟,https://www.youtube.com/watch?v=JIo-JK6ieKg,aj_kabrit,,,,
المُخبر الاقتصادي+ |  كيف نفذت الصين أسرع انقلاب في التاريخ؟ لماذا تطلب أوروبا أن تعلمها الصين؟,https://www.youtube.com/watch?v=QwUYgygCY3M,aj_kabrit,,,,
المدوان | شفيق عدس.. من أغنى تجار العراق إلى رمز للجدل السياسي. لماذا اتُهم بالخيانة؟,https://www.youtube.com/watch?v=5gIWjeu6dLA,aj_kabrit,,,,
السليط الإخباري 2025 | ماذا قال محمود عباس؟ ما سر الشماتة في وفاة البابا؟,https://www.youtube.com/watch?v=EN5SsaDaxp8,aj_kabrit,,,,
المُخبر الاقتصادي+ | هل وقع ترمب في فخ الصين؟ لماذا يستغيث بالفدرالي لينقذه؟,https://www.youtube.com/watch?v=twgxcRvjMQw,aj_kabrit,,,,
الجهبذ | الدليل الشامل لفهم الدساتير الدائمة والمؤقتة، وما هو دورك في هذا الخصوص؟,https://www.youtube.com/watch?v=aci1V25PuxQ,aj_kabrit,,,,
المُخبر الاقتصادي+ | كيف أصبحت الصين وحشاً كبيراً لا تقدر أمريكا وحدها عليه؟,https://www.youtube.com/watch?v=G0IBfpYaq1g,aj_kabrit,,,,
المدوان |  كيف تحولت قطر من دولة تكافح للبقاء لواحدة من أغنى دول العالم؟ وما علاقة اليابان؟,https://www.youtube.com/watch?v=6Hm3Nyd6VfU,aj_kabrit,,,,
السليط الإخباري 2025 | هل ستكتسح الصين العالم ولماذا أغضبت ميس ريتشيل إسرائيل؟,https://www.youtube.com/watch?v=saKIWJwvo3w,aj_kabrit,,,,
المُخبر الاقتصادي+ | لماذا خاف ترمب وتراجع بسرعة؟ كيف اقتربت أمريكا من أزمة أعنف من أزمة 2008؟,https://www.youtube.com/watch?v=QJdvwUcrJ_0,aj_kabrit,,,,
الجهبذ | لماذا يريد ترمب شراء غرينلاند؟ قصة الجزيرة التي أصبحت محور صراع عالمي!,https://www.youtube.com/watch?v=jU-1cXGgrvs,aj_kabrit,,,,
المُخبر الاقتصادي+ | كيف يساعد موظفو مايكروسوفت جيش الاحتلال الإسرائيلي؟,https://www.youtube.com/watch?v=DJ0rKecVoPc,aj_kabrit,,,,
المدوان |  كيف ساهم أبناء سوريا في بناء المملكة العربية السعودية؟,https://www.youtube.com/watch?v=hlW73X7fHpg,aj_kabrit,,,,
السليط الإخباري 2025 | هل تندلع الحرب التجارية العالمية؟ ومن سيوقف جنون إسرائيل؟,https://www.youtube.com/watch?v=QByj5upZs8M,aj_kabrit,,,,
المُخبر الاقتصادي+ | كيف سيدمر ترمب اقتصاد أمريكا قريباً؟ هل تستسلم أمريكا وتتراجع أولاً أم الصين؟,https://www.youtube.com/watch?v=gWmjNQeCf6o,aj_kabrit,,,,
الجهبذ | من إسبانيا إلى سوريا: قصة البحث عن العدالة والنسيان,https://www.youtube.com/watch?v=-gHCoD_nLrY,aj_kabrit,,,,
المُخبر الاقتصادي+ | كيف تستطيع أمريكا تعطيل الأسلحة الأمريكية في أي مكان في العالم؟,https://www.youtube.com/watch?v=2kmHNLSPn5M,aj_kabrit,,,,
المدوان |  كيف كونت أغنى عائلة في قارة آسيا ثروتها من مدينة عدن؟,https://www.youtube.com/watch?v=hEqdr1ckV_Q,aj_kabrit,,,,
المُخبر الاقتصادي+ | كيف تحرض ملكة القمار والكازينوهات ترمب على العمل لمصلحة إسرائيل؟,https://www.youtube.com/watch?v=6uy1qJEBQ0o,aj_kabrit,,,,
الجهبذ | من مسلسل جريء ينتظره السوريون ليحكي همومهم إلى مسلسل يلمع صورة السلطة ويجرّم الشعب,https://www.youtube.com/watch?v=CqlGEDdTMq4,aj_kabrit,,,,
المُخبر الاقتصادي+ | كيف أصبح الجيش الألماني أضعف جيش في أوروبا؟ لماذا سينهار أمام روسيا؟,https://www.youtube.com/watch?v=ORpiHWmUuGw,aj_kabrit,,,,
المدوان | من المسؤول عن غرق 58 شخصاً في شواطئ البحرين؟,https://www.youtube.com/watch?v=PxlP9tdle5Q,aj_kabrit,,,,
السليط الإخباري 2025 | ماذا فعل الوشق المصري؟ وما حال غزة في العيد؟,https://www.youtube.com/watch?v=LfmE-1IyAHI,aj_kabrit,,,,
المُخبر الاقتصادي+ |  لماذا ينقل الذهب بالطائرات بسرعة من لندن إلى أمريكا؟,https://www.youtube.com/watch?v=i6rNZCZoFf4,aj_kabrit,,,,
الجهبذ |  فرص وأخطار، سوريا أمام فرصة تاريخية لإعادة البناء.,https://www.youtube.com/watch?v=K8UVEbIxha8,aj_kabrit,,,,
المُخبر الاقتصادي+ | لماذا يدفع رئيس أمريكا ملايين الدولارات لسجن العصابات المرعب في السلفادور؟,https://www.youtube.com/watch?v=snSMnErMlz0,aj_kabrit,,,,
المدوان |  كيف تسلل شابان كويتيان إلى معسكر أمريكي في جزيرة فيلكا الكويتية؟,https://www.youtube.com/watch?v=a2cM73MPvew,aj_kabrit,,,,
السليط الإخباري 2025 | ما الذي يحدث على الحدود السورية اللبنانية؟ هل عادت الإبادة لغزة؟,https://www.youtube.com/watch?v=fvMuMBgq86A,aj_kabrit,,,,
المُخبر الاقتصادي+ | هل تستطيع أوروبا الدفاع عن نفسها ضد الجيش الروسي دون دعم أمريكا؟,https://www.youtube.com/watch?v=tpHDE4LnAc0,aj_kabrit,,,,
المُخبر الاقتصادي+ | هل يدمر ترمب ثروة أغنى رجل في العالم؟ كيف تضيع تسلا؟,https://www.youtube.com/watch?v=0j9re-4dWhQ,aj_kabrit,,,,
المدوان | كيف ساهمت السعودية في ازدهار اقتصاد كوريا الجنوبية بعد الحرب الكورية؟,https://www.youtube.com/watch?v=FfCwko-kg6M,aj_kabrit,,,,
السليط الإخباري 2025 | ما الذي يحصل في سوريا والساحل السوري؟,https://www.youtube.com/watch?v=GV-5nvI_kXg,aj_kabrit,,,,
المُخبر الاقتصادي+ | لماذا تريد إسرائيل تقسيم سوريا وجعلها دولة ضعيفة؟,https://www.youtube.com/watch?v=n0qq81iLO9s,aj_kabrit,,,,
المُخبر الاقتصادي+ | لماذا لا يتزوج الشباب في الصين؟,https://www.youtube.com/watch?v=3It19kKkrRM,aj_kabrit,,,,
المدوان |  سر الكارثتين الجويتين.. كيف تحطمت طائرتا طيران الخليج بين القاهرة والمنامة وأبو ظبي؟,https://www.youtube.com/watch?v=f0_oWYPLJcE,aj_kabrit,,,,
السليط الإخباري 2025 | ماذا قالت سلاف فواخرجي؟ وما قصة مسلسل معاوية؟,https://www.youtube.com/watch?v=vd_GkW9tg9I,aj_kabrit,,,,
المُخبر الاقتصادي+ | كيف خدعت أمريكا أوكرانيا وجعلتها تتخلى عن ثالث أكبر ترسانة نووية في العالم؟,https://www.youtube.com/watch?v=VuU25wl1Lbw,aj_kabrit,,,,
المُخبر الاقتصادي+ | كيف تتعاون الصين مع السعودية والإمارات في مشروع يهدد هيمنة الدولار؟,https://www.youtube.com/watch?v=XpQgIVZV4ZQ,aj_kabrit,,,,
المدوان |  سر العملية التي هزّت طهران.. كيف نفذ الموساد اغتيال العالم النووي محسن فخري زاده؟,https://www.youtube.com/watch?v=N4oyufRaCUI,aj_kabrit,,,,
السليط الإخباري 2025 | شاهد قبل الحذف: إسرائيلي مع العرب وعربي مع إسرائيل وعودة الأسد,https://www.youtube.com/watch?v=7v2aSrE35gE,aj_kabrit,,,,
المخبر الاقتصادي+| هل تستطيع أمريكا محاربة الصين وروسيا معاً؟ كيف يحاول ترمب تدبير انقلاب على الصين؟,https://www.youtube.com/watch?v=fUZ8DfS5zvw,aj_kabrit,,,,
"المُخبر الاقتصادي+ | لماذا يدعم ترمب المشروع المنافس لقناة السويس؟ ما حقيقة ""قناة بن غوريون""؟",https://www.youtube.com/watch?v=ivqjo1alypU,aj_kabrit,,,,
المدوان | كيف يعيش اليهود في إيران؟ ولماذا غادر عدد كبير منهم بعد ثورة الخميني؟,https://www.youtube.com/watch?v=K55pZLwj8oE,aj_kabrit,,,,
السليط الإخباري 2025 | ماذا تعرف عن حي التضامن؟ وماذا قالت أسماء الأخرس؟,https://www.youtube.com/watch?v=jDDFR2wqLbw,aj_kabrit,,,,
المخبر الاقتصادي+ |  كيف خان ترمب أوروبا وباعها لبوتين؟ ولماذا يطلب من أوكرانيا نصف ثرواتها؟,https://www.youtube.com/watch?v=iy-l2Zq1Ejw,aj_kabrit,,,,
المُخبر الاقتصادي+ | لماذا يريد إيلون ماسك الانتقام من بلده جنوب أفريقيا ويحرض ترمب ضده؟ ماذا يخاف؟,https://www.youtube.com/watch?v=ym7q-kKHRrc,aj_kabrit,,,,
المدوان |  من السيدة السعودية الأولى التي حملت لقب الملكة؟ ولماذا اهتمت بتعليم بنات المملكة؟,https://www.youtube.com/watch?v=9P_I9VRij4U,aj_kabrit,,,,
السليط الإخباري 2025 | كيف كان رد كل من مصر والأردن والسعودية والسليط على نتنياهو وترمب؟,https://www.youtube.com/watch?v=O6SQB-oQ3u4,aj_kabrit,,,,
المُخبر الاقتصادي+ | كيف يدمر ترمب وماسك أدوات الهيمنة الأمريكية على العالم؟ هل ينهيان عصر أمريكا؟,https://www.youtube.com/watch?v=QkzI-r1JNCo,aj_kabrit,,,,
المُخبر الاقتصادي+ | كيف يقود ترمب الإمبراطورية الأمريكية نحو الانهيار؟ هل تستغل الصين الفرصة؟,https://www.youtube.com/watch?v=xQOW-oTteYI,aj_kabrit,,,,
المدوان | من هي الدولة العربية التي اتهمها الإف بي آي في حادثة تفجير المدمرة كول في اليمن؟,https://www.youtube.com/watch?v=MFDJmriR_Nc,aj_kabrit,,,,
السليط الإخباري 2025 | شاهد قبل الحذف: فضيحة وسيم الأسد ورفض تهجير أهل غزة.,https://www.youtube.com/watch?v=tdEWOxlUMm0,aj_kabrit,,,,
المُخبر الاقتصادي+ | لماذا يريد ترمب تهجير أهل غزة بسرعة؟ كيف ستفشل الخطة؟,https://www.youtube.com/watch?v=haP7irsJLBQ,aj_kabrit,,,,
المُخبر الاقتصادي+ | كيف هرب ديب سيك من السجن؟ هل يبتلع حوت الصين عمالقة الذكاء الاصطناعي بأمريكا؟,https://www.youtube.com/watch?v=6exqianuv8o,aj_kabrit,,,,
المدوان |  لماذا غير خاطفو طائرة لوفتهانزا الألمانية وجهتها من إسبانيا إلى دبي؟,https://www.youtube.com/watch?v=1juJL3EqfLI,aj_kabrit,,,,
السليط الإخباري 2025 | عودة أهل غزة وجنوب لبنان وعودة ترمب وعودة ماهر الأسد ومفاجأة أحمد الشرع,https://www.youtube.com/watch?v=ASVLRt_-BoE,aj_kabrit,,,,
المُخبر الاقتصادي+ | لماذا يلاحق ترمب ملايين المهاجرين في الشوارع في أكبر عملية ترحيل جماعي؟,https://www.youtube.com/watch?v=86AkczmT07g,aj_kabrit,,,,
المخبر الاقتصادي+ | من سيدفع ثمن إعادة بناء غزة؟ هل سنحتاج 350 عاماً لإعادة بنائها؟,https://www.youtube.com/watch?v=xmbmC_jsD_I,aj_kabrit,,,,
المدوان |  كيف تحول حفل عشاء لأحد أسباب اندلاع الثورة وسقوط شاه إيران؟,https://www.youtube.com/watch?v=ZP27BWbhUbQ,aj_kabrit,,,,
السليط الإخباري 2025 | من أوقف الحرب؟,https://www.youtube.com/watch?v=-zgpcBpwdDk,aj_kabrit,,,,
المُخبر الاقتصادي+ | هل أجبر ترمب نتنياهو على قبول اتفاق وقف إطلاق النار؟ ماذا وراء الكواليس؟,https://www.youtube.com/watch?v=njiVd22ddOU,aj_kabrit,,,,
المُخبر الاقتصادي+ | كيف تخطط أمريكا لمحاصرة تقدم الصين والسعودية وغيرهما في الذكاء الاصطناعي؟,https://www.youtube.com/watch?v=0FXmbjCgwmg,aj_kabrit,,,,
المدوان |  كيف نشأت حركة فتح في الكويت وهل تغير خط الحركة بعد ذلك؟,https://www.youtube.com/watch?v=C047OInkcsI,aj_kabrit,,,,
السليط الإخباري 2025 | ماذا بعد وقف إطلاق النار في غزة وسقوط الأسد في سوريا؟,https://www.youtube.com/watch?v=SJeDpkdNJNI,aj_kabrit,,,,
المُخبر الاقتصادي+ | هل يستطيع ترمب ضم كندا بالقوة لتصبح ولاية أمريكية؟ ما هي نقطة ضعف كندا؟,https://www.youtube.com/watch?v=zs9A6SPN_BY,aj_kabrit,,,,
المُخبر الاقتصادي+ | كيف ستتحرك الأسعار في 2025؟ لماذا الخوف من الدولار؟,https://www.youtube.com/watch?v=fUZ3NSNKfyg,aj_kabrit,,,,
المدوان | هل هناك علاقة بين لون العقال العربي وسقوط الأندلس؟,https://www.youtube.com/watch?v=TtAbtLehHI0,aj_kabrit,,,,
المُخبر الاقتصادي+ | ماذا خسرت روسيا بسقوط الأسد؟ كيف كانت سوريا كنزها الثمين؟,https://www.youtube.com/watch?v=g-GHIwAM8uM,aj_kabrit,,,,
المُخبر الاقتصادي+ | لماذا يريد ترمب شراء غرينلاند أو أكبر جزيرة في العالم بسرعة؟ هل تستسلم الصين؟,https://www.youtube.com/watch?v=aF6UMuaPQNc,aj_kabrit,,,,
المدوان | لماذا خسر الوزير السعودي غازي القصيبي انتخابات منظمة اليونسكو؟,https://www.youtube.com/watch?v=5NIFc2SlwtQ,aj_kabrit,,,,
المُخبر الاقتصادي+ | هل تنتقم الصين من أمريكا وتتعمد إغراقها بأخطر المخدرات بالتعاون مع المكسيك؟,https://www.youtube.com/watch?v=Al76-Vg7YA4,aj_kabrit,,,,
الجهبذ | كيف توحدت الألمانيتان؟,https://www.youtube.com/watch?v=RKwMjZeCRAw,aj_kabrit,,,,
المُخبر الاقتصادي+ | كيف تخطط هواوي الصينية لاكتساح صناعة السيارات العالمية؟,https://www.youtube.com/watch?v=CVZQv9pcxBI,aj_kabrit,,,,
المدوان | انسحاب السعودية والعراق من كأس الخليج: ما السبب وكيف انتهت الأزمة؟,https://www.youtube.com/watch?v=F3lewf2Kvq0,aj_kabrit,,,,
المُخبر الاقتصادي+ | كيف يخطط ترمب لتدمير اقتصاد كندا؟ هل يسقط الحكومة الكندية؟,https://www.youtube.com/watch?v=9CD5twokBXg,aj_kabrit,,,,
الجهبذ | كيف أصبحت شجرة التنوب أو الصنوبر رمزاً لاحتفالات عيد الميلاد؟,https://www.youtube.com/watch?v=GjuSjLU3W1Q,aj_kabrit,,,,
المُخبر الاقتصادي+ | هل تلغي سوريا الليرة المنهارة وتصدر عملة جديدة قوية؟ وهل الدولار هو الحل؟,https://www.youtube.com/watch?v=LSNDz9eHU98,aj_kabrit,,,,
المدوان |  سعوديون يلتقون معلمهم المصري بعد 30 سنة: كيف أثر المدرسون العرب في الخليج؟,https://www.youtube.com/watch?v=KJCZG9heqnw,aj_kabrit,,,,
المُخبر الاقتصادي+ | من سيدفع ثمن إعادة بناء سوريا؟,https://www.youtube.com/watch?v=wK-3FDtpR5Y,aj_kabrit,,,,
الجهبذ | هل سمعتم بمصطلح البطة العرجاء؟ وما علاقته بالرؤساء الأمريكيين؟,https://www.youtube.com/watch?v=zxzDagUqDyw,aj_kabrit,,,,
المُخبر الاقتصادي+ | ما تفاصيل خطة ترمب الغريبة للاستيلاء على نفط سوريا؟,https://www.youtube.com/watch?v=WSlNRvoo4T8,aj_kabrit,,,,
السليط الإخباري 2024 | ماذا تعرف عن سجون ومعتقلات الأسد وأين هرب بشار؟,https://www.youtube.com/watch?v=mCGDCBE04SI,aj_kabrit,,,,
المُخبر الاقتصادي+ | كيف عاشت كوريا الجنوبية 6 ساعات من الرعب؟ هل تطيح زوجة الرئيس به؟,https://www.youtube.com/watch?v=c9tNjZ9a0QA,aj_kabrit,,,,
الجهبذ | سقط حكم الأسد في سوريا.. كيف بدأت ثورة الشعب ضد النظام السوري؟,https://www.youtube.com/watch?v=HdOQ6V0gUI4,aj_kabrit,,,,
المُخبر الاقتصادي+ | كيف تهدد خطط الصين الطموحة كبار منتجي النفط في العالم؟,https://www.youtube.com/watch?v=i9g8gxPuzkA,aj_kabrit,,,,
السليط الإخباري 2024 | ما الذي يحصل في سوريا؟,https://www.youtube.com/watch?v=NK4ogO4hz10,aj_kabrit,,,,
المُخبر الاقتصادي+ | لماذا تواجه فرنسا كارثة مالية وشيكة؟ كيف يمكن أن تنهار الحكومة الفرنسية قريباً؟,https://www.youtube.com/watch?v=Ae1J_breeeg,aj_kabrit,,,,
الجهبذ | مخيف وعدواني.. لماذا يصور الإعلام الغربي الشخص العربي بهذه الصورة؟,https://www.youtube.com/watch?v=XYSnXXsW9as,aj_kabrit,,,,
المُخبر الاقتصادي+ | لماذا يريد ترمب خفض سعر الدولار بسرعة؟ ولماذا لن تسمح له الصين بذلك؟,https://www.youtube.com/watch?v=v83iyV7xyTQ,aj_kabrit,,,,
المدوان |  من هو الشخص الذي قام برسم حدود دول الخليج بالقلم الأحمر؟,https://www.youtube.com/watch?v=UyqBE_CPm_k,aj_kabrit,,,,
السليط الإخباري 2024 | الحمد لله على سلامة لبنان وعقبى لغزة,https://www.youtube.com/watch?v=6VpbB3_X5_s,aj_kabrit,,,,
المُخبر الاقتصادي+ | كيف أصبحت أذربيجان صديق إسرائيل السري جداً والمخلص جداً؟ وهل تخون إيران؟,https://www.youtube.com/watch?v=AkKELHWscW4,aj_kabrit,,,,
الجهبذ | من هم كرد سوريا؟ وكيف عانوا من نظام البعث في سوريا؟,https://www.youtube.com/watch?v=xX0CIB-h65E,aj_kabrit,,,,
المُخبر الاقتصادي+ | لماذا انهارت الحكومة الألمانية؟ هل تعود ألمانيا لروسيا لتنقذ اقتصادها المتعثر؟,https://www.youtube.com/watch?v=MhimJ1Kq1I0,aj_kabrit,,,,
المدوان | ما هي الشركة التي فتحت لبريطانيا أبواب السيطرة على ثروات الخليج؟,https://www.youtube.com/watch?v=n2O0qaYx2Y4,aj_kabrit,,,,
السليط الإخباري 2024 | شاهد اندلاع الحرب العالمية الثالثة ومباراة تايسون قبل الحذف,https://www.youtube.com/watch?v=-xbvgQtXre0,aj_kabrit,,,,
المُخبر الاقتصادي+ | كيف تعمل بطاقات الائتمان؟ هل تخدع البنوك أصحابها وتورطهم عمداً في الديون؟,https://www.youtube.com/watch?v=F9OlOASUYwg,aj_kabrit,,,,
الجهبذ | كيف فاز ترمب بأصوات الأقليات وكسب الانتخابات الرئاسية الأمريكية؟,https://www.youtube.com/watch?v=e7Pe4YKeTho,aj_kabrit,,,,
المُخبر الاقتصادي+ | كيف استعدت الصين للصدام المرتقب مع ترمب؟ كيف يمكنها إيذاء أمريكا؟,https://www.youtube.com/watch?v=LvcNprkiN60,aj_kabrit,,,,
المدوان | لماذا قرر صدام حسين إعدام عدد من أعضاء حزب البعث بعد اجتماع في بغداد؟,https://www.youtube.com/watch?v=FZvl5xI3T3c,aj_kabrit,,,,
السليط الإخباري 2024 |  ما سبب أحداث أمستردام؟ هل ترمب أفضل من كامالا؟,https://www.youtube.com/watch?v=XkNjgyVJBXI,aj_kabrit,,,,
"المُخبر الاقتصادي+ | كيف سيبيع ترمب ""الورق"" ويحصل على تريليونات الدولارات ليوزعها على الأمريكيين؟",https://www.youtube.com/watch?v=ULNmgV__TFg,aj_kabrit,,,,
الجهبذ | متى بدأت الحكومات بإنشاء وكالات استخباراتية؟ وما الغرض من هذه الوكالات؟,https://www.youtube.com/watch?v=Dko-23uhylk,aj_kabrit,,,,
المُخبر الاقتصادي+ | كيف تحاصر الصين مرسيدس الألمانية وأخواتها؟ هل يصمد الألمان؟,https://www.youtube.com/watch?v=iuSzoiSSAeU,aj_kabrit,,,,
المدوان |  كيف تم القبض على جاسوس إسرائيلي في اليمن؟ ولماذا حاولت إسرائيل اغتياله؟,https://www.youtube.com/watch?v=o-dvGvatV3E,aj_kabrit,,,,
السليط الإخباري 2024 | هل ستنتهي الحرب بعودة ترمب؟ ما الذي سيتغير؟,https://www.youtube.com/watch?v=YhJ0zrDNdp8,aj_kabrit,,,,
المُخبر الاقتصادي+ | من سيعلن الفائز بالانتخابات الأمريكية؟ هل يحرق إيلون ماسك أمريكا من أجل ترمب؟,https://www.youtube.com/watch?v=jeKyCZmY1l0,aj_kabrit,,,,
الجهبذ | كيف يُنتخب الرئيس الأمريكي؟,https://www.youtube.com/watch?v=hfJ53r1MR7Q,aj_kabrit,,,,
المُخبر الاقتصادي+ | لماذا قد تدمر نتيجة هذه الانتخابات أمريكا؟ هل تزور الانتخابات؟,https://www.youtube.com/watch?v=hmOQRyl-SzQ,aj_kabrit,,,,
المدوان | يد خفية في الانتخابات الأمريكية.. ما علاقة إيران وأزمة الرهائن؟,https://www.youtube.com/watch?v=jzvCQojA3Hk,aj_kabrit,,,,
السليط الإخباري 2024 |  ما هي أكثر 5 فيديوهات مستفزة لهذا الأسبوع؟,https://www.youtube.com/watch?v=8fgW3WCgoI0,aj_kabrit,,,,
المُخبر الاقتصادي+ | كيف يحرق ترمب وهاريس مليارات الدولارات بسرعة للجلوس على الكرسي؟ من سيفوز؟,https://www.youtube.com/watch?v=YEG9B-bEdXE,aj_kabrit,,,,
الجهبذ | كيف انتهت الدولة العثمانية؟ وكيف نعيش آثار انهيارها إلى يومنا هذا؟,https://www.youtube.com/watch?v=WH66jeBb2-M,aj_kabrit,,,,
المُخبر الاقتصادي+ | كيف أصبحت الصين مستعدة للحرب مع أمريكا لضم تايوان؟,https://www.youtube.com/watch?v=5FzPrxLVhx0,aj_kabrit,,,,
"المدوان |  مؤامرة الموساد لتهجير يهود العراق: كيف نفذت عملية ""عزرا ونحميا""؟ وما علاقة تفجيرات بغداد؟",https://www.youtube.com/watch?v=vD5YTfk093A,aj_kabrit,,,,
"السليط الإخباري 2024 | هل سمعت بمقولة ""رميته بعصا السنوار""؟ ولماذا يحتفل الاحتلال؟",https://www.youtube.com/watch?v=O_EyZKrRjL8,aj_kabrit,,,,
المُخبر الاقتصادي+ | كيف قد يؤدي العناد والحرب بين روسيا وأوكرانيا لضرب سوق الغاز الطبيعي؟,https://www.youtube.com/watch?v=LauuRdgc7Yc,aj_kabrit,,,,
الجهبذ | ما دور فلسطينيي الشتات في نصرة فلسطين؟,https://www.youtube.com/watch?v=rp8DFNG43ao,aj_kabrit,,,,
المُخبر الاقتصادي+ | هل تدعم روسيا إيران بأحدث أسلحتها في حرب ضد إسرائيل؟,https://www.youtube.com/watch?v=ORLxxo8a7Vo,aj_kabrit,,,,
المدوان |  لماذا أرادت الحركة الصهيونية تأسيس دولة لليهود في السعودية؟,https://www.youtube.com/watch?v=Gqe4TmiUwXg,aj_kabrit,,,,
المُخبر الاقتصادي+ | ماذا لو ضربت إيران أو حزب الله منصات الغاز الطبيعي الإسرائيلية؟,https://www.youtube.com/watch?v=KHZyxn6jdHY,aj_kabrit,,,,
الجهبذ | هل انتهت أزمة اللاجئين السوريين بعد صدور قانون العفو؟,https://www.youtube.com/watch?v=lcvL6pw46UM,aj_kabrit,,,,
المُخبر الاقتصادي+ | من يقف وراء تسهيل مبيعات السلاح الأمريكي لإسرائيل؟ ماذا يدور في الكواليس؟,https://www.youtube.com/watch?v=gh5typl2pN4,aj_kabrit,,,,
المدوان | من هو قائد الفوج السعودي في أولى حروب العرب ضد إسرائيل؟,https://www.youtube.com/watch?v=zyJ1Lpb6Cco,aj_kabrit,,,,
السليط الإخباري 2024 | قصص لن ننساها بعد مرور عام على 7 أكتوبر,https://www.youtube.com/watch?v=_32b7_8eNJ8,aj_kabrit,,,,
المُخبر الاقتصادي+ | كيف تخاطر إسرائيل بحرب مع إيران قد تدمر الشرق الأوسط؟ متى تضرب المنشآت النووية؟,https://www.youtube.com/watch?v=2CO3BA8toKY,aj_kabrit,,,,
الجهبذ |  بعد عام من الحرب على غزة، أين انتصارات نتنياهو؟,https://www.youtube.com/watch?v=ArnEMg5mnBA,aj_kabrit,,,,
المُخبر الاقتصادي+ | هل كانت غزة ستصبح سنغافورة الشرق الأوسط لولا طوفان الأقصى؟,https://www.youtube.com/watch?v=6_e4_6lt75o,aj_kabrit,,,,
المدوان |  كيف أسهمت السعودية والملك فيصل في دعم مصر لاختراق خط بارليف خلال حرب أكتوبر؟,https://www.youtube.com/watch?v=Y3upidy3_m0,aj_kabrit,,,,
السليط الإخباري 2024 | هل شاهدت الرد الإيراني؟ هل انتهى حزب الله؟,https://www.youtube.com/watch?v=bGD-jfWi4CI,aj_kabrit,,,,
المُخبر الاقتصادي+ | هل يستطيع حزب الله جر إسرائيل لحرب استنزاف طويلة يهدد فيها تل أبيب؟,https://www.youtube.com/watch?v=DcHFxL9BQio,aj_kabrit,,,,
الجهبذ | ما هي الهجمات السيبرانية؟ وهل هذا ما حصل في لبنان؟,https://www.youtube.com/watch?v=R__kC1e6aQ0,aj_kabrit,,,,
المُخبر الاقتصادي+ | ماذا وراء هجمات إسرائيل غير المسبوقة على حزب الله في لبنان؟,https://www.youtube.com/watch?v=Rzb6XBbJfWY,aj_kabrit,,,,
المدوان | لماذا دعم جمال عبدالناصر حركة الضباط الأحرار اليمنية ضد الدولة الإمامية في اليمن؟,https://www.youtube.com/watch?v=q4-y1giKLiM,aj_kabrit,,,,
السليط الإخباري 2024 | ما الذي يحصل في لبنان؟ وما آخر الأخبار في غزة والقدس؟,https://www.youtube.com/watch?v=icsHVcmQjNA,aj_kabrit,,,,
المُخبر الاقتصادي+ | لماذا يحاول بوتين تطوير سلالة دجاج روسية بسرعة؟ هل يستعد لحصار مرتقب؟,https://www.youtube.com/watch?v=C9K9KQkZ7IA,aj_kabrit,,,,
الجهبذ | كيف بدأت الكنيسة البروتستانتية؟,https://www.youtube.com/watch?v=OFYlibfgOeE,aj_kabrit,,,,
المُخبر الاقتصادي+ | لماذا تخاف أمريكا من عملاق الأزياء الصينية شي إن؟ كيف تخطط للقضاء عليها؟,https://www.youtube.com/watch?v=_fW7hHXSyJM,aj_kabrit,,,,
المدوان | ما هو سبب خوف بريطانيا من السلطان خالد بن برغش؟ ولماذا رفضوا استلامه للحكم في زنجبار؟,https://www.youtube.com/watch?v=-LFBxtbA-Eo,aj_kabrit,,,,
السليط الإخباري 2024 | ما قصة تفجيرات البيجر واللاسلكي في لبنان؟ وماذا سنفعل لو حرق الاحتلال الأقصى؟,https://www.youtube.com/watch?v=oLOX7u9RrM0,aj_kabrit,,,,
المُخبر الاقتصادي+ | هل تستطيع الصين وروسيا الهروب من سيطرة أمريكا على البنوك العالمية؟,https://www.youtube.com/watch?v=GYu96e7UkLU,aj_kabrit,,,,
"الجهبذ | لماذا يرى اليمين المتطرف في إسرائيل ""قدوة""؟ وكيف يريد تقليدها؟ ومن هم أنصار نتنياهو؟",https://www.youtube.com/watch?v=YOHAzZ3kiD4,aj_kabrit,,,,
المُخبر الاقتصادي+ | من هي الطبيبة التي تشتري رئيساً أمريكياً؟ كيف تعمل لمصلحة إسرائيل؟,https://www.youtube.com/watch?v=hoy30_EY5t4,aj_kabrit,,,,
المدوان |  ما سبب تعيين قائد سجن غوانتانامو في سجن أبو غريب في العراق؟,https://www.youtube.com/watch?v=fin_8_uAPsU,aj_kabrit,,,,
السليط الإخباري 2024 | هل شاهدت نبوءة سقوط إسرائيل وأمريكا؟,https://www.youtube.com/watch?v=AwMYt3teOeY,aj_kabrit,,,,
المُخبر الاقتصادي+ | كيف تتراجع صناعة السيارات الألمانية وتخسر أمام الصين؟ هذا ثمن دعم أوكرانيا؟,https://www.youtube.com/watch?v=kpnhrw2vAfc,aj_kabrit,,,,
الجهبذ |  ماذا تعرفون عن سنغافورة إحدى أغنى بلدان العالم؟,https://www.youtube.com/watch?v=kXvjEbHMV7M,aj_kabrit,,,,
المُخبر الاقتصادي+ | كيف يمكن لمنظمة واحدة تاريخها أسود إغلاق الاقتصاد الإسرائيلي بالكامل؟,https://www.youtube.com/watch?v=k4WBUDUvpz0,aj_kabrit,,,,
المدوان | لماذا تريد أمريكا عقد صفقة سرية مع العقل المدبر لأحداث الحادي عشر من سبتمبر؟,https://www.youtube.com/watch?v=5cFlQDrpVXA,aj_kabrit,,,,
السليط الإخباري 2024 | لماذا الدون عم أمجد طه؟ ما هي فوائد أوسلو؟,https://www.youtube.com/watch?v=A4TFh8dPmOo,aj_kabrit,,,,
المُخبر الاقتصادي+ | كيف تعرف أمريكا تفاصيل المعاملات البنكية بين الدول؟ لماذا تخاف الصين؟,https://www.youtube.com/watch?v=_8v0gBro39s,aj_kabrit,,,,
الجهبذ | كيف تحولت إدلب من مركز لأهم الإمبراطوريات في التاريخ لبلدة مهمشة؟,https://www.youtube.com/watch?v=Y4awUZaq0CE,aj_kabrit,,,,
المُخبر الاقتصادي+ | كيف أصبح تلغرام أهم تطبيق في العالم؟ من يريد السيطرة على التطبيق العنيد؟,https://www.youtube.com/watch?v=8umvB5aQynA,aj_kabrit,,,,
المدوان |  لماذا قصفت القوات الإيطالية شركة أرامكو السعودية في الحرب العالمية الثانية؟,https://www.youtube.com/watch?v=28JciEfGfLI,aj_kabrit,,,,
السليط الإخباري 2024 | هل ما يحدث في فلسطين يستحق الضجة أكثر من حياة الماعز؟,https://www.youtube.com/watch?v=ksFWL8z3rxA,aj_kabrit,,,,
المُخبر الاقتصادي+ | لماذا يتخلى الألمان عن أوكرانيا؟ كيف قرروا التراجع عن مساعدتها ضد روسيا؟,https://www.youtube.com/watch?v=8-TkWkuq-Ow,aj_kabrit,,,,
الجهبذ | قصة صراع سيدات بنغلاديش,https://www.youtube.com/watch?v=HEF4Bb-npno,aj_kabrit,,,,
المُخبر الاقتصادي+ | كيف بنى شاب في الصين إمبراطورية ضخمة ثم اختفى؟ كيف اقتحم تيمو أمريكا؟,https://www.youtube.com/watch?v=0PRzMxX2ZRU,aj_kabrit,,,,
المدوان | لماذا رفضت بريطانيا فرصة اكتشاف النفط في السعودية وكيف اقتنصتها أمريكا؟,https://www.youtube.com/watch?v=0EcEqFVJXFk,aj_kabrit,,,,
السليط الإخباري 2024 | ماذا فعل النمبر وان محمد رمضان؟ وماذا قال النمبر تو؟,https://www.youtube.com/watch?v=NcX5ymeWqsc,aj_kabrit,,,,
المُخبر الاقتصادي+ | لماذا تحتاج روسيا للمزيد من الرجال في أسرع وقت لتنقذ اقتصادها من الانهيار؟,https://www.youtube.com/watch?v=nnHHO0sQEaQ,aj_kabrit,,,,
الجهبذ | ماذا حدث في تل الزعتر عام 1976؟,https://www.youtube.com/watch?v=2cHQ8rwcduQ,aj_kabrit,,,,
المُخبر الاقتصادي+ | لماذا قد تقطع بريطانيا السلاح عن إسرائيل قريباً؟ هل تخلت عن نتنياهو؟,https://www.youtube.com/watch?v=WL2MQoSdWWI,aj_kabrit,,,,
المدوان | ما هو سبب تعثر حلم السلطان عبد الحميد بربط العالم الإسلامي بشبكة سكة حديدية؟,https://www.youtube.com/watch?v=0Gu_sm5G7Bs,aj_kabrit,,,,
السليط الإخباري 2024 | من هم شهداء الفجر؟ ما هي قصة آسر وآيسل؟,https://www.youtube.com/watch?v=0udbYCDOL_4,aj_kabrit,,,,
المُخبر الاقتصادي+ | لماذا تخزن الصين كميات كبيرة من الغذاء؟ هل تستغل أمريكا نقطة ضعف الصين؟,https://www.youtube.com/watch?v=S1ozQGNyq1k,aj_kabrit,,,,
الجهبذ | ما دور إسرائيل في تصاعد العنصرية في بريطانيا؟,https://www.youtube.com/watch?v=CzAorWnzCaA,aj_kabrit,,,,
المُخبر الاقتصادي+ | لماذا انهارت البورصات العالمية فجأة وبسرعة؟ كيف هز الين الياباني العالم؟,https://www.youtube.com/watch?v=VlbRQnPNWIQ,aj_kabrit,,,,
المدوان |  ماذا كشف الصندوق الأسود بعد ارتطام طائرة كازاخستانية بطائرة سعودية في الأجواء الهندية؟,https://www.youtube.com/watch?v=eK0CsTdNtgw,aj_kabrit,,,,
السليط الإخباري 2024 | من هو أخطر رجل بالعالم؟ ما هي آخر جرائم الاحتلال؟,https://www.youtube.com/watch?v=9rT-VFew8VY,aj_kabrit,,,,
المُخبر الاقتصادي+ | لماذا لا تستطيع إسرائيل الدفاع عن نفسها بمفردها؟ لماذا تحتاج مساعدة أمريكا؟,https://www.youtube.com/watch?v=g7ddoJwuON4,aj_kabrit,,,,
الجهبذ |  ما هو الخلود الرقمي؟ وهل وجد البشر طريقة للبقاء على قيد الحياة؟,https://www.youtube.com/watch?v=EJTY1E5IBpE,aj_kabrit,,,,
المُخبر الاقتصادي+ | لماذا تحالفت روسيا مع كوريا الشمالية؟ كيف يهدد هذا التحالف الاقتصاد العالمي؟,https://www.youtube.com/watch?v=hqnl1uNR3d0,aj_kabrit,,,,
المدوان | كيف تسببت اليابان في نكبة اقتصادية كبيرة لدول الخليج؟,https://www.youtube.com/watch?v=EGRWo1g_jsc,aj_kabrit,,,,
السليط الإخباري 2024 | هل اغتيال إسماعيل هنية سينهي المقاومة؟ ما قصة أولمبياد باريس؟,https://www.youtube.com/watch?v=vAQ-5YGbotE,aj_kabrit,,,,
المُخبر الاقتصادي+ | هل كان من الممكن تأسيس إسرائيل على أرض الصين؟ لماذا فشلت الخطة الصينية؟,https://www.youtube.com/watch?v=h_NxhHdm9bQ,aj_kabrit,,,,
الجهبذ | لماذا اختار ترمب فانس نائباً له؟,https://www.youtube.com/watch?v=bmeYBvM1TVQ,aj_kabrit,,,,
المُخبر الاقتصادي+ | هل يستطيع إيلون ماسك تحديد من سيفوز بمنصب رئيس أمريكا في الانتخابات القادمة؟,https://www.youtube.com/watch?v=konjKrD1J2E,aj_kabrit,,,,
المدوان | متى دخلت المكيفات إلى دول الخليج؟ وكيف تحمل الناس حرارة الطقس قبل اختراع المكيف؟,https://www.youtube.com/watch?v=C2Kt0yKm0kg,aj_kabrit,,,,
السليط الإخباري 2024 | ماذا قالت محكمة العدل؟ من رئيس أمريكا القادم؟,https://www.youtube.com/watch?v=W1ZonJL7Tfk,aj_kabrit,,,,
المُخبر الاقتصادي+ | من دمر السودان وجوع أهله؟ من يقف وراء أكبر أزمة جوع في العالم؟,https://www.youtube.com/watch?v=njZOrrKQ0r4,aj_kabrit,,,,
الجهبذ | ما قصة الصفويين؟,https://www.youtube.com/watch?v=4DgYKvBC1B4,aj_kabrit,,,,
المُخبر الاقتصادي+ | كيف حاولت إسرائيل قتل محمد الضيف باستخدام واحدة من أقوى القنابل الأمريكية؟,https://www.youtube.com/watch?v=y7QLNbPZB24,aj_kabrit,,,,
المدوان |  لماذا طالب بايدن بإقالة السفير السعودي في لندن الدكتور غازي القصيبي؟,https://www.youtube.com/watch?v=q1LwTN0ewPc,aj_kabrit,,,,
السليط الإخباري 2024 | هل محاولة اغتيال ترمب حقيقة أم مؤامرة؟ ومن عكر صفو شارع فيصل؟,https://www.youtube.com/watch?v=a-PgPqLhYt4,aj_kabrit,,,,
المُخبر الاقتصادي+ | كيف تهدد الديون ثروات دول كثيرة في العالم؟ كيف أشعلت أمريكا الأزمة؟,https://www.youtube.com/watch?v=kvwwylqp1us,aj_kabrit,,,,
"الجهبذ | من هي لونة الشبل صاحبة لقب ""السيدة الثانية""؟",https://www.youtube.com/watch?v=aIw6f8a5m_w,aj_kabrit,,,,
المُخبر الاقتصادي+ | لماذا يتسابق الشعب في فيتنام على شراء الذهب بسرعة؟ ممَّ يخاف؟,https://www.youtube.com/watch?v=C3uJrQvXFHQ,aj_kabrit,,,,
المدوان | هل حاول البرتغاليون سرقة جثمان الرسول محمد صلى الله عليه وسلم؟,https://www.youtube.com/watch?v=jCTql4_cPr4,aj_kabrit,,,,
السليط الإخباري 2024 | هل سوريا أصبحت آمنة؟ وما قصة المثلث الأحمر؟,https://www.youtube.com/watch?v=0G-AdaKtxOU,aj_kabrit,,,,
المُخبر الاقتصادي+ | لماذا يرسل الصرب السلاح لإسرائيل؟ ما السر الذي تخفيه إسرائيل؟,https://www.youtube.com/watch?v=tI5FsVUsncg,aj_kabrit,,,,
الجهبذ | من قتل آخر ملوك العراق؟,https://www.youtube.com/watch?v=E7O4GKyGe7k,aj_kabrit,,,,
المُخبر الاقتصادي+ | كيف أصبح اليورو في خطر بعد الاستيلاء على أموال بنك روسيا المركزي؟,https://www.youtube.com/watch?v=_AtdFPc_Z6I,aj_kabrit,,,,
المدوان | لماذا قررت الولايات المتحدة الأمريكية دعم إيران بالسلاح؟ وما هو دور إسرائيل في الصفقة؟,https://www.youtube.com/watch?v=OY2lYZjtjhA,aj_kabrit,,,,
السليط الإخباري 2024 | من سيفوز في نهائي عنصرية أمم أوروبا؟ فرنسا؟ أم بريطانيا؟ أم تركيا أم ألمانيا؟,https://www.youtube.com/watch?v=McffKYPvugk,aj_kabrit,,,,
المُخبر الاقتصادي+ | كيف تحركت الجزائر ضد إسرائيل في أزمة حظر النفط؟,https://www.youtube.com/watch?v=ojIHIn4TnSA,aj_kabrit,,,,
الجهبذ | قطبا المستقبل، الصين والهند عملاقان حليفان أم خصمان متحاربان؟,https://www.youtube.com/watch?v=jGSn9ca7nQQ,aj_kabrit,,,,
المُخبر الاقتصادي+ |  لماذا قد ترتفع الأسعار بسرعة قريباً؟ من يقف وراء اختفاء حاويات الشحن في الصين؟,https://www.youtube.com/watch?v=W4azjvo8fMw,aj_kabrit,,,,
المدوان | من كان وراء اغتيال وزير إماراتي في مطار أبوظبي؟,https://www.youtube.com/watch?v=J7y_hcyJTCg,aj_kabrit,,,,
السليط الإخباري 2024 | شمال غزة يموت جوعاً فهل تتوسع الحرب في لبنان؟,https://www.youtube.com/watch?v=dBDyPUB31D0,aj_kabrit,,,,
المُخبر الاقتصادي+ | لماذا تخاف أمريكا من السيارة الكهربائية الصينية؟ هل تقضي الصين على تسلا؟,https://www.youtube.com/watch?v=5z1OIUHDR2M,aj_kabrit,,,,
الجهبذ | ما الدور الذي تلعبه زوجات الرؤساء في البلاد العربية؟,https://www.youtube.com/watch?v=7vFn5rfkIec,aj_kabrit,,,,
المُخبر الاقتصادي+ |هل يسحب أغنى صندوق في العالم أمواله من إسرائيل؟ لماذا تخاف النرويج من رد أمريكا؟,https://www.youtube.com/watch?v=uASJkIlsEVg,aj_kabrit,,,,
المدوان | من كان وراء تفجيرات الخُبر شرق السعودية؟,https://www.youtube.com/watch?v=1SKWVud7aDM,aj_kabrit,,,,
المُخبر الاقتصادي+ | من سيخسر لو دخلت الصين قريباً في حرب مع أمريكا لضم تايوان بالقوة؟,https://www.youtube.com/watch?v=thzIRZZ0UFQ,aj_kabrit,,,,
الجهبذ | ما الرابط العجيب بين السياسة وخروف العيد؟,https://www.youtube.com/watch?v=DDuR141YQKc,aj_kabrit,,,,
المُخبر الاقتصادي+ | كيف عاقب رئيس كولومبيا إسرائيل؟ ولماذا لا تنسى كولومبيا ما فعله الإسرائيليون؟,https://www.youtube.com/watch?v=nUBRVBrm8Ho,aj_kabrit,,,,
المدوان | كيف قضى صدام حسين أيامه الأخيرة قبل إعدامه فجر عيد الأضحى؟,https://www.youtube.com/watch?v=e1maqDZ2G-4,aj_kabrit,,,,
السليط الإخباري 2024 | شاهد تفاصيل عملية النصيرات وصفعة عمرو دياب قبل الحذف,https://www.youtube.com/watch?v=h0nJImWy9RI,aj_kabrit,,,,
المُخبر الاقتصادي+ | ماذا لو دخلت إسرائيل في حرب مع حزب الله في لبنان؟ هل ستكون حرباً مدمرة؟,https://www.youtube.com/watch?v=hVVxAvRp-ic,aj_kabrit,,,,
الجهبذ | القصة الكاملة للمعتقلات والسجون العربية,https://www.youtube.com/watch?v=r8EaFX1JzzY,aj_kabrit,,,,
المُخبر الاقتصادي+ | لماذا تخاف أوروبا من الاستيلاء على أموال روسيا؟ كيف يخطط بوتين للانتقام؟,https://www.youtube.com/watch?v=MwU5SemlXNk,aj_kabrit,,,,
المدوان | ماهي ملابسات المذبحة التي ارتكبها القرامطة في الحرم المكي؟ وكيف سرقوا الحجر الأسود؟,https://www.youtube.com/watch?v=ES8xlX5xXMk,aj_kabrit,,,,
السليط الإخباري 2024 | هل ريال مدريد أقدم من إسرائيل؟ متى ستبدأ الهدنة؟,https://www.youtube.com/watch?v=g654iQVdBOY,aj_kabrit,,,,
المخبر الاقتصادي+ | لماذا تقترض فرنسا بشراهة؟ وكيف تحاول توفير المال للجيش الذي قد يواجه روسيا؟,https://www.youtube.com/watch?v=wUMdMWhgMGk,aj_kabrit,,,,
الجهبذ | كيف بدأت المخابرات العربية؟ وما علاقة الدول الاستعمارية بها؟,https://www.youtube.com/watch?v=oHOVVLPIIos,aj_kabrit,,,,
المُخبر الاقتصادي+ | كيف عادت هواوي الصينية لتنتقم من أمريكا وتتحداها؟ لماذا لا تموت هواوي؟,https://www.youtube.com/watch?v=HNdSHlok-2s,aj_kabrit,,,,
المدوان | لماذا استهدفت بريطانيا القواسم في رأس الخيمة؟,https://www.youtube.com/watch?v=musmaivdLyY,aj_kabrit,,,,
السليط الإخباري 2024 | ما قصة إعلان بيبسي؟ ما الذي يحدث في رفح؟ ما هي الحرب المنسية؟,https://www.youtube.com/watch?v=F6tXslVIW4Q,aj_kabrit,,,,
المُخبر الاقتصادي+ | كيف أجبرت أمريكا الصين على بيع تطبيق تيكتوك لها أو تدميره؟ هل تبيع الصين؟,https://www.youtube.com/watch?v=gkG_Qyncw7s,aj_kabrit,,,,
الجهبذ | حوادث طيران أودت بحياة رؤساء وسياسيين كثر، تعرفوا على أبرزها:,https://www.youtube.com/watch?v=EgQRQ58IESg,aj_kabrit,,,,
المُخبر الاقتصادي+ | ما علاقة أمريكا بالطائرة التي ركبها رئيس إيران في رحلته الأخيرة؟,https://www.youtube.com/watch?v=C-LOf6Q7a-g,aj_kabrit,,,,
المدوان | ما هي سيناريوهات اغتيال جهاز الموساد للمناضل الفلسطيني وديع حداد؟,https://www.youtube.com/watch?v=ai0z6vyjwUk,aj_kabrit,,,,
السليط الإخباري 2024 | هل اغتيل رئيسي؟ وكيف رد العالم على المحكمة الجنائية الدولية؟,https://www.youtube.com/watch?v=HyJC0D940yg,aj_kabrit,,,,
المُخبر الاقتصادي+ | كيف حاولت مجموعة سرية من الأغنياء الضغط على نعمت لصالح إسرائيل وتحريض الشرطة؟,https://www.youtube.com/watch?v=CXQO84Od9w0,aj_kabrit,,,,
الجهبذ | آلاف الدولارات من أجل عبور الحدود، ما قصة تجار البشر؟,https://www.youtube.com/watch?v=xRZf8CLVJEA,aj_kabrit,,,,
المُخبر الاقتصادي+ | كيف فاجأت تركيا إسرائيل؟ هل أصبح الاقتصاد الإسرائيلي في خطر؟,https://www.youtube.com/watch?v=0HM7bPaWjho,aj_kabrit,,,,
المدوان | كيف دمر جهاز الموساد مفاعل العراق النووي؟,https://www.youtube.com/watch?v=eFa63jq4-WM,aj_kabrit,,,,
السليط الإخباري 2024 | ما هو الترند الهندي؟ وهل علينا مقاطعة المشاهير؟,https://www.youtube.com/watch?v=Ufo2EwuuDCE,aj_kabrit,,,,
المُخبر الاقتصادي+ | هل تتخلى أمريكا عن إسرائيل وتتركها وحدها؟ كيف هدد أنصار إسرائيل الرئيس بايدن؟,https://www.youtube.com/watch?v=Nnx1rDRW2fY,aj_kabrit,,,,
الجهبذ | ماذا تعرفون عن حملة مقاطعة إسرائيل BDS؟,https://www.youtube.com/watch?v=UuWd9DF4t2E,aj_kabrit,,,,
المخبر الاقتصادي+ | كيف أصبحت نعمت شفيق أشهر امرأة في أمريكا؟ ما الذي تخشاه نعمت؟,https://www.youtube.com/watch?v=-xJKvEJXO_k,aj_kabrit,,,,
المدوان | ما سبب الأزمة الدبلوماسية التي حصلت بين السعودية وتايلند؟,https://www.youtube.com/watch?v=NwrGQtO1qlk,aj_kabrit,,,,
السليط الإخباري 2024 | ماذا يحدث في رفح؟ ولماذا لم تتوقف الحرب؟,https://www.youtube.com/watch?v=qX0QGIU2ctA,aj_kabrit,,,,
المُخبر الاقتصادي+ | لماذا ستدفع بريطانيا مليارات من الإسترليني لطرد طالبي اللجوء القادمين من فرنسا؟,https://www.youtube.com/watch?v=l3Y-5JRICtw,aj_kabrit,,,,
الجهبذ | كيف استخدمت الحركة الصهيونية أبحاث الأعراق لمصلحتها؟,https://www.youtube.com/watch?v=mc1BlCA_594,aj_kabrit,,,,
المُخبر الاقتصادي+ | لماذا تخاف إسرائيل من سحب أغنى جامعات أمريكا لأموالها؟ هل ينتصر الطلاب عليها؟,https://www.youtube.com/watch?v=nJERF1hNp70,aj_kabrit,,,,
المدوان | من كان وراء اختطاف رحلة الخطوط الكويتية رقم 422؟,https://www.youtube.com/watch?v=XMZmKPPAZ44,aj_kabrit,,,,
السليط الإخباري 2024 | أين تمثال الحرية؟ وهل الحكومات الغربية عربية؟,https://www.youtube.com/watch?v=e4e7BvvBPp0,aj_kabrit,,,,
المُخبر الاقتصادي+ | كيف تخطط إسرائيل للقضاء على مظاهرات الجامعات في أمريكا؟ لماذا الطلاب في خطر؟,https://www.youtube.com/watch?v=mRIVqO8g9s4,aj_kabrit,,,,
الجهبذ | القطب الجنوبي، صراع حتى آخر مكعب ثلج!,https://www.youtube.com/watch?v=sfeSGih6OKA,aj_kabrit,,,,
المُخبر الاقتصادي+ | لماذا يجب أن نحذر من شركات حليب الأطفال الصناعي؟ ماذا يخفون عن الأم والأب؟,https://www.youtube.com/watch?v=Dsa5cXC2_6w,aj_kabrit,,,,
المدوان | محمد الشارخ أول من أدخل اللغة العربية إلى الكمبيوتر,https://www.youtube.com/watch?v=UA519sEziqs,aj_kabrit,,,,
السليط الإخباري 2024 | ماذا يحدث في جامعة كولومبيا؟ ما قصة نستلة؟,https://www.youtube.com/watch?v=mQhD7rdCn2o,aj_kabrit,,,,
المُخبر الاقتصادي+ | لماذا هاجم العراق وإيران ناقلات النفط في الخليج بالصواريخ والألغام؟,https://www.youtube.com/watch?v=eE42EjuzbfE,aj_kabrit,,,,
الجهبذ | منذ متى بدأت مصر باستقبال السوريين؟ ومن هم المشاهير المصريون من أصول سورية؟,https://www.youtube.com/watch?v=o9cSL3yHA20,aj_kabrit,,,,
المُخبر الاقتصادي+ | من سيخسر لو قامت الحرب بين إيران وإسرائيل؟ كيف سيكون شكل الحرب؟,https://www.youtube.com/watch?v=uA8b0iI_pe0,aj_kabrit,,,,
المدوان | ما دور السعودية في وقف الحرب الأهلية في لبنان؟,https://www.youtube.com/watch?v=Yr9Owfuc6bg,aj_kabrit,,,,
السليط الإخباري 2024 | مسرحية إيرانية؟ أم فيلم أمريكي؟ أم رد حقيقي؟,https://www.youtube.com/watch?v=EbqfsA9yYto,aj_kabrit,,,,
المُخبر الاقتصادي+ | ماذا سيفعل بوتين في كنز الذهب الذي استولت عليه روسيا؟ هل يرده لأصحابه؟,https://www.youtube.com/watch?v=BY0eO8GNGOo,aj_kabrit,,,,
الجهبذ | ما علاقة حرب غزة بتراجع القوة الأمريكية في العالم؟,https://www.youtube.com/watch?v=UQvFtu9vt4c,aj_kabrit,,,,
المُخبر الاقتصادي+ | لماذا حاصر اليهود الأمريكيون اقتصاد المكسيك؟ وكيف خضعت المكسيك؟,https://www.youtube.com/watch?v=__Jei_ROxxI,aj_kabrit,,,,
المدوان |  من يحمل مفتاح الكعبة المشرفة؟,https://www.youtube.com/watch?v=SPT68pQTkJI,aj_kabrit,,,,
المُخبر الاقتصادي+ | لماذا ترتفع أسعار الذهب بسرعة؟ لماذا يشتري الصينيون الذهب بجنون؟,https://www.youtube.com/watch?v=NxVMuMlzk0o,aj_kabrit,,,,
الجهبذ | ما حقيقة أحداث مسلسل تاج وهل تسبب بإحراج للنظام؟,https://www.youtube.com/watch?v=ct2_ehW2DKI,aj_kabrit,,,,
المُخبر الاقتصادي+ | كيف خططت بريطانيا لكسر منظمة أوبك وضرب مصالح السعودية عبر غزو العراق؟,https://www.youtube.com/watch?v=ZNRl-vhHJDA,aj_kabrit,,,,
المدوان | ماذا حدث في المجاعة التي ضربت السعودية والعراق والكويت؟,https://www.youtube.com/watch?v=s67k9vZomhE,aj_kabrit,,,,
السليط الإخباري 2024 | تسريب أسئلة الجنسية الألمانية,https://www.youtube.com/watch?v=55jidGtuMLw,aj_kabrit,,,,
المُخبر الاقتصادي+ |  كيف يمكنك الحصول على شيك بآلاف الدولارات سنوياً لو عشت في هذا المكان؟,https://www.youtube.com/watch?v=BhC-VqTLAuY,aj_kabrit,,,,
الجهبذ | مسلسل “الحشاشين” أضخم “دراما تاريخية” لهذا العام.. فهل أحداثه حقيقية أم خيالية درامية؟,https://www.youtube.com/watch?v=EGK-awjk1Kw,aj_kabrit,,,,
"المُخبر الاقتصادي+ |  كيف أصبح ""أصدقاء إسرائيل"" من أقوى رجال الظل في بريطانيا؟",https://www.youtube.com/watch?v=mIRIeVqMxtY,aj_kabrit,,,,
المدوان | كيف شُكل أول مجلس أمة في تاريخ الكويت؟,https://www.youtube.com/watch?v=YmWutz4OxrE,aj_kabrit,,,,
السليط الإخباري 2024 | هل ستستجيب إسرائيل لمجلس الأمن؟ وكيف عادت داعش؟,https://www.youtube.com/watch?v=twXW44b_x9s,aj_kabrit,,,,
المُخبر الاقتصادي+ | لماذا تخاف أمريكا من رد بوتين على الضربات القاسية لروسيا؟,https://www.youtube.com/watch?v=piFn2ykt42E,aj_kabrit,,,,
الجهبذ | هل كادت بريطانيا أن تتحول إلى الإسلام؟ ومتى كانت تعتبر أكبر دولة مسلمة في العالم؟,https://www.youtube.com/watch?v=GbLl6EiJ1CU,aj_kabrit,,,,
"المُخبر الاقتصادي+ | هل يتخلى ""مشروع المغرب"" الهائل عن بريطانيا لصالح ألمانيا؟",https://www.youtube.com/watch?v=B08a2Ph_Uvg,aj_kabrit,,,,
المدوان | كيف أخرج اليمنيون الإنكليز من عدن؟,https://www.youtube.com/watch?v=w8zvBDXaHPs,aj_kabrit,,,,
السليط الإخباري 2024 | مراجعة لمسلسلات رمضان 2024,https://www.youtube.com/watch?v=-e-GSaPrqrQ,aj_kabrit,,,,
"المخبر الاقتصادي+ | هل تستطيع أمريكا وإسرائيل إجبار الصين على بيع تيكتوك أو ""سر الصين العظيم""؟",https://www.youtube.com/watch?v=QruiwCeNbvg,aj_kabrit,,,,
الجهبذ | ما قصة الإسلاموفوبيا في الغرب؟ ولماذا تزداد في شهر رمضان؟,https://www.youtube.com/watch?v=Anl5OAF8EKg,aj_kabrit,,,,
المخبر الاقتصادي+| ماذا وراء الشركة التي صنعت أشهر دواء في العالم؟ كيف أصبحت الشركة أغنى من الدولة؟,https://www.youtube.com/watch?v=R507oySNYng,aj_kabrit,,,,
المدوان | كيف تحصل السعودية على مياه الشرب؟,https://www.youtube.com/watch?v=PiTEdkLsRf8,aj_kabrit,,,,
السليط الإخباري 2024 | رمضان في غزة بلا سحور ولا فطور!,https://www.youtube.com/watch?v=yYKglol7Idk,aj_kabrit,,,,
المُخبر الاقتصادي+ | هل يقود العرب والمسلمون الأمريكيون بايدن لخسارة الانتخابات أمام ترمب؟,https://www.youtube.com/watch?v=HYX-gXBt9AA,aj_kabrit,,,,
الجهبذ | هل كان رمضان أيام زمان أحلى؟,https://www.youtube.com/watch?v=TfNJHZjFBgI,aj_kabrit,,,,
المُخبر الاقتصادي+ | ما الذي تخفيه عنك تطبيقات المراهنات؟ كيف تجعلك تخسر أموالك بهذه اللعبة؟,https://www.youtube.com/watch?v=W4_Xzljq1dE,aj_kabrit,,,,
المدوان |  لماذا اعتُقل ثلاثة بحرينيين في جزيرة بريطانية؟,https://www.youtube.com/watch?v=BYVofBvhUVU,aj_kabrit,,,,
السليط الإخباري 2024 | هل يجمعنا رمضان ويفرقنا الحلم العربي؟ من غيّر كلمات الأوبريت؟,https://www.youtube.com/watch?v=HRSGEvEpdnU,aj_kabrit,,,,
المُخبر الاقتصادي+ | كيف تسعى أمريكا لبناء هذا المصنع بسرعة قبل غزو الصين لتايوان؟,https://www.youtube.com/watch?v=VhDU3HJYmpE,aj_kabrit,,,,
الجهبذ | السر وراء تناقص تفاعلنا وتعاطفنا مع ما يحدث في غزة!,https://www.youtube.com/watch?v=fZxfLGBprcU,aj_kabrit,,,,
المُخبر الاقتصادي+ | كيف تنوي أمريكا السيطرة على أموال روسيا ومساعدة إسرائيل؟ هل ينتقم بوتين؟,https://www.youtube.com/watch?v=TDdwP-kFr9o,aj_kabrit,,,,
المدوان | ماهو سبب اهتمام الملك فيصل بن عبد العزيز بالقضية الفلسطينية؟,https://www.youtube.com/watch?v=_xVea2nLwdY,aj_kabrit,,,,
السليط الإخباري 2024 | ما قصة الجندي الأمريكي آرون بوشنل؟ وأين برتقال عم ربيع؟,https://www.youtube.com/watch?v=jcZGhI75kD8,aj_kabrit,,,,
المُخبر الاقتصادي+ | لماذا يحب زعيم الهند إسرائيل بشدة؟ ما سر هذه العلاقة الوطيدة؟,https://www.youtube.com/watch?v=bvbFh1eklI4,aj_kabrit,,,,
المُخبر الاقتصادي+ | لماذا يتصارع أحفاد ملوك البنوك أو أقوى عائلة مصرفية في العالم؟,https://www.youtube.com/watch?v=M-fzEWCmCp4,aj_kabrit,,,,
المدوان | ماهو دور إسرائيل الخفي في مذبحة العرب في زنجبار؟,https://www.youtube.com/watch?v=Bpw8yKyo3GQ,aj_kabrit,,,,
السليط الإخباري 2024 | حلقة حساسة.. شاهد قبل الفيتو الأمريكي,https://www.youtube.com/watch?v=OFLUM1QD-0Q,aj_kabrit,,,,
المُخبر الاقتصادي+ | هل ستنخفض الأسعار في 2024؟ متى يمكن أن يحدث ذلك؟,https://www.youtube.com/watch?v=ILemxRxnKEs,aj_kabrit,,,,
المُخبر الاقتصادي+ | لماذا تدافع هولندا بشراسة عن إسرائيل؟ كيف أصبحت أفضل صديق لها بأوروبا؟,https://www.youtube.com/watch?v=0dovfAo9oag,aj_kabrit,,,,
المدوان | هل دعمت دول الخليج حركة حماس في بداياتها؟ وما قصة محاولة الموساد اغتيال خالد مشعل؟,https://www.youtube.com/watch?v=Cq-f7XNczlc,aj_kabrit,,,,
السليط الإخباري 2024 | ما قصة رفح؟ هل جو بايدن فقد عقله؟,https://www.youtube.com/watch?v=Byw0LShPqpY,aj_kabrit,,,,
المُخبر الاقتصادي+ | لماذا يجب أن يوقف العالم إسرائيل بسرعة؟ كيف تستخدم سلاح التجويع ضد غزة؟,https://www.youtube.com/watch?v=FppS-Y0oTkY,aj_kabrit,,,,
المُخبر الاقتصادي+ | كيف تسرق إسرائيل أموال الفلسطينين بخطة محكمة؟,https://www.youtube.com/watch?v=b476cT57MhA,aj_kabrit,,,,
المدوان | كيف تم طرد إسرائيل من كأس آسيا؟,https://www.youtube.com/watch?v=Xc1CWJgMAlQ,aj_kabrit,,,,
السليط الإخباري 2024 | هل توجد هدنة جديدة؟ هل نتنياهو رجل سيئ السمعة؟,https://www.youtube.com/watch?v=28FBaNYUB18,aj_kabrit,,,,
المُخبر الاقتصادي+ | ما سر تحريض إسرائيل لأمريكا على تدمير أهم مؤسسة دولية في غزة؟,https://www.youtube.com/watch?v=wK6aSN3L-eY,aj_kabrit,,,,
المخبر الاقتصادي+ | لماذا تستعين إسرائيل بالشركة التي تساعد أمريكا في التجسس على العالم؟,https://www.youtube.com/watch?v=XWXcA9QqO5c,aj_kabrit,,,,
المدوان | ما هو سبب غرق عبارة السلام؟,https://www.youtube.com/watch?v=y75GV0JfzJI,aj_kabrit,,,,
السليط الإخباري 2024 | أين هند؟ ما قصة معاقبة الأونروا ومؤتمر النصر؟,https://www.youtube.com/watch?v=2WTo34C4Pdo,aj_kabrit,,,,
المخبر الاقتصادي+ | لماذا أعطت ألمانيا إسرائيل أغلى سلاح في العالم مجاناً؟,https://www.youtube.com/watch?v=604qMuRJOxA,aj_kabrit,,,,
الجهبذ | القصة الكاملة للجولان المنسي.. جنة سوريا المحتلة,https://www.youtube.com/watch?v=-I7wkbl1xWM,aj_kabrit,,,,
المخبر الاقتصادي+ | كيف استطاع الأغنياء اليهود إسقاط رئيسة أغنى جامعة في العالم؟,https://www.youtube.com/watch?v=6cw39xUVyQI,aj_kabrit,,,,
المدوان | من خطف أطفال يهود اليمن في إسرائيل؟,https://www.youtube.com/watch?v=t3EvYCAB8f4,aj_kabrit,,,,
السليط الإخباري 2024 | ما هو روتين أهل غزة؟ وهل انتهت الحرب العالمية الثانية؟,https://www.youtube.com/watch?v=VdLnCV8T5QU,aj_kabrit,,,,
المُخبر الاقتصادي+ | لماذا دمرت إسرائيل ميناء غزة البحري؟,https://www.youtube.com/watch?v=J1_hoL5Lfao,aj_kabrit,,,,
الجهبذ | ما قصة البلد الوحيد الذي تجرأ على دولة الاحتلال وأخذها إلى محكمة العدل الدولية؟,https://www.youtube.com/watch?v=lLY5E0uaawg,aj_kabrit,,,,
المخبر الاقتصادي+ | هل يستطيع سلاح النفط تدمير الاقتصاد الإسرائيلي؟ ماذا لو قطع البترول عن إسرائيل؟,https://www.youtube.com/watch?v=aaxS8RpeDtc,aj_kabrit,,,,
المدوان | كيف اغتال جهاز الموساد محمود المبحوح في دبي؟,https://www.youtube.com/watch?v=497PIH6d60o,aj_kabrit,,,,
السليط الإخباري 2024 | من هو بطل أفريقيا؟ وما قصة ألمانيا؟,https://www.youtube.com/watch?v=IEl69BBDvPM,aj_kabrit,,,,
المُخبر الاقتصادي+ | كيف وجهت الصين ضربة قوية لأهم ميناء في إسرائيل؟,https://www.youtube.com/watch?v=Cr1eZdDDEio,aj_kabrit,,,,
الجهبذ | كيف يعيش أهل الضفة الغربية؟ وهل هي فعلاً غير محتلة؟,https://www.youtube.com/watch?v=C_v-26UQhpc,aj_kabrit,,,,
المُخبر الاقتصادي+ | لماذا لا تنسى جنوب أفريقيا ما فعلته إسرائيل بها؟ لماذا جرتها للمحاكمة الدولية؟,https://www.youtube.com/watch?v=FIzToKyKVSY,aj_kabrit,,,,
Al-Midwan | How Did Kuwait Smuggle Arms to the Resistance During the Palestine Revolt?,https://www.youtube.com/watch?v=Mz8rK2hdnRQ,aj_kabrit,,,,
السليط الإخباري 2024 | هل تنجح جنوب أفريقيا؟ ومن أين يأتي وائل الدحدوح بكل هذا الصبر؟,https://www.youtube.com/watch?v=Osb2GX6rvmg,aj_kabrit,,,,
المُخبر الاقتصادي+ | هل تحاول الصين تدمير الاقتصاد الإسرائيلي؟ لماذا تخاف إسرائيل؟,https://www.youtube.com/watch?v=i3TJbjyLQbI,aj_kabrit,,,,
"الجهبذ | ""الجيش الذي لا يقهر""؟",https://www.youtube.com/watch?v=SHmhyRvko9w,aj_kabrit,,,,
المُخبر الاقتصادي+ | لماذا هربت إسرائيل من قطاع غزة؟ هل يتعلم نتنياهو الدرس من شارون؟,https://www.youtube.com/watch?v=PqD_11pqT_8,aj_kabrit,,,,
المدوان | ما سبب قطع السعودية النفط عن أمريكا؟,https://www.youtube.com/watch?v=lLxYKxrDNVM,aj_kabrit,,,,
السليط الإخباري 2024 | من قتل العاروري؟ وماذا يحدث في السودان؟,https://www.youtube.com/watch?v=jviUXEj_8c8,aj_kabrit,,,,
المُخبر الاقتصادي+ | لماذا لا تبيع أمريكا أحدث أسلحتها للدول العربية وتعطيها لإسرائيل؟,https://www.youtube.com/watch?v=G84ZdjxMCBU,aj_kabrit,,,,
الجهبذ | قصة المقاومة الفلسطينية,https://www.youtube.com/watch?v=yi2pRfsO8g0,aj_kabrit,,,,
المُخبر الاقتصادي+ | لماذا فتحت أمريكا لإسرائيل مخبأ السلاح الذي بنته لأجل العرب؟,https://www.youtube.com/watch?v=EebTbpR-RWA,aj_kabrit,,,,
المدوان | تاريخ الجيش السعودي في غزة نصرة لفلسطين في نكبة 1948,https://www.youtube.com/watch?v=qmE5YyI31E8,aj_kabrit,,,,
المُخبر الاقتصادي+ | لماذا تستخدم إسرائيل القنابل الغبية بكثافة في قصف غزة؟,https://www.youtube.com/watch?v=syBkVtdRq9E,aj_kabrit,,,,
الجهبذ | هل كانت فلسطين صحراء لم تعرف الحضارة كما تدعي الرواية الصهيونية؟,https://www.youtube.com/watch?v=XCAwER_3GAk,aj_kabrit,,,,
المُخبر الاقتصادي+ | لماذا لا يرغب أحد في زيارة إسرائيل؟ كيف انهارت السياحة الإسرائيلية؟,https://www.youtube.com/watch?v=7gVSgj7APtc,aj_kabrit,,,,
السليط الإخباري 2023 | هل يوجد مسيحيون في غزة؟ هل يوجد أطفال للعيد؟,https://www.youtube.com/watch?v=l27MwFpVap8,aj_kabrit,,,,
المُخبر الاقتصادي+ | هل ستعاني إسرائيل من أزمة غذاء قريباً؟ وكيف يحاصر قطاعها الزراعي؟,https://www.youtube.com/watch?v=E7GqrhfEZug,aj_kabrit,,,,
مخيم اليرموك.. مخيم للاجئين الفلسطينيين في ضواحي دمشق حوصر لسنوات ودُمر، ثم هُجر أهله.,https://www.youtube.com/watch?v=ZyqNHRuDzN0,aj_kabrit,,,,
المُخبر الاقتصادي+ | كيف يضرب الحوثيون في اليمن أضعف نقطة في اقتصاد إسرائيل؟,https://www.youtube.com/watch?v=hh48Gw_bupQ,aj_kabrit,,,,
السليط الإخباري 2023 | هل استسلمت حماس؟ ولماذا تعري إسرائيل الأسرى؟,https://www.youtube.com/watch?v=_jPjHv5pVAg,aj_kabrit,,,,
"المُخبر الاقتصادي+ | كيف تستخدم إسرائيل نظام ""الإنجيل"" في الاغتيالات الجماعية؟",https://www.youtube.com/watch?v=FqxmKf5DZio,aj_kabrit,,,,
الجهبذ | قصة يهود أوروبا!,https://www.youtube.com/watch?v=Twc7a7RMpS0,aj_kabrit,,,,
المُخبر الاقتصادي+ | لماذا تهاجم أمريكا وإسرائيل تيكتوك الصيني؟,https://www.youtube.com/watch?v=pKqlenPi3aA,aj_kabrit,,,,
السليط الإخباري 2023 | ما قصة إغراق أنفاق حماس؟ ولماذا تدافع أمريكا عن إسرائيل؟,https://www.youtube.com/watch?v=Lfcyjq0usJ0,aj_kabrit,,,,
"المُخبر الاقتصادي+ | كيف أنقذ هنري كسينجر ""إسرائيل"" من الهلاك؟",https://www.youtube.com/watch?v=66qdfgzC_aM,aj_kabrit,,,,
الجهبذ | هل تغير حرب غزة مستقبل الحروب في العالم؟,https://www.youtube.com/watch?v=JRiy9gSnyXw,aj_kabrit,,,,
"المُخبر الاقتصادي+ | كيف تستطيع أمريكا إجبار ""إسرائيل"" على وقف حربها ضد قطاع غزة؟",https://www.youtube.com/watch?v=PtwsqLDIctQ,aj_kabrit,,,,
السليط الإخباري 2023 | ما الذي يريده أهل غزة؟,https://www.youtube.com/watch?v=mzP-5bxOgxo,aj_kabrit,,,,
"المُخبر الاقتصادي+ | كيف دمرت المقاومة الدبابة الإسرائيلية ""الخارقة""؟ هل تعلمت ""إسرائيل"" من روسيا؟",https://www.youtube.com/watch?v=Ek4Q8rxZ7Gc,aj_kabrit,,,,
الجهبذ |هل ستخسر إسرائيل الحرب؟ وكيف بدأ الغرب يعيد حساباته تجاهها؟,https://www.youtube.com/watch?v=f9JwbFJsOxc,aj_kabrit,,,,
"المُخبر الاقتصادي+ | لماذا تخفي أمريكا السلاح الذي ترسله لـ""إسرائيل""؟ هل تخاف من المقاومة؟",https://www.youtube.com/watch?v=2gWp1u8SNag,aj_kabrit,,,,
السليط الإخباري 2023 | ما هي تفاصيل الهدنة وآخر التطورات في غزة؟,https://www.youtube.com/watch?v=fZYUvGGmlJY,aj_kabrit,,,,
المُخبر الاقتصادي+|لماذا يتحدى إيلون ماسك واحدة من أقوى المنظمات اليهودية في أمريكا؟وهل يخسر تويتر؟,https://www.youtube.com/watch?v=NFvgDqaVCcs,aj_kabrit,,,,
"الجهبذ | غصة ""إسرائيل"" الأوروبية، والدولة الأوروبية الأجرأ على الوقوف إلى جانب فلسطين.",https://www.youtube.com/watch?v=6jo7Z3mII9o,aj_kabrit,,,,
"المُخبر الاقتصادي+ | لماذا دمرت ""إسرائيل"" مطار غزة الدولي؟",https://www.youtube.com/watch?v=Cpvtj3aGnYM,aj_kabrit,,,,
المُخبر الاقتصادي+ | لماذا حاربت أمريكا المقاطعة العربية؟ ولماذا يقاطع الناس؟,https://www.youtube.com/watch?v=GG42Xngt2eg,aj_kabrit,,,,
الجهبذ | خطة التهجير ليست جديدة.. مخطط صهيوني قديم لتهجير الفلسطينيين إلى الدول العربية..,https://www.youtube.com/watch?v=9pF_-tfY_xU,aj_kabrit,,,,
"المُخبر الاقتصادي+ | لماذا يستطيع الأمريكيون شتم رئيسهم ولا يجرؤون على انتقاد ""إسرائيل""؟",https://www.youtube.com/watch?v=OAraME4Grdc,aj_kabrit,,,,
السليط الإخباري 2023 | هل يستلم محمود عباس مكان أبو عبيدة؟,https://www.youtube.com/watch?v=CseiLkoWBpU,aj_kabrit,,,,
"الجهبذ | ما هو سر الانحياز الألماني لـ""إسرائيل""؟",https://www.youtube.com/watch?v=sc7U0YQRVVg,aj_kabrit,,,,
المُخبر الاقتصادي+ | لماذا يعيش الإسرائيليون في خوف بالملاجئ؟ كيف تفشل القبة الحديدية بحمايتهم؟,https://www.youtube.com/watch?v=3_0pZdUyUi8,aj_kabrit,,,,
السليط الإخباري 2023 | هل الهدف أبو عبيدة؟ ما الذي يحدث فعلاً في فلسطين؟,https://www.youtube.com/watch?v=KzOCPrETQGw,aj_kabrit,,,,
المُخبر الاقتصادي+ | لماذا يخاف الرئيس الأمريكي من إسرائيل؟ وهل يخسر بسببها الانتخابات؟,https://www.youtube.com/watch?v=1jLSPnPfJRE,aj_kabrit,,,,
الجهبذ | عندما تكون المجازر وقتل الأطفال والنساء مبررة بالدفاع عن النفس,https://www.youtube.com/watch?v=-jkRQpwBqVU,aj_kabrit,,,,
المُخبر الاقتصادي+ | لماذا هدد الإسرائيليون فرنسا بإفشاء السر الذي سيقاطعها العرب بسببه؟,https://www.youtube.com/watch?v=_PUQ5fuXOxY,aj_kabrit,,,,
السليط الإخباري 2023 | بينتقموا منا في الأولاد.. معلش,https://www.youtube.com/watch?v=iXrhKgE6Sro,aj_kabrit,,,,
المُخبر الاقتصادي+ | كيف يحرم الإسرائيليون غزة من ثرواتها الموجودة في البحر؟,https://www.youtube.com/watch?v=slJ-EbsQWCg,aj_kabrit,,,,
الجهبذ | كيف يتم تجريد الفلسطينيين من إنسانيتهم تمهيداً لقتلهم دون تأنيب ضمير؟,https://www.youtube.com/watch?v=01WsahNOXPs,aj_kabrit,,,,
المُخبر الاقتصادي+ | لماذا لا يستطيع الإسرائيليون الدخول في حرب طويلة؟ ما نقطة ضعفهم؟,https://www.youtube.com/watch?v=E4EDz3wXcLA,aj_kabrit,,,,
السليط الإخباري 2023 | استهداف المستشفى الأهلي المعمداني في غزة,https://www.youtube.com/watch?v=Pg4FirQQkBg,aj_kabrit,,,,
المُخبر الاقتصادي+ | كيف انهار المشروع الدفاعي الإسرائيلي في لحظات؟,https://www.youtube.com/watch?v=Ut0lDa-p1qU,aj_kabrit,,,,
الجهبذ | قبل أن نسأل ماذا حدث في 7 أكتوبر.. يجب أن نسأل لماذا حدث 7 أكتوبر في غزة؟,https://www.youtube.com/watch?v=KpjP6jhcESs,aj_kabrit,,,,
المُخبر الاقتصادي+ | لماذا تدعم أمريكا الإسرائيليين بالمال والسلاح؟,https://www.youtube.com/watch?v=v5QmX29r2Ug,aj_kabrit,,,,
السليط الإخباري 2023 | ما حقيقة ما يحدث بفلسطين؟ وهل وقعتم ضحية الأخبار الكاذبة؟,https://www.youtube.com/watch?v=IF5miTwuevI,aj_kabrit,,,,
الوتر الحساس | كيف يزور فيلم غولدا مائير تاريخ حرب أكتوبر ويلمع صورتها؟,https://www.youtube.com/watch?v=MgtvtAOxbAk,aj_kabrit,,,,
المُخبر الاقتصادي+ | كيف تفهم تحركات أسعار الذهب في السوق؟,https://www.youtube.com/watch?v=kE-pB4Fao24,aj_kabrit,,,,
الجهبذ | الحرب التي جمعت الأعداء وفرقت الحلفاء على منطقة استراتيجية حساسة للعالم كله,https://www.youtube.com/watch?v=921ao--NgO0,aj_kabrit,,,,
المُخبر الاقتصادي+ | لماذا زادت ديون أمريكا بسرعة الصاروخ ووصلت إلى 33 تريليون دولار؟ متى تسددها؟,https://www.youtube.com/watch?v=rL7pK4VZrmg,aj_kabrit,,,,
السليط الإخباري 2023 | من أين يأتي المرشح المدني؟ وكيف تهدم مصر؟,https://www.youtube.com/watch?v=fIDiBCNqMS4,aj_kabrit,,,,
الوتر الحساس | أفلام ينتجها تجار وتُصور في أسبوع.. كيف تربعت أفلام المقاولات على عرش التذاكر؟,https://www.youtube.com/watch?v=BrJ83oPq4V0,aj_kabrit,,,,
المُخبر الاقتصادي+ | كيف اخترقت روسيا الحصار الأمريكي لحرمانها من إيراداتها النفطية؟,https://www.youtube.com/watch?v=4vGPlaJKNik,aj_kabrit,,,,
الجهبذ | القصة الكاملة لحرب أكتوبر/ تشرين 1973.. انتصار أم هزيمة؟,https://www.youtube.com/watch?v=31ao9T1EyHQ,aj_kabrit,,,,
المُخبر الاقتصادي+ | كيف قضت فرنسا على محاولة دولة أفريقية للخروج من هيمنتها؟,https://www.youtube.com/watch?v=So09SnlI3Q8,aj_kabrit,,,,
السليط الإخباري 2023 | هل سيصل أحمد الطنطاوي إلى الانتخابات الرئاسية؟ وهل انتهت العنصرية في تركيا؟,https://www.youtube.com/watch?v=gXcKsyefBtQ,aj_kabrit,,,,
من المسؤول عن ارتفاع أسعار الطماطم والبصل؟ ولماذا اتهموهما بالجنون؟,https://www.youtube.com/watch?v=7c10qBkUUU0,aj_kabrit,,,,
المُخبر الاقتصادي+ | لماذا قد تنتصر الصين وتكسر الحصار الأمريكي على هواوي قريباً؟,https://www.youtube.com/watch?v=Dgd68MssvNI,aj_kabrit,,,,
الجهبذ | كيف استغلت فرنسا شعوب غرب أفريقيا؟ وهل استقلال هذه الدول عن فرنسا حقيقي؟,https://www.youtube.com/watch?v=b063vW1W6Yc,aj_kabrit,,,,
المُخبر الاقتصادي+ | كيف تتحكم أمريكا في قرارات صندوق النقد الدولي؟,https://www.youtube.com/watch?v=Fd48_W3Eg4w,aj_kabrit,,,,
السليط الإخباري 2023 | ما هي أسباب الزلازل والفيضانات بالدليل العلمي؟,https://www.youtube.com/watch?v=PfKYFERVOfo,aj_kabrit,,,,
الوتر الحساس | لماذا تشعل الدارجة الجزائرية مدرجات الدوري السعودي ومن برأيكم صفقة العمر لدوري روشن؟,https://www.youtube.com/watch?v=uQcsVdTe2qQ,aj_kabrit,,,,
المُخبر الاقتصادي+ | لماذا دخلت السعودية في حرب أسعار مع بريطانيا في سوق النفط؟,https://www.youtube.com/watch?v=QzWE4Hd_m-o,aj_kabrit,,,,
الجهبذ | الوصفة السرية لتصبح من النخبة، أصحاب الأموال والسلطة والقوة!,https://www.youtube.com/watch?v=9pHmKivmrrM,aj_kabrit,,,,
المُخبر الاقتصادي+ | لماذا تبيع الصين كميات كبيرة من الدولار في السوق؟ هل ينهار اليوان؟,https://www.youtube.com/watch?v=xl0KGZRAS_U,aj_kabrit,,,,
السليط الإخباري 2023 | إعصار دانيال وزلزال الحوز,https://www.youtube.com/watch?v=pD_Dxry24Uw,aj_kabrit,,,,
الوتر الحساس | سفاح الجيزة ودراما السفاحين: تمثيل الواقع أم تشجيع وتعاطف مع المجرمين؟,https://www.youtube.com/watch?v=eeyt8QNruI0,aj_kabrit,,,,
المُخبر الاقتصادي+ | لماذا تخاف أمريكا من هاتف هواوي الصينية الجديد؟ وكيف صنعته الصين؟,https://www.youtube.com/watch?v=LEKUH-E5k3U,aj_kabrit,,,,
الجهبذ |  عادت كما كانت قبل 12 سنة! مظاهرات السويداء 2023,https://www.youtube.com/watch?v=g3PA3AXhVO0,aj_kabrit,,,,
المُخبر الاقتصادي+ | كيف بنى محمد الفايد ثروته؟ وكيف أنقذ الجنيه الإسترليني؟,https://www.youtube.com/watch?v=UVwamGWfULI,aj_kabrit,,,,
السليط الإخباري 2023 | كيف أبكى السيسي الوزير ولماذا ضحك بشار؟,https://www.youtube.com/watch?v=6kROWFpfbd4,aj_kabrit,,,,
الوتر الحساس | ريفو أمير عيد.. رحلة عبر الزمن لاستعادة ذكريات التسعينيات وما قبلها,https://www.youtube.com/watch?v=b2gfIezS6OU,aj_kabrit,,,,
المُخبر الاقتصادي+ | لماذا تريد بريطانيا العودة للاتحاد الأوروبي؟,https://www.youtube.com/watch?v=sCrsOuGJD2o,aj_kabrit,,,,
الجهبذ | يوم اقتحم المسجد الأموي بالدبابات..,https://www.youtube.com/watch?v=48YuB6GFUPI,aj_kabrit,,,,
المُخبر الاقتصادي+ | كيف تخطط أقوى امرأة في روسيا لاستعادة أموال بلادها المحاصرة في الغرب؟,https://www.youtube.com/watch?v=hf1_tA2gR00,aj_kabrit,,,,
السليط الإخباري 2023 | ما الذي صدم بيلا حديد وأغضب الشعب الليبي؟,https://www.youtube.com/watch?v=FJmdm1hhjlU,aj_kabrit,,,,
الوتر الحساس | هل يتنبأ مسلسل سيمبسون بالمستقبل أم أنها حيلة لاصطيادنا؟,https://www.youtube.com/watch?v=B-VfXpCZHo8,aj_kabrit,,,,
المُخبر الاقتصادي+ | لماذا دعا تحالف بريكس مصر والسعودية والإمارات للانضمام إليه؟,https://www.youtube.com/watch?v=P4bJJ1JG9YQ,aj_kabrit,,,,
الجهبذ | لماذا تشبه أبنية المدارس في بلادنا السجون؟,https://www.youtube.com/watch?v=4WFU16DhycY,aj_kabrit,,,,
"المُخبر الاقتصادي+ | كيف أصبحت البرازيل أكبر مصدر للدجاج ""الرخيص"" في العالم؟",https://www.youtube.com/watch?v=nm_fxTOIWyY,aj_kabrit,,,,
السليط الإخباري 2023 | ما هي جمعة محاسبة الأسد؟ وأين وصلت العنصرية في تركيا؟,https://www.youtube.com/watch?v=1lW0d2n7qT4,aj_kabrit,,,,
"الوتر الحساس | حذر ""إسرائيل"" من عبد الناصر وشجع مشروع الاحتلال النووي. حقائق أخفاها فيلم أوبنهايمر",https://www.youtube.com/watch?v=a03QWQXHDwU,aj_kabrit,,,,
المُخبر الاقتصادي+ | لماذا يرفض الصينيون إنفاق أموالهم رغم توسلات الحكومة لإنقاذ الاقتصاد؟,https://www.youtube.com/watch?v=HamaSC3DHAk,aj_kabrit,,,,
الجهبذ | العالم قبل اختراع سلاح الجو ليس كما بعده، كيف تغير شكل الحروب وتطورت في الـ100 سنة الأخيرة؟,https://www.youtube.com/watch?v=fxZBWnl6KcA,aj_kabrit,,,,
المُخبر الاقتصادي+ | أين اختفت شركة توشيبا اليابانية؟ لماذا يبيعها اليابانيون بسعر رخيص؟,https://www.youtube.com/watch?v=yr2Y5qRuZK0,aj_kabrit,,,,
السليط الإخباري 2023 |  ما قصة باربي؟ وهل تتسبب بحرب أهلية؟ وكيف وصل بشار الأسد للسلطة,https://www.youtube.com/watch?v=k8Yp-rGHQsE,aj_kabrit,,,,
الوتر الحساس |  أسعار خيالية وشروط للدخول.. الساحل الشرير X ساحل الغلابة في مصر,https://www.youtube.com/watch?v=zUMQrAeUO-c,aj_kabrit,,,,
المخبر الاقتصادي+ | هل يستطيع بوتين تحدي فرنسا وحماية أصغر زعيم في أفريقيا؟,https://www.youtube.com/watch?v=tuR91Vb-ob8,aj_kabrit,,,,
الجهبذ | ما الحقيقة وراء انقلاب النيجر وما دور فرنسا وروسيا في غرب أفريقيا؟,https://www.youtube.com/watch?v=pFvisgcBMIs,aj_kabrit,,,,
المخبر الاقتصادي+ | لماذا تسحب البنوك المركزية احتياطيات الذهب من أمريكا وبريطانيا؟,https://www.youtube.com/watch?v=lqXjXypvmVs,aj_kabrit,,,,
السليط الإخباري 2023 | ما الذي يحدث في لبنان وأين تذهب دولارات العراق؟,https://www.youtube.com/watch?v=-OzdZHXhLS4,aj_kabrit,,,,
الوتر الحساس |  ماذا تعرفون عن ماضي باربي المظلم وكيف تفاعل العرب مع فيلمها؟,https://www.youtube.com/watch?v=XRG-A75Zdwg,aj_kabrit,,,,
"المخبر الاقتصادي+ | هل تسحب الدول العربية أموالها من أمريكا بعد قرار ""فيتش"" الصادم؟",https://www.youtube.com/watch?v=BeIACWzeMJs,aj_kabrit,,,,
الجهبذ | كيف تحول محارب الساموراي الياباني إلى أسطورة عالمية؟,https://www.youtube.com/watch?v=dwPFUPBSpVY,aj_kabrit,,,,
المخبر الاقتصادي+ | كيف تخطط الصين لضرب اقتصاد أمريكا بسلاح العناصر النادرة؟,https://www.youtube.com/watch?v=BJgmqoPrTcw,aj_kabrit,,,,
السليط الإخباري 2023 |  شاهد الفضيحة التي هزت عالم البحار وعالم الأموال قبل الحذف,https://www.youtube.com/watch?v=0bKHQlcTbsk,aj_kabrit,,,,
الوتر الحساس |  مُنع من العرض كي لا يُغضب إيران.. أفلام مُنعت بأمر الرقيب,https://www.youtube.com/watch?v=yf_J5HAlz7U,aj_kabrit,,,,
"المخبر الاقتصادي+ | كيف يتحكم نظام ""علاء الدين"" في ثروات العالم؟ ما سر خطورة سلاح ""بلاك روك"" القوي؟",https://www.youtube.com/watch?v=LOdrwmhoMfM,aj_kabrit,,,,
الجهبذ | كيف غير الثامن من مارس/ آذار وجه سوريا؟ وهل كان ثورة أم انقلاباً؟,https://www.youtube.com/watch?v=adX-wesLJ0g,aj_kabrit,,,,
المخبر الاقتصادي+ | كيف يتعامل الفقراء مع المال؟ وهل الغني أذكى من الفقير؟,https://www.youtube.com/watch?v=zXg1MaKfM0Y,aj_kabrit,,,,
السليط الإخباري 2023 | عنصرية ضد اللاجئين في تركيا، وبريطانيا تجند جواسيس,https://www.youtube.com/watch?v=xAANtQD_5UA,aj_kabrit,,,,
الوتر الحساس |  أصاب المشاهدين انهيار عصبي.. أي أفلام أسست لسينما الرعب؟,https://www.youtube.com/watch?v=7KUAcycfks4,aj_kabrit,,,,
المخبر الاقتصادي+ | لماذا قتلت روسيا اتفاقية الحبوب؟ هل ترضخ أمريكا وأوروبا لشروط بوتين؟,https://www.youtube.com/watch?v=-H5nZC9GC3w,aj_kabrit,,,,
الجهبذ |  أحداث السودان منذ الاستقلال إلى الأزمة الأخيرة..,https://www.youtube.com/watch?v=dagF2R0JyLA,aj_kabrit,,,,
المُخبر الاقتصادي+ | كيف جعل فاروق القاسم النرويج أغنى دولة في العالم؟,https://www.youtube.com/watch?v=cAN1d-AxQOk,aj_kabrit,,,,
السليط الإخباري 2023 - بابلو إسكوبار العرب,https://www.youtube.com/watch?v=P8jMy0N5THI,aj_kabrit,,,,
الوتر الحساس I خلع اللثام عار.. ما قصة لثام الطوارق؟ وما أبرز عاداتهم؟ وما علاقتهم بغرق فرعون مصر؟,https://www.youtube.com/watch?v=Lda8kBkAG9I,aj_kabrit,,,,
المُخبر الاقتصادي+ | كيف تؤدي قلة النوم والسهر إلى الفقر وخسارة المال؟ لماذا يجب أن ننام؟,https://www.youtube.com/watch?v=4oc6o2kmafU,aj_kabrit,,,,
الجهبذ | 100 عام على توقيع معاهدة لوزان.. ماذا تعرفون عنها؟,https://www.youtube.com/watch?v=V1suG9vM9wc,aj_kabrit,,,,
المُخبر الاقتصادي+ | كيف صدرت أمريكا الأمراض للصين؟ ما سر الطعام الأمريكي المنتشر في الصين؟,https://www.youtube.com/watch?v=UTISj8Q2iqg,aj_kabrit,,,,
السليط الإخباري 2023 - لماذا قام سلوان موميكا بحرق المصحف الشريف؟,https://www.youtube.com/watch?v=2ZtaIzs22w8,aj_kabrit,,,,
الوتر الحساس | حارب حريم السلطان ودعم أرطغرل.. ما سر علاقة أردوغان بالدراما التركية؟,https://www.youtube.com/watch?v=hLq3fRpCbFo,aj_kabrit,,,,
!المُخبر الاقتصادي+ |  لماذا يجب أن نخاف من تطبيق ثريدز ومن صاحبه مارك زوكربرغ؟,https://www.youtube.com/watch?v=8hvndEnzsXI,aj_kabrit,,,,
الجهبذ | جزر الكناري تجربة الإبادة الأوروبية الأولى قبل الأمريكيتين,https://www.youtube.com/watch?v=ahI-pminwmA,aj_kabrit,,,,
المُخبر الاقتصادي+ | كيف جعل صندوق النقد الدولي الصومال من أفقر دول العالم؟ كيف قتل الطبيب المريض؟,https://www.youtube.com/watch?v=y40y2XkIzus,aj_kabrit,,,,
الوتر الحساس | تهديدات وتحريض.. هل تعزز بوليوود خطاب الكراهية ضد المسلمين؟,https://www.youtube.com/watch?v=MsAo1QAr-L0,aj_kabrit,,,,
المُخبر الاقتصادي+ | لماذا تخاف أمريكا وأوروبا من فرض عقوبات على أكبر شركة نووية في العالم؟,https://www.youtube.com/watch?v=Sp6UD0pQucY,aj_kabrit,,,,
الجهبذ |  قصة ألمانيا الشرقية التي عاشت 40 سنة فقط..,https://www.youtube.com/watch?v=zGJgsRJzqGk,aj_kabrit,,,,
المُخبر الاقتصادي+ | لماذا يكره الفرنسيون الدولار الأمريكي؟ هل حاولت فرنسا تدمير الدولار؟,https://www.youtube.com/watch?v=6Z-ehR6iKtc,aj_kabrit,,,,
السليط الإخباري 2023 |  هل استغل بوتين العيد كي يضحي بفاغنر؟,https://www.youtube.com/watch?v=_v3Gz07OL_0,aj_kabrit,,,,
"المُخبر الاقتصادي+ | كيف أسس ""طباخ بوتين"" أكبر وأقوى شركة عسكرية خاصة في العالم؟",https://www.youtube.com/watch?v=BSgfsKzC_x8,aj_kabrit,,,,
الجهبذ | هل يفوتنا قطار الذكاء الاصطناعي كما فاتنا قطار الصناعة وغيرها؟,https://www.youtube.com/watch?v=MffB3jdXS6A,aj_kabrit,,,,
المُخبر الاقتصادي+ | لماذا تلجأ أكبر شركات الطاقة في أمريكا إلى الجزائر؟هل حانت لحظة الغاز الجزائري؟,https://www.youtube.com/watch?v=I6iW7zjiRyI,aj_kabrit,,,,
السليط الإخباري 2023 |  كيف تنجح بامتحانات الثانوية العامة؟,https://www.youtube.com/watch?v=EqDrt0QMuT4,aj_kabrit,,,,
الوتر الحساس | هل فيلم فجر الإسلام صنعه السادات لمغازلة الإسلاميين؟,https://www.youtube.com/watch?v=-CqoVYGs11s,aj_kabrit,,,,
المُخبر الاقتصادي+ | كيف فاجأت السعودية العالم وأصبحت على رأس لعبة الأثرياء؟,https://www.youtube.com/watch?v=EpuowvOBADM,aj_kabrit,,,,
الجهبذ | قصة مدينة حمص عبر التاريخ.. بين خفة الدم والمأساة,https://www.youtube.com/watch?v=si9G7RjT-7I,aj_kabrit,,,,
المُخبر الاقتصادي+ | لماذا يجلس عشرات الملايين من الشباب الصيني في بيوتهم بدون عمل؟,https://www.youtube.com/watch?v=_8xk5xFhtHA,aj_kabrit,,,,
السليط الإخباري 2023 |  كيف تنجو من القرش؟ وما هو الشوكولامو؟,https://www.youtube.com/watch?v=a6iBmEQ8JXc,aj_kabrit,,,,
الوتر الحساس |  كيف أصبحت الكناوة صرخة الأفارقة المستعبدين في المغرب؟,https://www.youtube.com/watch?v=c7QBJz4k-CA,aj_kabrit,,,,
المُخبر الاقتصادي+ | كيف أصبح مستقبل صناعة السيارات المغربية في أيدي الصين؟هل تصنع المغرب البطارية؟,https://www.youtube.com/watch?v=XJsd_1Vo_mk,aj_kabrit,,,,
الجهبذ | ما هو شكل الأرض؟ ومنذ متى يعرف الإنسان هذه الحقيقة؟,https://www.youtube.com/watch?v=aWKek3wVHFg,aj_kabrit,,,,
المُخبر الاقتصادي+ | كيف أخذت روسيا شركات أوروبا رهينة مقابل أموال بنكها المركزي المحاصرة؟,https://www.youtube.com/watch?v=YmiLZoG_HUg,aj_kabrit,,,,
السليط الإخباري 2023 |  شاهد هاتريك محمد صلاح في شباك الخصم,https://www.youtube.com/watch?v=6Az4mzQJwBI,aj_kabrit,,,,
"الوتر الحساس |  لماذا أوقفت ""إسرائيل"" برنامج مصطفى محمود وكيف تم تكفيره؟",https://www.youtube.com/watch?v=vtrbViUNGsI,aj_kabrit,,,,
المُخبر الاقتصادي+ | كيف تحكم ثلاث شركات خاصة العالم؟ كيف يمكنهما تدمير أي دولة؟,https://www.youtube.com/watch?v=jUIOqozAJcc,aj_kabrit,,,,
الجهبذ | ماذا تعرفون عن الجمهورية العربية المتحدة؟ كيف تأسست ولماذا؟,https://www.youtube.com/watch?v=5it-ytIp03I,aj_kabrit,,,,
المخبر الاقتصادي + | لماذا قد ينهار اقتصاد أمريكا لو استغنت عن الصين؟ من يملك خيوط اللعبة؟,https://www.youtube.com/watch?v=iOgntizCd54,aj_kabrit,,,,
السليط الإخباري 2023 | كيف تعامل الإعلام مع فوز أردوغان؟ وكيف يمكن إسعاد كمال كليجدار أوغلو؟,https://www.youtube.com/watch?v=csZsX3QA08U,aj_kabrit,,,,
الوتر الحساس | ردود فعل الشعب المصري على حادثة غادة والي لكن ماذا لو وقعت حادثتها في السعودية؟,https://www.youtube.com/watch?v=hH6xNu4lzik,aj_kabrit,,,,
المُخبر الاقتصادي+ | هل تطبع الأرجنتين صورة ميسي على العملة لتنقذ اقتصادها من الإفلاس؟,https://www.youtube.com/watch?v=grPZN1zPoWs,aj_kabrit,,,,
الجهبذ | كيف تتموضع الأحزاب التركية على الخريطة السياسية؟,https://www.youtube.com/watch?v=XO3J_CANwKA,aj_kabrit,,,,
المُخبر الاقتصادي+ | كيف ستعيش دول الخليج بعد انتهاء ثروات النفط والغاز؟,https://www.youtube.com/watch?v=wPwFbw1uKXs,aj_kabrit,,,,
السليط الإخباري 2023 | هل سيفوز أردوغان؟ أم سيخسر كمال كليجدار أوغلو؟,https://www.youtube.com/watch?v=sICk8V5b8tE,aj_kabrit,,,,
الوتر الحساس | كيف رد الفنان عبد الكريم عبد القادر على عداء نيوزيلندا للعرب بكأس العالم وغزو الكويت؟,https://www.youtube.com/watch?v=7rrGq5Wwgg0,aj_kabrit,,,,
المُخبر الاقتصادي+ | هل يلجأ رئيس أمريكا إلى الحل الأخير لكي ينقذ بلاده من كارثة اقتصادية؟,https://www.youtube.com/watch?v=U7TA6CRIB2w,aj_kabrit,,,,
الجهبذ | ما حقيقة الصراع بين رفعت الأسد وحافظ الأسد؟ ولماذا نُفي رفعت الأسد من سوريا؟,https://www.youtube.com/watch?v=s97It7aEU3o,aj_kabrit,,,,
المُخبر الاقتصادي+ | كيف يتسبب العناد في ضياع أموالك في استثمارات فاشلة؟,https://www.youtube.com/watch?v=zR5N6-JfwCM,aj_kabrit,,,,
"السليط الإخباري 2023 | ""النمبر تو"" يطلب الحماية من ""النمبر ون""",https://www.youtube.com/watch?v=lKjmKZHtoyg,aj_kabrit,,,,
الوتر الحساس | من التغريبة للطنطورة: فيلم إسرائيلي يفضح جريمة مقبرة جماعية,https://www.youtube.com/watch?v=wUMRrfQMFx0,aj_kabrit,,,,
المُخبر الاقتصادي+ | كيف ترفع الشركات أسعار المنتجات بدون أن يشعر المستهلكين؟,https://www.youtube.com/watch?v=GPE0ygyJ-70,aj_kabrit,,,,
الجهبذ | تفاصيل عملية التطهير العرقي والمجازر التي حصلت في فلسطين عام 1948.,https://www.youtube.com/watch?v=BmBWy4LRXqY,aj_kabrit,,,,
المُخبر الاقتصادي+ | هل يصبح الدينار عملة مشتركة لكل الدول العربية على غرار اليورو الأوروبي؟,https://www.youtube.com/watch?v=qNXS6GPkFEw,aj_kabrit,,,,
السليط الإخباري 2023 | ما هي نتيجة الانتخابات التركية؟ من رئيس مصر القادم؟ هل يعود ترمب؟,https://www.youtube.com/watch?v=kZufBYJDCnM,aj_kabrit,,,,
الوتر الحساس | ما قصة كليوباترا الصهيونية التي أغضبت المصريين أكثر من كليوباترا السوداء؟,https://www.youtube.com/watch?v=jsOLJIPQQ94,aj_kabrit,,,,
المُخبر الاقتصادي+ | لماذا تمتلك الصين أكبر احتياطي من الدولار في العالم؟,https://www.youtube.com/watch?v=FwEAF5cre2c,aj_kabrit,,,,
الجهبذ | قصة أهم انتخابات في تاريخ تركيا ستسهم برسم شكل المنطقة في السنوات المقبلة.,https://www.youtube.com/watch?v=R-H35HFhoiA,aj_kabrit,,,,
المُخبر الاقتصادي+ | هل يحمي الذهب أموالك فعلاً من التضخم؟ من يحرك أسعار الذهب؟,https://www.youtube.com/watch?v=P9ZNSfe6gLU,aj_kabrit,,,,
السليط الإخباري 2023 | ما لا تعرفه وتعرفه عن ترحيل اللاجئين السوريين,https://www.youtube.com/watch?v=6okf27lNfrI,aj_kabrit,,,,
الوتر الحساس | بلطي أيقونة الراب التونسي.. ما قصة اتهامه بتلميع نظام زين العابدين بن علي؟,https://www.youtube.com/watch?v=eCJhhcTmPJI,aj_kabrit,,,,
المُخبر الاقتصادي+ | لماذا فشلت بريطانيا في تقليد الكويت والنرويج وأصبحت من أفقر دول أوروبا؟,https://www.youtube.com/watch?v=Fbq3Auu1LjI,aj_kabrit,,,,
الجهبذ | ما الهدف وراء محاولة بوتين تلميع صورة ديكتاتور مثل ستالين؟,https://www.youtube.com/watch?v=a1-xSNHj440,aj_kabrit,,,,
المُخبر الاقتصادي+ | كيف نهبت فرنسا مليارات الدولارات من دولة غنية وحولتها لدولة فقيرة؟,https://www.youtube.com/watch?v=5syxQiCkJus,aj_kabrit,,,,
الوتر الحساس | هل يسيء شباب البومب لسمعة السعودية وما سر شعبيته المليارية؟,https://www.youtube.com/watch?v=XIZpnyABp8g,aj_kabrit,,,,
المُخبر الاقتصادي+ | كيف ينهب أسطول الصين المتوحش الأسماك من 40 دولة؟ هل يجوع العالم لتأكل الصين؟,https://www.youtube.com/watch?v=KzT8RMUGnnA,aj_kabrit,,,,
الجهبذ | قصة المعركة التي أنقذت الأندلس وغيّرت مصيرها.,https://www.youtube.com/watch?v=9P5MM32rqxU,aj_kabrit,,,,
المُخبر الاقتصادي+ | لماذا ألغت أمريكا قاعدة تحويل الدولار إلى ذهب؟ كيف خدعت العالم لتنقذ نفسها؟,https://www.youtube.com/watch?v=3HSgJeOZGj0,aj_kabrit,,,,
السليط الإخباري 2023 |  ما الذي يحدث في السودان وما هو أصل كليوبترا؟,https://www.youtube.com/watch?v=L9RtiGFiVMM,aj_kabrit,,,,
الوتر الحساس |  كيف صالح الملك فاروق النادي الأهلي واستخدم أم كلثوم لكيد الإنكليز؟,https://www.youtube.com/watch?v=3HOH1UkR3Jg,aj_kabrit,,,,
المُخبر الاقتصادي+ | لماذا عجزت أمريكا عن سداد ديونها؟ ولماذا غضب أصحاب الديون؟,https://www.youtube.com/watch?v=c-0wsV94JU0,aj_kabrit,,,,
الجهبذ | كيف انتهى الاحتلال الفرنسي لسوريا عام 1946؟,https://www.youtube.com/watch?v=11IPBD0OFA4,aj_kabrit,,,,
المُخبر الاقتصادي+ | هل تنضم مصر والسعودية والجزائر لتحالف “بريكس” القوي؟,https://www.youtube.com/watch?v=W6rB5bMcXKk,aj_kabrit,,,,
السليط الإخباري 2023 |  من يريد غزو مكة المكرمة واحتلال الكعبة المشرفة؟,https://www.youtube.com/watch?v=XlEpbPKpxPw,aj_kabrit,,,,
"الوتر الحساس |  لماذا غضب الجمهور من حواجب منى زكي في ""تحت الوصاية"" وكيف صورت الدراما المحجبات؟",https://www.youtube.com/watch?v=oxu37_KU7zU,aj_kabrit,,,,
المُخبر الاقتصادي+ | كيف صنعت الصين تطبيقاً جديداً شقيقاً لتيكتوك ونشرته بين الشباب الأمريكي؟,https://www.youtube.com/watch?v=PFOTUIOd6Qc,aj_kabrit,,,,
الجهبذ | هل مسلسل الزند يعكس تاريخ الإقطاع في سوريا؟,https://www.youtube.com/watch?v=njlTCjbziFw,aj_kabrit,,,,
المُخبر الاقتصادي+ | هل تلغي أمريكا فئة 100 دولار وتتوقف عن طباعتها قريباً؟,https://www.youtube.com/watch?v=1-OsEdOh6kM,aj_kabrit,,,,
السليط الإخباري 2023 | هل سيشارك بشار في القمة العربية؟ وما الذي أغضب البحرين؟,https://www.youtube.com/watch?v=sXmUIEcyFVk,aj_kabrit,,,,
الوتر الحساس | لمكتوب 2.. كيف تحولت الشيخة في المغرب من مقاومة المحتل إلى التكسب بالرقص في الحفلات؟,https://www.youtube.com/watch?v=9zd8HF21B7s,aj_kabrit,,,,
!المُخبر الاقتصادي+ | لماذا ستقسم إمبرطورية علي بابا إلى شركات صغيرة؟ هل يعاقب رئيس الصين صاحبها؟,https://www.youtube.com/watch?v=UPC2Gt_8dJ0,aj_kabrit,,,,
الجهبذ |  ما هو الصعيد المصري وما هو تاريخه؟ وما هو أثر المسلسلات على صورته؟,https://www.youtube.com/watch?v=3yLBc5dbGAc,aj_kabrit,,,,
المُخبر الاقتصادي+ | كيف أصبح رئيس البنك الفدرالي أخطر رجل في العالم وأقوى من رئيس أمريكا؟,https://www.youtube.com/watch?v=7WybEQwlXwo,aj_kabrit,,,,
السليط الإخباري 2023 | شاهد قبل الحذف: أخطاء مسلسلات رمضان بالتوقيت اللبناني,https://www.youtube.com/watch?v=eQ4r4qXk3tE,aj_kabrit,,,,
الوتر الحساس | كيف أسهم زند تيم حسن في قيامة الدراما السورية؟,https://www.youtube.com/watch?v=Q4-w5DTYPWY,aj_kabrit,,,,
المُخبر الاقتصادي+ | كيف نجحت روسيا مرة أخرى في بناء احتياطيات سرية جديدة بمليارات الدولارات؟,https://www.youtube.com/watch?v=s6MwyN4J5EA,aj_kabrit,,,,
الجهبذ | ما هي قصة نابليون بونابرت مع الإسلام وشهر رمضان في مصر وفلسطين؟,https://www.youtube.com/watch?v=H_5Lon8L330,aj_kabrit,,,,
المُخبر الاقتصادي+ | أين اختفت طائرات الدولارات التي أُرسلت من أمريكا للعراق؟ من يستطيع حل اللغز؟,https://www.youtube.com/watch?v=Vt1Ous1mrWQ,aj_kabrit,,,,
"السليط الإخباري 2023 | من هو رئيس مصر القادم؟ وهل تجوز مناداة السعودية ""بابا""؟",https://www.youtube.com/watch?v=Aq9a3wJfenE,aj_kabrit,,,,
الوتر الحساس | بأمر رئاسي! كيف أنشد النقشبندي ابتهال مولاي بقرار من السادات؟,https://www.youtube.com/watch?v=Qj0yS7sS9vo,aj_kabrit,,,,
المُخبر الاقتصادي+ | كيف سرقت أمريكا قناة بنما من أصحابها؟ هل قتلت زعيم بنما؟,https://www.youtube.com/watch?v=r_BnWG6h4Js,aj_kabrit,,,,
الجهبذ | القصة الكاملة للحرب التي غيرت مصير العالم والمنطقة وساهمت برسم الحاضر الذي نعيشه.,https://www.youtube.com/watch?v=i8lWDdWrU3s,aj_kabrit,,,,
المُخبر الاقتصادي+ | لماذا ستخسر الصين نصف سكانها قريباً؟ كيف دمرت مستقبلها وقدمت هدية لأمريكا؟,https://www.youtube.com/watch?v=syiLgSWqwAQ,aj_kabrit,,,,
السليط الإخباري 2023 | ماذا نتوقع من المصالحة السعودية الإيرانية؟ وما الذي أزعج الولايات المتحدة؟,https://www.youtube.com/watch?v=5Np9_haEt_k,aj_kabrit,,,,
الوتر الحساس | أكبر سرقة أثناء الغزو الأمريكي! ما قصة نهب آثار العراق؟,https://www.youtube.com/watch?v=B2Ni5_Wgcv4,aj_kabrit,,,,
المُخبر الاقتصادي+ | لماذا تنهار البنوك الأمريكية بسرعة؟ هل تتكرر أزمة 2008؟,https://www.youtube.com/watch?v=JFRijdOShGk,aj_kabrit,,,,
الجهبذ | منتج سري يعتبر أهم ما قدمته سوريا في السنوات الـ50 الأخيرة,https://www.youtube.com/watch?v=huFN_znCIj8,aj_kabrit,,,,
المُخبر الاقتصادي+ | كيف تنصب على أذكى الناس ألف مرة بنفس الطريقة وتسرق أموالهم؟,https://www.youtube.com/watch?v=JqAFh9OaT2Q,aj_kabrit,,,,
السليط الإخباري 2023 | من نصب على المصريين؟ وما قصة شعرات سارة؟,https://www.youtube.com/watch?v=y5JWazwxjY4,aj_kabrit,,,,
الوتر الحساس  | لماذا أفتى رجال دين بتحريم لعبة البوكيمون؟ هل هي مؤامرة وما قصة نشأتها؟,https://www.youtube.com/watch?v=n-XGLdEw1mo,aj_kabrit,,,,
المُخبر الاقتصادي+ | كيف أصبح المغرب حارس بوابة الأمن الغذائي العالمي بعد غزو روسيا لأوكرانيا؟,https://www.youtube.com/watch?v=sQCj9k0hN5g,aj_kabrit,,,,
الجهبذ | حرب غيرت مستقبل تركيا والمنطقة.. ماذا تعرفون عن الحرب التركية الفرنسية؟,https://www.youtube.com/watch?v=89ZScpAHb9s,aj_kabrit,,,,
المُخبر الاقتصادي+ | هل تستطيع أقوى امرأة في أمريكا هزيمة أقوى امرأة في روسيا؟ من يستسلم أولاً؟,https://www.youtube.com/watch?v=6WbbXNmqtS4,aj_kabrit,,,,
السليط الإخباري 2023 | ما الذي يحصل بين مصر ودول الخليج؟ وهل سعد لمجرد مجرد؟,https://www.youtube.com/watch?v=PygMBW_-grs,aj_kabrit,,,,
الوتر الحساس |  ناس الغيوان وُلدت من رحم المعاناة وما زالت أغانيهم تُعزف على أوجاع الحياة في المغرب,https://www.youtube.com/watch?v=cKCb9Bk0m_8,aj_kabrit,,,,
المُخبر الاقتصادي+ | ماذا لو باع العرب النفط بعملة غير الدولار الأمريكي؟ هل تنهار عملة أمريكا؟,https://www.youtube.com/watch?v=Z4lIR7OzNWo,aj_kabrit,,,,
الجهبذ |  ما هو أثر العقوبات على الشعب وعلى النظام السوري؟,https://www.youtube.com/watch?v=n7xwom-SWzE,aj_kabrit,,,,
المُخبر الاقتصادي+ | كيف تحدت الصين أمريكا وسرقت أسرار أخطر ماكينة في العالم من هولندا؟,https://www.youtube.com/watch?v=2PUoINowtgE,aj_kabrit,,,,
السليط الإخباري 2023 | هل يطبخ عمرو أديب الرز والفراخ لياسمين عز؟ وما هي أزمة الحجاب في تونس؟,https://www.youtube.com/watch?v=K4LEPkuQOOU,aj_kabrit,,,,
الوتر الحساس | كيف عبر الفلامنكو عن معاناة المسلمين والغجر في الأندلس في زمن محاكم التفتيش؟!,https://www.youtube.com/watch?v=lUCNG5tlVcQ,aj_kabrit,,,,
المُخبر الاقتصادي+ | لماذا يكره الفرنسيون خطة ماكرون ويرفضون العمل مثل الألمان لنهاية العمر؟,https://www.youtube.com/watch?v=TLrH2Z8oDAA,aj_kabrit,,,,
الجهبذ |  من هم معتمرو الخوذ البيضاء وكيف أسهموا في إنقاذ آلاف الأرواح في سوريا؟,https://www.youtube.com/watch?v=ebftMPAMm78,aj_kabrit,,,,
المُخبر الاقتصادي+ | لماذا انهارت المباني في زلزال تركيا وسوريا بمنتهى السهولة؟ أين الكود؟,https://www.youtube.com/watch?v=fX_MFDELOM8,aj_kabrit,,,,
السليط الإخباري 2023 | لماذا يضحك بشار الأسد؟ وهل تغزونا الكائنات الفضائية؟,https://www.youtube.com/watch?v=s1A-LkDv4cw,aj_kabrit,,,,
الوتر الحساس | خطة هتلر لحشد العرب في الحرب العالمية الثانية.. ما علاقتها بإذاعة بي بي سي؟,https://www.youtube.com/watch?v=ncszXhsKQNc,aj_kabrit,,,,
"المُخبر الاقتصادي+ | كيف يخطط مؤسس ""بي واي دي"" الصينية للسيطرة على صناعة السيارات في العالم؟",https://www.youtube.com/watch?v=cVuqpGyO9wI,aj_kabrit,,,,
الجهبذ | زلزال سوريا وتركيا.. برأيكم كيف يجب التعامل والاستجابة لهذه الكوارث من قبل السلطات؟,https://www.youtube.com/watch?v=TM14FWN9SJI,aj_kabrit,,,,
المُخبر الاقتصادي+ | هل تصنع أمريكا عملة واحدة بتريليون دولار وتسدد بها ديونها للسعودية والصين؟,https://www.youtube.com/watch?v=y-WxtUkO7Ac,aj_kabrit,,,,
السليط الإخباري 2023 | لماذا لا تصل المساعدات إلى سوريا كما تصل إلى تركيا؟,https://www.youtube.com/watch?v=cRkCfJOLnpk,aj_kabrit,,,,
المُخبر الاقتصادي+ | هل يدفع بوتين تريليون دولار لإعادة إعمار أوكرانيا المدمرة؟,https://www.youtube.com/watch?v=qmIsQGtFVUw,aj_kabrit,,,,
الجهبذ | ماذا تعرفون عن دمشق؟,https://www.youtube.com/watch?v=9F9G7Gv8tGc,aj_kabrit,,,,
المُخبر الاقتصادي+ |  لماذا لا تخفض الشركات أجور موظفيها أبداً وتفضل الاستغناء عن بعضهم؟,https://www.youtube.com/watch?v=78W0ECMWXzE,aj_kabrit,,,,
السليط الإخباري 2023 | ما هي الأسباب التي تجعلنا نحسد البرص المصري ونرفض حرق الكتب المقدسة؟,https://www.youtube.com/watch?v=CpmMA-jO5Nw,aj_kabrit,,,,
الوتر الحساس | الزار فن أم دجل وشعوذة؟ وكيف وصل لمصر والسودان والمغرب العربي ودول الخليج؟,https://www.youtube.com/watch?v=GC5PirXUy9w,aj_kabrit,,,,
المُخبر الاقتصادي+ | كيف تتسابق أمريكا واليابان على صناعة أقوى بطارية في العالم؟ هل تفعلها تويوتا؟,https://www.youtube.com/watch?v=OVSoH_hvcFs,aj_kabrit,,,,
الجهبذ | ماذا تعرفون عن تاريخ أستراليا، الوجهة المفضلة للمهاجرين؟,https://www.youtube.com/watch?v=e0MQV6boswc,aj_kabrit,,,,
المُخبر الاقتصادي+| لماذا لم ينهر قطاع الطيران الروسي رغم العقوبات؟ هل تصنع روسيا طائراتها بنفسها؟,https://www.youtube.com/watch?v=DglwTIyrYzA,aj_kabrit,,,,
السليط الإخباري 2023 | لماذا تحمي السويد حارق المصحف؟ وما قصة بطلة وينزداي والجنيه المصري؟,https://www.youtube.com/watch?v=8-MptUU-0dc,aj_kabrit,,,,
الوتر الحساس | الشيخ إمام وأحمد فؤاد نجم، الثنائي الذي قصف جبهة الأنظمة المصرية بالأغاني,https://www.youtube.com/watch?v=bOxwRc0iQLQ,aj_kabrit,,,,
المُخبر الاقتصادي+ | هل خسر إيلون ماسك نصف ثروته بسبب لعنة تويتر؟ كيف ضاعت أموال تسلا؟,https://www.youtube.com/watch?v=Z6S26C47TAo,aj_kabrit,,,,
الجهبذ | هل من الممكن أن تكون التكنولوجيا عنصرية؟,https://www.youtube.com/watch?v=TSB5DJLYvSI,aj_kabrit,,,,
المُخبر الاقتصادي+ | هل تنجح خطة أمريكا وأوروبا لاستنزاف اقتصاد روسيا لآخر قطرة؟,https://www.youtube.com/watch?v=k8EYOY-vuo0,aj_kabrit,,,,
السليط الإخباري 2023 | هل تفاهة الأخبار تعتبر إلهاء عن غلاء الأسعار؟ وما هو صوت ياسمين عز الشتوي؟,https://www.youtube.com/watch?v=2aybaRzihPQ,aj_kabrit,,,,
الوتر الحساس | كيف أثر القصف النووي على هيروشيما وناغازاكي باليابان على الأعمال الفنية؟,https://www.youtube.com/watch?v=lDVBVBrtQbY,aj_kabrit,,,,
المُخبر الاقتصادي + | لماذا ترفض شركات النفط الأمريكية إنقاذ أمريكا من قبضة أوبك وروسيا؟,https://www.youtube.com/watch?v=J9WjBkcdBLE,aj_kabrit,,,,
الجهبذ | من هو رئيس الأرجنتين؟ وماذا تعرفون عن دولة أبطال كأس العالم؟,https://www.youtube.com/watch?v=3fCqIhbU5A4,aj_kabrit,,,,
المُخبر الاقتصادي + | هل تستولي أمريكا على احتياطيات الصين الضخمة كما فعلت مع روسيا؟,https://www.youtube.com/watch?v=SZ9TbNEUw60,aj_kabrit,,,,
السليط الإخباري - خلف الكواليس 2 | الحلقة (49) موسم 2022,https://www.youtube.com/watch?v=QQyjd9ejCTM,aj_kabrit,,,,
الوتر الحساس | هل تعرفون حقيقة برنامج الحصن؟ ولماذا أنتجته السعودية؟,https://www.youtube.com/watch?v=c6Vhlhfkz7k,aj_kabrit,,,,
المُخبر الاقتصادي+ | ما معنى الركود الاقتصادي؟ وكيف يؤثر على أموال الناس ووظائفهم؟,https://www.youtube.com/watch?v=JNIxZTFqn5E,aj_kabrit,,,,
الجهبذ | هل يحكم العالم مجلس سري؟ وهل هناك مؤامرة كبرى علينا؟,https://www.youtube.com/watch?v=8QXHyJnxyqA,aj_kabrit,,,,
المُخبر الاقتصادي+ | هل تستمر الأسعار بالارتفاع خلال 2023؟ ومتى تنخفض بالضبط؟,https://www.youtube.com/watch?v=xyevPf8zU3w,aj_kabrit,,,,
السليط الإخباري - أخبار دقيقة في دقيقة | الحلقة (48) موسم 2022,https://www.youtube.com/watch?v=t05ZA-1Ns8Y,aj_kabrit,,,,
الوتر الحساس | من دريد لحام إلى بو كلثوم.. كيف كان اللعب مع النظام السوري؟,https://www.youtube.com/watch?v=5ub83PcG22Q,aj_kabrit,,,,
المُخبر الاقتصادي +| لماذا لن يعود اقتصاد الصين لمجده قريباً بعد عودة كورونا بشراسة؟,https://www.youtube.com/watch?v=CqeCA5S87hU,aj_kabrit,,,,
هل سمعتم عن اللغة الآرامية؟ وما علاقتها باللغة العربية؟,https://www.youtube.com/watch?v=e2iz-nQ2H1U,aj_kabrit,,,,
المُخبر الاقتصادي +| لماذا تندم بريطانيا على خروجها من الاتحاد الأوروبي وتلوم بوتين؟,https://www.youtube.com/watch?v=w8tsWDdsuiQ,aj_kabrit,,,,
السليط الإخباري - ردود على ردود 2 | الحلقة (47) موسم 2022,https://www.youtube.com/watch?v=g1lMIjGqFAw,aj_kabrit,,,,
"أغنية ميسي المفضلة.. يتهكمون فيها على البرازيل! ما تاريخها مع ""سوبر كلاسيكو"" الأرجنتين؟",https://www.youtube.com/watch?v=SJtXc3xo0vc,aj_kabrit,,,,
المُخبر الاقتصادي +| لماذا ستصبح الحكومة الأمريكية بلا أي دولارات قريباً؟ هل تبيع احتياطي الذهب؟,https://www.youtube.com/watch?v=RcxjBpvY0mA,aj_kabrit,,,,
الجهبذ | هجرات اليمن السعيد,https://www.youtube.com/watch?v=vd7WB9RfxOY,aj_kabrit,,,,
المُخبر الاقتصادي + | كيف بنى المهاجرون المغاربيون اقتصاد فرنسا الحديث وعاشوا في جحيم؟,https://www.youtube.com/watch?v=1i7WFyUFBbI,aj_kabrit,,,,
السليط الإخباري - بعيداً عن السياسة | الحلقة (46) موسم 2022,https://www.youtube.com/watch?v=NSBuEgANEgI,aj_kabrit,,,,
الوتر الحساس | هل تتذكرون ما كنتم تشاهدونه في طفولتكم؟ وهل تمكن مقارنته بما يشاهده الأطفال الآن؟,https://www.youtube.com/watch?v=OHZVI8RDNAE,aj_kabrit,,,,
المُخبر الاقتصادي+ | هل يقترب اقتصاد روسيا من الانهيار بسبب العقوبات الغربية؟,https://www.youtube.com/watch?v=K7Pxow4aixk,aj_kabrit,,,,
الجهبذ | ما هي قوانين الحماقة؟ وهل فعلاً يوجد علم الحماقة؟,https://www.youtube.com/watch?v=AmriRC-Y_Ro,aj_kabrit,,,,
المُخبر الاقتصادي +| ماذا فعلت فرنسا في النيجر؟ وكيف يسرق الفرنسيون اليورانيوم من أفريقيا؟,https://www.youtube.com/watch?v=cQSHhTf-P1Y,aj_kabrit,,,,
السليط الإخباري - ديما مغرب | الحلقة (45) موسم 2022,https://www.youtube.com/watch?v=lTavrGW9ayo,aj_kabrit,,,,
الوتر الحساس | ما هي المخدرات الرقمية؟ وهل يمكن أن يحصل الإدمان عليها؟,https://www.youtube.com/watch?v=RCLkrwiV18s,aj_kabrit,,,,
المُخبر الاقتصادي+ | هل يستطيع إيلون ماسك تحدي آبل؟ كيف يمكن لآبل القضاء على تويتر في لحظة؟,https://www.youtube.com/watch?v=rMOPa4kJNDY,aj_kabrit,,,,
الجهبذ | ما هو تاريخ ألمانيا؟ وكيف كانت قبل 150 عاماً؟,https://www.youtube.com/watch?v=eiXasOHkylI,aj_kabrit,,,,
كيف ضاع حلم الفقراء الذين تمنوا أن يصبح بلدهم غنياً مثل السعودية بعد تعرضهم للنصب؟,https://www.youtube.com/watch?v=A0VKXoGwnwg,aj_kabrit,,,,
السليط الإخباري - باي باي برلين | الحلقة (44) موسم 2022,https://www.youtube.com/watch?v=8ywYrGi6KvQ,aj_kabrit,,,,
الوتر الحساس | طالبوا بنقل قلبه إلى مونديال قطر.. من هو ملهم الناس وصناع السينما، ميسي أم مارادونا؟,https://www.youtube.com/watch?v=fZ60QCc-h6M,aj_kabrit,,,,
المُخبر الاقتصادي+ | كيف انقطعت الكهرباء فجأة عن 50 مليون شخص في أمريكا؟ لماذا ناموا في الشوارع؟,https://www.youtube.com/watch?v=doXKvssmlGQ,aj_kabrit,,,,
الجهبذ | عيد الشكر بين الأسطورة والحقيقة.. عيد عائلي لطيف؟ أم ذكرى مؤلمة للسكان الأصليين؟,https://www.youtube.com/watch?v=nzcBg-Fvxp0,aj_kabrit,,,,
المُخبر الاقتصادي+ | كيف كشفت حرب روسيا الموقف الحقيقي للغرب تجاه نفط وغاز أفريقيا وشعوبها الفقيرة؟,https://www.youtube.com/watch?v=rWa8gNFZZsk,aj_kabrit,,,,
السليط الإخباري - الماكينات الألمانية | الحلقة (43) موسم 2022,https://www.youtube.com/watch?v=fmeKL2wTH8A,aj_kabrit,,,,
"الوتر الحساس | اشتباكات بين التونسيين و""الهوليغانز"" الإنكليز في كأس العالم.",https://www.youtube.com/watch?v=u74-cAr-eps,aj_kabrit,,,,
المُخبر الاقتصادي+ | كيف أصبح كل أفراد الشعب النرويجي مليونيرات حتى الأطفال؟ أموال البترول هي السر؟,https://www.youtube.com/watch?v=QvzQ6rEFbks,aj_kabrit,,,,
الجهبذ | ما هو السبب وراء وجود العديد من اللاعبين المغاربة في المنتخبات الأوروبية؟,https://www.youtube.com/watch?v=ZTIZE9-yQ3g,aj_kabrit,,,,
المُخبر الاقتصادي+ | لماذا تخاف أمريكا من تيكتوك؟ ولماذا ترفض الصين بيع التطبيق بأي ثمن؟,https://www.youtube.com/watch?v=58N6gxTYmfE,aj_kabrit,,,,
السليط الإخباري - كأس العالم 2022 | الحلقة (42) موسم 2022,https://www.youtube.com/watch?v=dTq2e-W4j0I,aj_kabrit,,,,
الوتر الحساس | ألتراس المغرب ورسائله السياسية، هل يكون لهم وجود في كأس العالم 2022؟,https://www.youtube.com/watch?v=D4UIOZ-gVEM,aj_kabrit,,,,
المُخبر الاقتصادي+ | هل يستحق كأس العالم في قطر المليارات التي صرفت عليه؟,https://www.youtube.com/watch?v=1jAkgfI0R7I,aj_kabrit,,,,
الجهبذ | إيران x بريطانيا وأمريكا,https://www.youtube.com/watch?v=42JVRvRVqcc,aj_kabrit,,,,
المُخبر الاقتصادي +| لماذا يخاف إيلون ماسك من إفلاس تويتر قريباً؟ ولماذا يطرد الموظفين؟,https://www.youtube.com/watch?v=6ifsFg8hVzI,aj_kabrit,,,,
السليط الإخباري - ماذا لو عاد معتذراً؟ | الحلقة (41) موسم 2022,https://www.youtube.com/watch?v=Aflj6nr8RNQ,aj_kabrit,,,,
الوتر الحساس |  مواقف ورطت فيروز رغم صمتها، لماذا كرّمها ماكرون وما علاقتها بحسن نصر الله؟,https://www.youtube.com/watch?v=cP6H6b-vwc0,aj_kabrit,,,,
"المُخبر الاقتصادي+ | كيف تسبب إفلاس ""إف تي إكس"" في ضياع أموال الملايين؟ هل حدثت خيانة؟",https://www.youtube.com/watch?v=10mTugt3pB0,aj_kabrit,,,,
الجهبذ | كأس العالم على الأبواب.. كيف تؤثر كرة القدم على انتماءاتنا؟,https://www.youtube.com/watch?v=b5sbxsvcslA,aj_kabrit,,,,
المُخبر الاقتصادي+ | كيف تضيع ميراث أبيك في 30 ثانية؟ لماذا نحب الفلوس السهلة؟,https://www.youtube.com/watch?v=kK5ZvXAXkgY,aj_kabrit,,,,
السليط الإخباري - حق الردح | الحلقة (40) موسم 2022,https://www.youtube.com/watch?v=Z881r3-bR_Y,aj_kabrit,,,,
"الوتر الحساس | ما علاقة ""افتح يا سمسم"" بأمير الكويت الراحل صباح الأحمد وغزو الكويت؟",https://www.youtube.com/watch?v=spMHHyGy1do,aj_kabrit,,,,
المُخبر الاقتصادي+ | كيف خططت أمريكا سراً لتعقيم سكان 13 دولة نامية والسيطرة على ثرواتهم؟,https://www.youtube.com/watch?v=4o9VghpVCIU,aj_kabrit,,,,
الجهبذ | كيف غيّر العرب العالم عندما حظروا تصدير النفط إلى الغرب في حرب أكتوبر عام 1973؟,https://www.youtube.com/watch?v=GetHu_7hQT0,aj_kabrit,,,,
المُخبر الاقتصادي+| لماذا يحصل لاعبو الكرة والمطربون على رواتب أكبر من أصحاب الدكتوراة؟ هل هذا عدل؟,https://www.youtube.com/watch?v=Gz36T5ksyUs,aj_kabrit,,,,
السليط الإخباري - طير وعلّي | الحلقة (39) موسم 2022,https://www.youtube.com/watch?v=5UnYqnFTe8w,aj_kabrit,,,,
الوتر الحساس | كيف كانت السينما والترفيه في السعودية قبل موسم الرياض وخطة ما بعد النفط؟,https://www.youtube.com/watch?v=p-JxZMd30dI,aj_kabrit,,,,
المُخبر الاقتصادي+ | لماذا تهاجم ألمانيا مصالح فرنسا الاقتصادية؟ هل يكره الألمان ماكرون؟,https://www.youtube.com/watch?v=dVb7u8JDTgg,aj_kabrit,,,,
الجهبذ | كيف أصبح سوريون ولبنانيون وفلسطينيون رؤساء لدول كالأرجنتين والبرازيل والسلفادور وكولومبيا؟,https://www.youtube.com/watch?v=B8KP2v5hJPs,aj_kabrit,,,,
المُخبر الاقتصادي+ | لماذا تنقل آبل مصانع الآيفون من الصين إلى الهند بسرعة؟,https://www.youtube.com/watch?v=2UC7uRG_1BY,aj_kabrit,,,,
السليط الإخباري - مهرجان الرعب | الحلقة (38) موسم 2022,https://www.youtube.com/watch?v=pfJ-2KlXIfY,aj_kabrit,,,,
الوتر الحساس | ما علاقة أغاني الواي واي بمافيا المخدرات في أوروبا؟ وكيف نشأت؟,https://www.youtube.com/watch?v=42V5KfPiKmc,aj_kabrit,,,,
المُخبر الاقتصادي+ | هل تستطيع أمريكا حرمان السعودية من الغذاء لخفض أسعار النفط؟,https://www.youtube.com/watch?v=isylWLsZJKc,aj_kabrit,,,,
الجهبذ | الأزمة الاقتصادية التي تعيشها سوريا اليوم ليست الأولى.. ماذا حدث في الثمانينيات؟,https://www.youtube.com/watch?v=OvoVGx2y4JI,aj_kabrit,,,,
"المُخبر الاقتصادي+ | كيف تخطط أمريكا لإعادة الصين إلى ""العصر الحجري""؟ هل تصبح الصين دولة متخلفة؟",https://www.youtube.com/watch?v=I_Vhd84yxJs,aj_kabrit,,,,
السليط الإخباري - الحكومة والكتكوت | الحلقة (37) موسم 2022,https://www.youtube.com/watch?v=Cr9Mo2qGbmU,aj_kabrit,,,,
الوتر الحساس | “أنتش وأجري!” قصة الأغنية الأصلية لمايكل جاكسون وشائعات إسلامه، ولماذا أقام بالبحرين؟,https://www.youtube.com/watch?v=1Y5nTFYTu1k,aj_kabrit,,,,
المُخبر الاقتصادي+ | كيف دفع رجل وامرأة اقتصاد بريطانيا نحو الانهيار؟ لماذا يطبعون الإسترليني؟,https://www.youtube.com/watch?v=-gonRYN1KBo,aj_kabrit,,,,
الجهبذ | ما هي الملكية الدستورية؟ وكيف سيحكم ملك بريطانيا الجديد؟,https://www.youtube.com/watch?v=B3PaFrMBmDY,aj_kabrit,,,,
المُخبر الاقتصادي +| لماذا تبيع أمريكا والنرويج الغاز بأسعار مرتفعة جداً لفرنسا وأوروبا؟,https://www.youtube.com/watch?v=bue0gU5GKAE,aj_kabrit,,,,
السليط الإخباري - ما فيش صاحب يتصاحب | الحلقة (36) موسم 2022,https://www.youtube.com/watch?v=y5-CpU6aiHI,aj_kabrit,,,,
الوتر الحساس | كيف خدع جيش الحلفاء هتلر والنازيين في الحرب العالمية الثانية بجيش من الأشباح؟,https://www.youtube.com/watch?v=1SipJy-2O9k,aj_kabrit,,,,
المُخبر الاقتصادي+ | لماذا تجاهلت السعودية تحذيرات أمريكا وهزت سوق النفط؟ ما موقف روسيا؟,https://www.youtube.com/watch?v=zPQPQjzSXJk,aj_kabrit,,,,
الجهبذ | متى ظهرت اللغة العربية وأين؟,https://www.youtube.com/watch?v=-_FgfDaYvaY,aj_kabrit,,,,
المُخبر الاقتصادي + | لماذا قد ينقرض سكان كوريا الجنوبية قريباً؟ ولماذا يرفضون الزواج؟,https://www.youtube.com/watch?v=CDz44_-3vME,aj_kabrit,,,,
السليط الإخباري - أنتش وأجري | الحلقة (35) موسم 2022,https://www.youtube.com/watch?v=5HLdyeG9BdU,aj_kabrit,,,,
الوتر الحساس | أنتج أفلاماً سينمائية دعائية عن الحرب مع إيران ومعارضته لكامب ديفيد.. صدام حسين والفن,https://www.youtube.com/watch?v=9ZNOOOAwMqA,aj_kabrit,,,,
المُخبر الاقتصادي+ | هل أمر بوتين بتفجير شبكة خطوط الغاز في أوروبا؟ ولماذا يشك البعض في أمريكا؟,https://www.youtube.com/watch?v=OaVyzadDxXQ,aj_kabrit,,,,
الجهبذ | هل ينتهي شهر العسل بين رئيس الشيشان وروسيا؟,https://www.youtube.com/watch?v=BNJIUF4NSC0,aj_kabrit,,,,
المُخبر الاقتصادي + | ماذا لو دخلت روسيا وأمريكا في حرب نووية بسبب أوكرانيا؟ كيف سيتأثر العرب؟,https://www.youtube.com/watch?v=ZP5kgXqPn6w,aj_kabrit,,,,
السليط الإخباري - زيطة وزمبليطة | الحلقة (34) موسم 2022,https://www.youtube.com/watch?v=-eMgiy90XhA,aj_kabrit,,,,
الوتر الحساس | كيف تحاول مارفل خداعنا بأبطالها الخارقين؟ وما قصة البطلة الإسرائيلية صابرا ومتى بدأت؟,https://www.youtube.com/watch?v=L-xmiqpiYlI,aj_kabrit,,,,
المُخبر الاقتصادي + | كيف تخطط أمريكا لمنع تطور قطاع التكنولوجيا الصيني؟ ومن يجرؤ على تحدي الصين؟,https://www.youtube.com/watch?v=o3r60nX1C8k,aj_kabrit,,,,
الجهبذ | واحد من أبشع سجون العالم وأكثرها وحشية ودموية.. سجن تدمر!,https://www.youtube.com/watch?v=qKcQFmxUo7A,aj_kabrit,,,,
المُخبر الاقتصادي +| أين اختفت دولارات المودعين بالبنوك اللبنانية؟ ولماذا لن يكون لبنان مثل فيتنام؟,https://www.youtube.com/watch?v=BjcNbj8HQ9g,aj_kabrit,,,,
السليط الإخباري - هاتوا الفلوس اللي عليكو | الحلقة (33) موسم 2022,https://www.youtube.com/watch?v=YBrxGweBVpI,aj_kabrit,,,,
الوتر الحساس | لطفي دوبل كانون ورجاء مزيان.. جزائريان مغضوب عليهما. لماذا تخافهما السلطات؟,https://www.youtube.com/watch?v=e5M8Mk-rlX8,aj_kabrit,,,,
المُخبر الاقتصادي+ | كيف نهبت بريطانيا 64 تريليون دولار من الهند؟,https://www.youtube.com/watch?v=y6JO9ve8Wgc,aj_kabrit,,,,
الجهبذ | مجزرة صبرا وشاتيلا، 40 سنة على الذكرى المفجعة,https://www.youtube.com/watch?v=t-lIhWeybfk,aj_kabrit,,,,
"المُخبر الاقتصادي + | كيف سرقت بريطانيا ""كوه نور"" أو أشهر ماسة في العالم ووضعتها في تاج الملكة؟",https://www.youtube.com/watch?v=YutqGRhJIUo,aj_kabrit,,,,
السليط الإخباري - أحلام العصر | الحلقة (32) موسم 2022,https://www.youtube.com/watch?v=VoQA4xPDytM,aj_kabrit,,,,
المُخبر الاقتصادي+ | هل ينقذ غاز الجزائر الفرنسيين من برد الشتاء؟ وماذا لو تخلى الألمان عن فرنسا؟,https://www.youtube.com/watch?v=2T05-8GMAMk,aj_kabrit,,,,
الجهبذ | الملكة إليزابيث الثانية.. محتلة مستعمرة أم محبوبة الشعب؟,https://www.youtube.com/watch?v=I_tMZ4FWKHQ,aj_kabrit,,,,
المُخبر الاقتصادي +| ما قصة العبقري الذي جعل سنغافورة دولة غنية جداً؟ وكيف استثمر أموال الشعب؟,https://www.youtube.com/watch?v=nup5DDaHEQk,aj_kabrit,,,,
السليط الإخباري - الجميلة والجحش | الحلقة (31) موسم 2022,https://www.youtube.com/watch?v=nAX3TGdFVYI,aj_kabrit,,,,
الوتر الحساس | شيلات حماسية تزلزل تيكتوك في السعودية ودول الخليج، كيف بدأت؟ ومن أين جاءت الشيلات؟,https://www.youtube.com/watch?v=mzZO8OKPXpQ,aj_kabrit,,,,
المُخبر الاقتصادي+ | هل تورط أمريكا أوروبا في حرب اقتصادية مع روسيا؟ وكيف يستفز الأمريكيون بوتين؟,https://www.youtube.com/watch?v=R1QtFcuIH58,aj_kabrit,,,,
الجهبذ | من هو دكتاتور إسبانيا الذي أشعل نيران الحرب الأهلية؟,https://www.youtube.com/watch?v=hTR94goxaZ8,aj_kabrit,,,,
المُخبر الاقتصادي+ | لماذا قطع بوتين الغاز تماماً عن أوروبا؟ وكيف تلعب روسيا لعبة خطرة جداً؟,https://www.youtube.com/watch?v=0V8Q9QN5FlE,aj_kabrit,,,,
السليط الإخباري - غزو الغاز | الحلقة (30) موسم 2022,https://www.youtube.com/watch?v=gc2nzWyY60E,aj_kabrit,,,,
Hitting a Raw Nerve | Indecent songs that offend public decency.. Why has this genre spread? And ...,https://www.youtube.com/watch?v=V6lo3jRsHI8,aj_kabrit,,,,
المُخبر الاقتصادي+ | لماذا دخلت أمريكا والصين في صراع على المهندسين؟ ومن يحمي هؤلاء المهندسين؟,https://www.youtube.com/watch?v=fiAhUGiVHWw,aj_kabrit,,,,
الجهبذ | استخرج أوجه الشبه بين طاجيكستان وبعض الدول العربية!,https://www.youtube.com/watch?v=3A3JJs9_vOs,aj_kabrit,,,,
المُخبر الاقتصادي+ | لماذا تنهار العقارات في الصين بسرعة؟ ولماذا لا تسلم الشقق لأصحابها؟,https://www.youtube.com/watch?v=eynDbrE82gw,aj_kabrit,,,,
السليط الإخباري - شجرة الشاورما | الحلقة (29) موسم 2022,https://www.youtube.com/watch?v=RQcwFRqjjCY,aj_kabrit,,,,
الوتر الحساس I كيف حافظ عمرو دياب على مكانته في ظل تغييرات سياسية كثيرة من عهد مبارك إلى السيسي؟,https://www.youtube.com/watch?v=zCMsBGSvfds,aj_kabrit,,,,
المُخبر الاقتصادي+ | كيف يهدد اختفاء مياه نهر الراين اقتصاد ألمانيا؟ وما أهمية هذا النهر بالتحديد؟,https://www.youtube.com/watch?v=rYHxSMuPZOE,aj_kabrit,,,,
الجهبذ | أعظم وأكبر مدينة في العالم في عصرها الذهبي.. كيف كانت بغداد وكيف صارت؟,https://www.youtube.com/watch?v=7Fd4GPVE2DM,aj_kabrit,,,,
المُخبر الاقتصادي+ | لماذا تصر بعض الدول على تأسيس صناديق ثروة سيادية؟ وكيف تُدار ثروات الدول؟,https://www.youtube.com/watch?v=Z6X5Utz2Ctk,aj_kabrit,,,,
السليط الإخباري - العنف الأسري | الحلقة (28) موسم 2022,https://www.youtube.com/watch?v=1vJSEGY-SKQ,aj_kabrit,,,,
الوتر الحساس I يوكلنا الحوت وما يوكلناش الدود.. من حرّاق إلى رابر عالمي؟!,https://www.youtube.com/watch?v=ZNLY32Mw2PE,aj_kabrit,,,,
المُخبر الاقتصادي+ | أين اختفت شركة هواوي؟ وكيف خنقت أمريكا عملاق التكنولوجيا الصيني؟,https://www.youtube.com/watch?v=qtMixwC_FwM,aj_kabrit,,,,
الجهبذ | ماذا تعرفون عن الإمبراطورية العمانية وتاريخها مع البحار؟,https://www.youtube.com/watch?v=I4fG9_8Ijm8,aj_kabrit,,,,
المُخبر الاقتصادي+ | هل تضرب أمريكا مصانع أهم شركة في العالم لردع الصين عن غزو تايوان؟,https://www.youtube.com/watch?v=o_NdiQ8_Olg,aj_kabrit,,,,
السليط الإخباري - غزة تحت القصف | الحلقة (27) موسم 2022,https://www.youtube.com/watch?v=45hN1CCIWTg,aj_kabrit,,,,
يخافون أم كلثوم.. أي ذكريات من ما قبل النكبة يحاربها الاحتلال الإسرائيلي؟,https://www.youtube.com/watch?v=eZ83ibPVcXo,aj_kabrit,,,,
المُخبر الاقتصادي+ | لماذا لن يصبح 99% منا أثرياء أبداً؟ ولماذا نشعر بالفقر طوال الوقت؟,https://www.youtube.com/watch?v=W-sp_KccIXY,aj_kabrit,,,,
الجهبذ | آخر محاولة لإنقاذ سوريا من مصيرها المحتوم في السبعينيات,https://www.youtube.com/watch?v=s09uUM5GDkk,aj_kabrit,,,,
المُخبر الاقتصادي+| لماذا تهرب الشركات من ألمانيا؟ وكيف تقتل روسيا معجزة أوروبا الصناعية؟,https://www.youtube.com/watch?v=ddYq_koOV7o,aj_kabrit,,,,
السليط الإخباري - وسع صدرك | الحلقة (26) موسم 2022,https://www.youtube.com/watch?v=gkUOhzKTGcU,aj_kabrit,,,,
هروب حميد الشاعري.. كيف سيطر القذافي بقبضة من حديد على الفن في ليبيا؟,https://www.youtube.com/watch?v=Tl7LqW_4UgQ,aj_kabrit,,,,
المُخبر الاقتصادي+| كيف صنعت الصين أحدث طائرة ركاب؟ وهل تقتل أمريكا المشروع؟,https://www.youtube.com/watch?v=PO6kMafwe8g,aj_kabrit,,,,
الجهبذ | ما هو البلد الذي استعمرته ألمانيا وأبادت  شعبه؟,https://www.youtube.com/watch?v=bZ79IHn6sJ0,aj_kabrit,,,,
المُخبر الاقتصادي+ | لماذا ترتفع أسعار الدجاج بجنون؟ وكيف تحول الوضع لأزمة عالمية؟,https://www.youtube.com/watch?v=jX7Ozwt1R2k,aj_kabrit,,,,
السليط الإخباري - نهاية الكوكب | الحلقة (25) موسم 2022,https://www.youtube.com/watch?v=BEi14n8dp94,aj_kabrit,,,,
الوتر الحساس I خلافات وتحرش وحوادث قتل.. ما هو الوجه المظلم لمجتمع الجيمرز؟,https://www.youtube.com/watch?v=G-X81br1OhQ,aj_kabrit,,,,
المُخبر الاقتصادي+| لماذا يجب أن تحذر من عروض التقسيط؟ وكيف تتجنب خطأ ستندم عليه؟,https://www.youtube.com/watch?v=Y1tuwJ_nmnQ,aj_kabrit,,,,
الجهبذ | كيف وصلت الثقافة الكورية إلى العالم؟ وما علاقة العرب باسم كوريا؟,https://www.youtube.com/watch?v=BWCD5IHVFzs,aj_kabrit,,,,
المُخبر الاقتصادي+ | كيف جعلت روسيا اليورو أرخص من الدولار؟ هل يأخذ بوتين ثأره؟,https://www.youtube.com/watch?v=I6TUHmQc1Is,aj_kabrit,,,,
السليط الإخباري - الكون العميق | الحلقة (24) موسم 2022,https://www.youtube.com/watch?v=h-v1sMxw2Ks,aj_kabrit,,,,
The Sensitive Chord | How Did the US Use Oum Kalthoum and Rock Music to Torture Detainees in Guan...,https://www.youtube.com/watch?v=N4GQeMM63c0,aj_kabrit,,,,
لماذا يخسر أمواله كل من يراهن ضد بنك اليابان؟ وكيف أصبح صانع الأرامل؟,https://www.youtube.com/watch?v=0PYVRVinPks,aj_kabrit,,,,
الجهبذ | ما السبب وراء كثرة الإنجاب في العالم العربي؟,https://www.youtube.com/watch?v=JpayNYyRUs0,aj_kabrit,,,,
المُخبر الاقتصادي+ | لماذا يحتاج الرئيس الأمريكي إلى السعودية بشدة؟ ومن ينقذه من أزمة تكرير البنزين؟,https://www.youtube.com/watch?v=21TskYPrE6M,aj_kabrit,,,,
السليط الإخباري - ردود على ردود | الحلقة (23) موسم 2022,https://www.youtube.com/watch?v=pp_jB49wdXw,aj_kabrit,,,,
الوتر الحساس | هل سمعتم بأغاني الزعفران للتحريض على اضطهاد المسلمين في الهند؟,https://www.youtube.com/watch?v=dTUBC9ixTc4,aj_kabrit,,,,
المُخبر الاقتصادي+ | هل تستطيع أمريكا إجبار روسيا على بيع نفطها بعشرة دولارات فقط للبرميل؟,https://www.youtube.com/watch?v=e6EVWEwAuZo,aj_kabrit,,,,
الجهبذ | لماذا يحظى رئيس وزراء الهند بشعبية كبيرة رغم عنصريته؟,https://www.youtube.com/watch?v=cc2XJaQcglQ,aj_kabrit,,,,
المُخبر الاقتصادي+ | كيف أشعل حقن لحوم البقر بالهرمونات المسببة للسرطان حرباً تجارية دولية؟,https://www.youtube.com/watch?v=0gNYRdW3Xfs,aj_kabrit,,,,
السليط الإخباري - فنون الرد | الحلقة (22) موسم 2022,https://www.youtube.com/watch?v=SQ60weT8z70,aj_kabrit,,,,
الوتر الحساس | لماذا منعت السعودية فيلم الرسالة وأُوقف تصويره في المغرب وهُدد مخرجه بالقتل؟,https://www.youtube.com/watch?v=5lB0tdHA4go,aj_kabrit,,,,
المُخبر الاقتصادي+ | كيف أصبحت البرازيل أكبر مصدر للحوم البقر في العالم؟ وما سر رخص أسعارها؟,https://www.youtube.com/watch?v=ZkXXQvu3pKw,aj_kabrit,,,,
الجهبذ | ما سبب أزمة الخبز العالمية؟ وما علاقة الخبز بالثورات العربية؟,https://www.youtube.com/watch?v=41N32DeZ5_g,aj_kabrit,,,,
المُخبر الاقتصادي+ | أين اختفى زيت عباد الشمس؟ ولماذا ترتفع أسعار زيوت الطعام؟,https://www.youtube.com/watch?v=bnXcQ4iNlI8,aj_kabrit,,,,
السليط الإخباري - لا يعني لا | الحلقة (21) موسم 2022,https://www.youtube.com/watch?v=4Ducnx5ZKZo,aj_kabrit,,,,
الوتر الحساس | هل فعلاً ساهمت أفلام البلطجة بمقتل نيرة أشرف ضحية جريمة المنصورة؟,https://www.youtube.com/watch?v=PtNbu4C6P8Q,aj_kabrit,,,,
المُخبر الاقتصادي+ | لماذا باعت اليابان أفضل شركات السكك الحديدية في العالم؟,https://www.youtube.com/watch?v=O61qNYHr6X0,aj_kabrit,,,,
الجهبذ | كيف يمكن لجزيرة تايوان أن تشعل حرباً عالمية بين العملاقين الصيني والأمريكي؟,https://www.youtube.com/watch?v=JQ8ds0qqYtY,aj_kabrit,,,,
المُخبر الاقتصادي+ | كيف خسر رئيس السلفادور أموال الشعب في القمار على البيتكوين؟,https://www.youtube.com/watch?v=LlTNjOwECCs,aj_kabrit,,,,
السليط الإخباري - جريمة المنصورة | الحلقة (20) موسم 2022,https://www.youtube.com/watch?v=qqCQAHaKWNg,aj_kabrit,,,,
الوتر الحساس | هل صناعة الميمز جريمة؟؟ 😱 ولماذا تقلق الأنظمة العربية من الميمز؟,https://www.youtube.com/watch?v=eSrvs9T6WYk,aj_kabrit,,,,
المُخبر الاقتصادي+ | كيف أصبح الروبل الروسي أقوى عملة في العالم أمام الدولار؟,https://www.youtube.com/watch?v=PRkC9XoZDDE,aj_kabrit,,,,
الجهبذ | كيف وصل حافظ الأسد إلى السلطة؟,https://www.youtube.com/watch?v=R21qczjOTws,aj_kabrit,,,,
المُخبر الاقتصادي+ | هل تتقاتل الدول على محصول الأرز قريباً وتتكرر كارثة 2008؟,https://www.youtube.com/watch?v=EQfXsZ--qjo,aj_kabrit,,,,
السليط الإخباري - خلِّ بالك من جارك | الحلقة (19) موسم 2022,https://www.youtube.com/watch?v=duFV8xTHu2E,aj_kabrit,,,,
الوتر الحساس | من قتل أسطورة الراي الشاب حسني؟,https://www.youtube.com/watch?v=5ZgVcJGpv_s,aj_kabrit,,,,
المُخبر الاقتصادي+ | لماذا سترتفع أسعار تذاكر الطيران قريباً؟ هل تنهار صناعة الطيران؟,https://www.youtube.com/watch?v=ZD3EcmFX084,aj_kabrit,,,,
الجهبذ | هل سمعتم عن “ترانسنيستريا” البلد غير الموجود على الخريطة؟,https://www.youtube.com/watch?v=fsccirMEPvU,aj_kabrit,,,,
المُخبر الاقتصادي+ | لماذا يندم الألمان على ما فعلوه مع روسيا؟ وكيف يخنق بوتين اقتصادهم القوي؟,https://www.youtube.com/watch?v=kRDjQcSSa8E,aj_kabrit,,,,
السليط الإخباري - هاكونا بطاطا | الحلقة (18) موسم 2022,https://www.youtube.com/watch?v=ou057rqDpOI,aj_kabrit,,,,
الوتر الحساس | كيف سيؤثر كذب آمبر هيرد بشأن جوني ديب على ضحايا آخرين؟,https://www.youtube.com/watch?v=EUhdxbrJdNs,aj_kabrit,,,,
المُُخبر الاقتصادي+| هل تستطيع أوروبا العيش من دون نفط روسيا؟ وماذا لو انتقم بوتين؟,https://www.youtube.com/watch?v=H_X3URFPVuw,aj_kabrit,,,,
الجهبذ | ما هو حلف الناتو؟ ومن أين جاء؟ وما حاله اليوم؟,https://www.youtube.com/watch?v=khES_BKYAb8,aj_kabrit,,,,
المُخبر الاقتصادي+ | لماذا ينهار الين الياباني؟ وكيف أصبح أرخص عملة في العالم الغني؟,https://www.youtube.com/watch?v=T1kKsJ_I9Gc,aj_kabrit,,,,
السليط الإخباري - مسيرة الأعلام | الحلقة (17) موسم 2022,https://www.youtube.com/watch?v=_VuBcUvAGFQ,aj_kabrit,,,,
الوتر الحساس | ما سر تقرب عادل إمام من رؤساء مصر؟ وهل أسس لثقافة التحرش وكره المتشددين؟,https://www.youtube.com/watch?v=wKFCxchTm-E,aj_kabrit,,,,
المُخبر الاقتصادي+| كيف تخسر المال وتتورط في الديون بسبب البخل؟,https://www.youtube.com/watch?v=U889YoCJQBU,aj_kabrit,,,,
الجهبذ | الوجه الآخر لماكرون,https://www.youtube.com/watch?v=GCO6WIuqhrc,aj_kabrit,,,,
المُخبر الاقتصادي +| كيف ترفع أمريكا سعر الدولار؟ وهل تفجر أسعار الفائدة أزمة ديون؟,https://www.youtube.com/watch?v=cljfCcV-EGY,aj_kabrit,,,,
السليط الإخباري - جدري القرود | الحلقة (16) موسم 2022,https://www.youtube.com/watch?v=kg0CS7KH-Xc,aj_kabrit,,,,
الوتر الحساس | الكيبوب وعقود العبودية.. كيف وصل للسعودية والعراق والمغرب وباقي الدول العربية؟,https://www.youtube.com/watch?v=EiL7jW1aSng,aj_kabrit,,,,
المُخبر الاقتصادي+| لماذا ستختفي كميات ضخمة من القمح من السوق العالمي قريباً؟,https://www.youtube.com/watch?v=TgsrpJSimd4,aj_kabrit,,,,
الجهبذ | إلى أي حد تتشابه باكستان مع دولنا العربية؟ وما هي قصة ثاني أكبر بلد إسلامي؟,https://www.youtube.com/watch?v=G0gG1hFhod4,aj_kabrit,,,,
المُخبر الاقتصادي+ | كيف يحاصر بوتين اقتصاد أوكرانيا من كل الجهات؟ ولماذا يخنق أوديسا تحديداً؟,https://www.youtube.com/watch?v=h1ndMX74G9w,aj_kabrit,,,,
السليط الإخباري - مش شايف | الحلقة (15) موسم 2022,https://www.youtube.com/watch?v=1IAkPAQZjH4,aj_kabrit,,,,
الوتر الحساس | لماذا هدد زعيم كوريا الشمالية بإعدام كل من يستمع للكيبوب واعتبره تهديداً؟,https://www.youtube.com/watch?v=CWthlXYICEU,aj_kabrit,,,,
"المُخبر الاقتصادي+ | كيف تسببت العملة الملعونة ""لونا"" في خسارة الملايين لأموالهم؟",https://www.youtube.com/watch?v=Pjw5SJsdf50,aj_kabrit,,,,
الجهبذ | شيرين أبو عاقلة شهيدة الصحافة,https://www.youtube.com/watch?v=px8ZN-t-YNI,aj_kabrit,,,,
المُخبر الاقتصادي+| ماذا خسرت فنلندا بانهيار العملاقة نوكيا؟ وكيف صنعت الشركة دولة؟,https://www.youtube.com/watch?v=Hr9NXYv6L6Y,aj_kabrit,,,,
السليط الإخباري - الشاهدة الشهيدة | الحلقة (14) موسم 2022,https://www.youtube.com/watch?v=7qG7btxCRdQ,aj_kabrit,,,,
الوتر الحساس | كيف يمكن للراب أن يهز عرش طواغيت ويتحدى دولة الاحتلال ويناقش مشاكل الشباب؟,https://www.youtube.com/watch?v=wPYyXnjN9lQ,aj_kabrit,,,,
المُخبر الاقتصادي+ | كيف أذلت أمريكا الأرجنتين حين رفضت تسديد ديونها؟ ولماذا هددتها بالأنسولين؟,https://www.youtube.com/watch?v=dbhTXDLiysk,aj_kabrit,,,,
الجهبذ |  هل تعتبر التنمية البشرية علماً حقيقياً أم زائفاً؟,https://www.youtube.com/watch?v=Q3etK9-bMz8,aj_kabrit,,,,
المُخبر الاقتصادي+ | كيف تسيطر الصين على قطاع الأدوية العالمي من خلال المواد الفعالة؟,https://www.youtube.com/watch?v=sDCSnRSOjRA,aj_kabrit,,,,
السليط الإخباري - عيد الفطر | الحلقة (13) موسم 2022,https://www.youtube.com/watch?v=L7MLyDKLYro,aj_kabrit,,,,
The Sensitive Nerve | Why did the French accuse Karim Benzema of treason? And what are the hidden...,https://www.youtube.com/watch?v=P_COaPi8Q-8,aj_kabrit,,,,
المُخبر الاقتصادي+ | كيف سيؤثر إغلاق الصين لمدينة شنغهاي على الأسعار في العالم؟,https://www.youtube.com/watch?v=5H41nFvzkmQ,aj_kabrit,,,,
الجهبذ | ما العلاقة بين أبطال أفلام ومسلسلات الأكشن العربية والرؤساء الديكتاتوريين؟,https://www.youtube.com/watch?v=GNUHZ2gznQM,aj_kabrit,,,,
المُخبر الاقتصادي+ | كيف حاولت فرنسا اغتيال اقتصاد أغنى دولة في العالم بخام البوكسيت؟,https://www.youtube.com/watch?v=y7HgUfnsz3k,aj_kabrit,,,,
السليط الإخباري - أخبار كاذبة | الحلقة (12) موسم 2022,https://www.youtube.com/watch?v=EjFUidtzkqA,aj_kabrit,,,,
الوتر الحساس | كيف ساهمت مصر في صناعة الأناشيد الوطنية للدول العربية مثل فلسطين والجزائر؟,https://www.youtube.com/watch?v=Ikve0SOr8bk,aj_kabrit,,,,
المُخبر الاقتصادي+| كيف أنقذت أقوى امرأة في روسيا  اقتصاد بلادها من الانهيار؟,https://www.youtube.com/watch?v=yv-AZDO4f1Q,aj_kabrit,,,,
الجهبذ | عندما جاعت سوريا ولبنان,https://www.youtube.com/watch?v=L_lC6JEn6_I,aj_kabrit,,,,
المُخبر الاقتصادي+| لماذا تخاف فرنسا ورئيسها من روسيا؟ ما الذي يملكه بوتين؟,https://www.youtube.com/watch?v=bAJylKeuDk4,aj_kabrit,,,,
السليط الإخباري - فلسطين عاصمة الشجاعة | الحلقة (11) موسم 2022,https://www.youtube.com/watch?v=9qkGSa3p6RM,aj_kabrit,,,,
الوتر الحساس | فاتن أمل حربي تثير الجدل في مصر وبراءة في تونس!,https://www.youtube.com/watch?v=AARGFbZIbzo,aj_kabrit,,,,
المُخبر الاقتصادي+ | ما هي خطة حبة السم؟ ولماذا يريد إيلون ماسك شراء تويتر بالكامل؟,https://www.youtube.com/watch?v=uWXxGGOdHBM,aj_kabrit,,,,
الجهبذ | هل أصبحت برامج المقالب في السنوات الأخيرة تروج للتنمر والقيم السلبية؟,https://www.youtube.com/watch?v=VfjUmA_0Ol4,aj_kabrit,,,,
المُخبر الاقتصادي+ | كيف تهدد روسيا هيمنة الدولار الأمريكي على العالم؟ وماذا عن الصين؟,https://www.youtube.com/watch?v=xhUvKezJRrg,aj_kabrit,,,,
السليط الإخباري - في رمضان! | الحلقة (10) موسم 2022,https://www.youtube.com/watch?v=3UtwbplimOc,aj_kabrit,,,,
الوتر الحساس | مسلسلات جاسوسية من ملفات المخابرات المصرية. ماذا حدث منذ رأفت الهجان حتى الاختيار؟,https://www.youtube.com/watch?v=erFlueooFoE,aj_kabrit,,,,
المُخبر الاقتصادي+ | لماذا لا ينهار اقتصاد روسيا رغم العقوبات؟ وما هي ضربة أمريكا القادمة؟,https://www.youtube.com/watch?v=RMgM-lKwoos,aj_kabrit,,,,
الجهبذ | إعلانات رمضان للمدن والمجمعات السكنية تثير الجدل، فهل ترسخ الطبقية والفرق بين الغني والفقير,https://www.youtube.com/watch?v=OgpIkFMEUJ4,aj_kabrit,,,,
المُخبر الاقتصادي+ | لماذا ترسل أفريقيا نصف احتياطياتها النقدية لفرنسا يومياً؟ وكيف تسرقها باريس؟,https://www.youtube.com/watch?v=YdNp0Oj4NdE,aj_kabrit,,,,
السليط الإخباري - الاختيار 3 | الحلقة (9) موسم 2022,https://www.youtube.com/watch?v=FF_-OchXBEI,aj_kabrit,,,,
الوتر الحساس | كيف كان النظام المصري يتقرب للإخوان قبل الاختيار؟ وزلزال سوري هز عرش الدراما!,https://www.youtube.com/watch?v=LMB-6wHHzKU,aj_kabrit,,,,
المُخبر الاقتصادي+ | كيف تخدعك إعلانات شهر رمضان؟ ومن يخسر بسببها؟,https://www.youtube.com/watch?v=s4M7mwFDz-8,aj_kabrit,,,,
الجهبذ | وجبة الفقراء أم موضة الأغنياء والطعام الصحي؟ وهل تُسرق من أصحابها؟,https://www.youtube.com/watch?v=d0YU29OFkk0,aj_kabrit,,,,
الوتر الحساس,https://www.youtube.com/watch?v=E120eNqWJI8,aj_kabrit,,,,
المُخبر الاقتصادي+| ما سر انتشار العمالة الفلبينية في العالم وبالأخص دول الخليج؟ وما ثمن الغربة؟,https://www.youtube.com/watch?v=rqU4aJF11Yk,aj_kabrit,,,,
السليط الإخباري - الصفعة التاريخية | الحلقة (8) موسم 2022,https://www.youtube.com/watch?v=W9TpPYA404E,aj_kabrit,,,,
المُخبر الاقتصادي+ | ما الذي لا تعرفه عن النودلز أو الاختراع الذي غير العالم؟,https://www.youtube.com/watch?v=4Z1P22YOtF4,aj_kabrit,,,,
الجهبذ | عنصرية أوروبية على أوكرانيا! وهل نحن شعوب غير عنصرية؟,https://www.youtube.com/watch?v=7nmVILOWYbo,aj_kabrit,,,,
المُخبر الاقتصادي+ | ماذا لو أصبح الدولار الأمريكي هو العملة الرسمية للدول العربية؟,https://www.youtube.com/watch?v=jfRGK328guM,aj_kabrit,,,,
السليط الإخباري - أصحاب ولا ألذ | الحلقة (7) موسم 2022,https://www.youtube.com/watch?v=AMa2S1U2BC0,aj_kabrit,,,,
المُخبر الاقتصادي+| لماذا تغادر كبرى الشركات العالمية الصين إلى فيتنام؟,https://www.youtube.com/watch?v=ztvP0-cirsc,aj_kabrit,,,,
الجهبذ | ماذا لو انفجرت المفاعلات النووية السلمية في أوكرانيا؟,https://www.youtube.com/watch?v=BXP7SvgyUx8,aj_kabrit,,,,
المُخبر الاقتصادي+| هل ترفض روسيا دفع ديونها بالدولار؟ وكيف تدفعها أمريكا نحو الإفلاس؟,https://www.youtube.com/watch?v=V3Vohs5g41s,aj_kabrit,,,,
السليط الإخباري - يسقط سايكس بيكو | الحلقة (6) موسم 2022,https://www.youtube.com/watch?v=REbtASUm1HY,aj_kabrit,,,,
المُخبر الاقتصادي+| لماذا ترتفع أسعار كل شيء بشكل جنوني؟ وماذا لو طالت حرب روسيا وأوكرانيا؟,https://www.youtube.com/watch?v=kR5oNHePDzQ,aj_kabrit,,,,
الجهبذ | خطط بوتين السرية لاستعادة الإمبراطورية الروسية,https://www.youtube.com/watch?v=FHN74DP8-K4,aj_kabrit,,,,
المُخبر الاقتصادي+| هل يكون حظر النفط هو الضربة القاضية على بوتين؟ وهل تتدخل السعودية؟,https://www.youtube.com/watch?v=kdCrJ1po-MQ,aj_kabrit,,,,
السليط الإخباري - مزرعة الحيوان | الحلقة (5) موسم 2022,https://www.youtube.com/watch?v=2FHdcQJQ0Wo,aj_kabrit,,,,
المُخبر الاقتصادي+| هل تعاقب روسيا الجميع وتدمر القطاع التكنولوجي الأهم في العالم؟,https://www.youtube.com/watch?v=OPR4bhkXOrc,aj_kabrit,,,,
الجهبذ | ما قصة أسوأ حرب شهدتها أوروبا بعد الحرب العالمية الثانية؟,https://www.youtube.com/watch?v=HdJ7DAkzFXM,aj_kabrit,,,,
المُخبر الاقتصادي+| كيف وضعت أمريكا يدها على خزائن روسيا؟ وهل يتهور بوتين؟,https://www.youtube.com/watch?v=toHX-oXDdyU,aj_kabrit,,,,
السليط الإخباري - سنموت بعد قليل | الحلقة (4) موسم 2022,https://www.youtube.com/watch?v=QeVf36Hc8v4,aj_kabrit,,,,
المُخبر الاقتصادي+|  كيف تخطط أمريكا لتدمير الاقتصاد الروسي؟ وهل تتدخل الصين؟,https://www.youtube.com/watch?v=Qx30xQ4K-5g,aj_kabrit,,,,
الجهبذ | كيف تقترض اللغات من بعضها؟ وهل يدل وجود كلمات أجنبية في لغة معينة على ضعفها؟,https://www.youtube.com/watch?v=i7cRaXdTLQU,aj_kabrit,,,,
المُخبر الاقتصادي+ | لبنان واليونان والأرجنتين.. كيف تعلن الدول إفلاسها؟,https://www.youtube.com/watch?v=ukvw7RRbTKQ,aj_kabrit,,,,
"السليط الإخباري - ""فضائح"" جنسية | الحلقة (3) موسم 2022",https://www.youtube.com/watch?v=S1nK9iMazEM,aj_kabrit,,,,
المُُخبر الاقتصادي+| ترك الجثث وناطحات السحاب والفشار.. ما هي أغرب المؤشرات الاقتصادية في العالم؟,https://www.youtube.com/watch?v=jlP5dcOJ0-k,aj_kabrit,,,,
الجهبذ | حقائق وأرقام عن نهضة مصرية جعلت مصر تتفوق على أغلب بلدان العالم,https://www.youtube.com/watch?v=EF2B9Eo22bY,aj_kabrit,,,,
المُخبر الاقتصادي+| لديها سلاح سري.. كيف ستحل أوروبا أزمتها الكبرى لو قطعت روسيا الغاز عنها؟,https://www.youtube.com/watch?v=rdgw4JnnkjU,aj_kabrit,,,,
السليط الإخباري - متلازمة ستوكهولم | الحلقة (2) موسم 2022,https://www.youtube.com/watch?v=z_XUml3E-A4,aj_kabrit,,,,
المُخبر الاقتصادي+| إدمان الغاز الروسي.. هل تستطيع موسكو خنق اقتصاد أوروبا كاملاً؟,https://www.youtube.com/watch?v=8fs9JqmmEsw,aj_kabrit,,,,
الجهبذ | أقوى سلاح في العالم.. ما قصة السلاح النووي؟,https://www.youtube.com/watch?v=0p6MmKJwQZg,aj_kabrit,,,,
المُخبر الاقتصادي+| أهم 6 نصائح لاستثمار أموالك.. كيف تأخذ قرارات مالية صحيحة؟,https://www.youtube.com/watch?v=h33QCYULQuQ,aj_kabrit,,,,
السليط الإخباري - أوقفوا خطف أطفالنا | الحلقة (1) موسم 2022,https://www.youtube.com/watch?v=BV3dJ3kS9wY,aj_kabrit,,,,
المُخبر الاقتصادي+| خسائر مهولة بربع تريليون دولار.. هل تدمر الصين شركة ميتا؟,https://www.youtube.com/watch?v=UeTjiTPSQgE,aj_kabrit,,,,
الجهبذ | وسيلة نقل تحولت إلى رمز لثورة في العراق ومشكلة وحل في مصر,https://www.youtube.com/watch?v=-6cBLAtm6p0,aj_kabrit,,,,
المْخبر الاقتصادي+| تركيا والبرازيل.. لماذا يسود الرعب الأسواق الناشئة من رفع الفائدة الأمريكية؟,https://www.youtube.com/watch?v=JNhvY7dn8lw,aj_kabrit,,,,
المُخبر الاقتصادي+ | ولادة عسيرة كل 10 دقائق.. كيف يجري إنتاج عملات بيتكوين جديدة؟,https://www.youtube.com/watch?v=kCL_3-3wyFY,aj_kabrit,,,,
الجهبذ |  لماذا لا توزع الثروة بالتساوي بين البشر؟,https://www.youtube.com/watch?v=tLN0kuvKoko,aj_kabrit,,,,
المُخبر الاقتصادي+ | سيناريو نتفليكس المرعب.. لماذا خسر عملاق البث 66 مليار دولار في ستة أيام فقط؟,https://www.youtube.com/watch?v=Np6_94U_x8s,aj_kabrit,,,,
المُخبر الاقتصادي+ | لماذا قامت مايكروسوفت بأكبر عملية استحواذ في تاريخ صناعة الألعاب؟,https://www.youtube.com/watch?v=htnayXzqROk,aj_kabrit,,,,
الجهبذ | فرصة ضائعة كان يمكن أن تنقذ سوريا من الدمار,https://www.youtube.com/watch?v=6Hzi1QvNB0U,aj_kabrit,,,,
المُخبر الاقتصادي+ | صادرات بـ 3.3 تريليون دولار.. كيف حققت الصين أكبر فائض تجاري في التاريخ؟,https://www.youtube.com/watch?v=cQXF2vQF5yY,aj_kabrit,,,,
المُخبر الاقتصادي+ | احتجاجات وقتلى في كازاخستان.. هل ستنهار البتكوين والعملات المشفرة في العالم؟,https://www.youtube.com/watch?v=d5TOjIBcZqM,aj_kabrit,,,,
الجهبذ | نيزك فضائي عملاق يدمر الأرض.. كيف رد العالم؟ ماذا نحن فاعلون؟,https://www.youtube.com/watch?v=80GyWMyKB9k,aj_kabrit,,,,
المُخبر الاقتصادي+ | 20 عاماً لتصبح الأهم بعد الدولار.. هل نجح اليورو أم سيقضي على الاتحاد الأوروبي؟,https://www.youtube.com/watch?v=mB7B6C5EF2U,aj_kabrit,,,,
المُخبر الاقتصادي+ | صِدام العمالقة.. لماذا اندلعت النيران بين شركتي آبل وميتا؟,https://www.youtube.com/watch?v=lxsQtG8fY1g,aj_kabrit,,,,
الجهبذ | الحشود العسكرية على حدود أوكرانيا.. ما وراءها؟,https://www.youtube.com/watch?v=_8UBqazmBd8,aj_kabrit,,,,
المُخبر الاقتصادي+ | مشبع بالمضادات الحيوية.. لماذا قد يضرك أكل لحوم الدجاج؟,https://www.youtube.com/watch?v=Ej_eWUq1A_A,aj_kabrit,,,,
المُخبر الاقتصادي+ | ماذا تعني حرب العملات؟ ولماذا تتقاتل الدول الكبرى لتخفيض قيمة عملاتها؟,https://www.youtube.com/watch?v=GT6rcQVeLvA,aj_kabrit,,,,
الجهبذ |  هل أصبح المجرم بطلاً وصار التهريب والقتل أمراً طبيعياً؟,https://www.youtube.com/watch?v=ZcPxntGpll0,aj_kabrit,,,,
المخبر الاقتصادي+ | لماذا نؤجل كل شيء ونضيع الوقت والمال؟ وكيف نتخلص من التسويف؟,https://www.youtube.com/watch?v=XN6o7FYEhpY,aj_kabrit,,,,
السليط الإخباري - خلف الكواليس | موسم 2021,https://www.youtube.com/watch?v=R4_KLvS0b3Q,aj_kabrit,,,,
الجهبذ | تعرف على زعيم سفاح أباد شعبه وفق كتيب إرشادات,https://www.youtube.com/watch?v=ea6X9GZiMyc,aj_kabrit,,,,
المخبر الاقتصادي + | لماذا لا ترتفع الأسعار في اليابان أبداً منذ 25 عاماً؟,https://www.youtube.com/watch?v=SN5sItZEbEw,aj_kabrit,,,,
السليط الإخباري - الكذب الصريح | موسم 2021,https://www.youtube.com/watch?v=ClsLAAViWkM,aj_kabrit,,,,
الجهبذ | لماذا اللهجة المصرية هي الأوسع انتشاراً؟,https://www.youtube.com/watch?v=va_0mf7fSqI,aj_kabrit,,,,
المُخبر الاقتصادي+ | لماذا يرمي العرب ملايين الأطنان من الغذاء في القمامة بينما يجوع فقراؤهم؟,https://www.youtube.com/watch?v=t7AFXsJw34k,aj_kabrit,,,,
السليط الإخباري - مجرد تمثيل | موسم 2021,https://www.youtube.com/watch?v=2kl4NEVUdqA,aj_kabrit,,,,
الجهبذ | ما الفيروس البشري الأخطر من فيروس كورونا (كوفيد-19)؟ وهل من دواء له؟,https://www.youtube.com/watch?v=WYjwL07yuSY,aj_kabrit,,,,
المُخبر الاقتصادي+ | ما الذي لا يخبرك به التجار عن حقيقة عروض التقسيط بدون فوائد؟,https://www.youtube.com/watch?v=yfwOLvq2bVI,aj_kabrit,,,,
السليط الإخباري - فعل ورد فعل | موسم 2021,https://www.youtube.com/watch?v=ev9F0jVMmHU,aj_kabrit,,,,
الجهبذ | كيف أصبح اللاجئ المتهم الأول بالكوارث الاقتصادية والأوبئة؟,https://www.youtube.com/watch?v=4JXTa1PJsq8,aj_kabrit,,,,
"المُخبر الاقتصادي+ | لماذا نخاف من متحور كورونا ""أوميكرون""؟ هل يفجر الأسعار ومعها الاقتصاد؟",https://www.youtube.com/watch?v=fplP6U3NkQE,aj_kabrit,,,,
السليط الإخباري - كأس العرب | الحلقة (41) موسم 2021,https://www.youtube.com/watch?v=QrN-A5PQ8H8,aj_kabrit,,,,
الجهبذ | من مركز تجاري عالمي إلى أكثر المدن دماراً منذ الحرب العالمية الثانية.. قصة حلب,https://www.youtube.com/watch?v=IFQ8EiM7NjI,aj_kabrit,,,,
المُخبر الاقتصادي+ | لماذا تهدد أمريكا دول أوبك لرفع إنتاجها وخفض أسعار النفط بسرعة؟,https://www.youtube.com/watch?v=PgikctpMbYA,aj_kabrit,,,,
السليط الإخباري - مهرجانات | الحلقة (40) موسم 2021,https://www.youtube.com/watch?v=w0ue_vBtekQ,aj_kabrit,,,,
الجهبذ | لماذا علينا أن نتعلم لغة ثانية والأوروبي لا يحتاج لذلك؟,https://www.youtube.com/watch?v=SclK4zGT5JQ,aj_kabrit,,,,
المُخبر الاقتصادي+ | لماذا ترتفع أسعار الغذاء بلا توقف؟ وأين اختفت الأسمدة الزراعية؟,https://www.youtube.com/watch?v=N1zJKhvuLt0,aj_kabrit,,,,
السليط الإخباري - الديانة الإبراهيمية | الحلقة (39) موسم 2021,https://www.youtube.com/watch?v=N9gjZ5ua1Mw,aj_kabrit,,,,
الجهبذ | معشوقة الجماهير ومداوية الجراح وبطلة النهايات السعيدة,https://www.youtube.com/watch?v=YsZaiVG90DE,aj_kabrit,,,,
المُخبر الاقتصادي+ | كيف تضيع أموالك بسذاجة على أشياء غير مهمة؟ وما علاقة هذا بضعف شخصيتك؟,https://www.youtube.com/watch?v=t0IHjfIx7fk,aj_kabrit,,,,
السليط الإخباري - تطبيع وتطبيل | الحلقة (38) موسم 2021,https://www.youtube.com/watch?v=2GikeEOv6nY,aj_kabrit,,,,
"The Polymath | A daily murder where women are the victims worldwide, and the perpetrators go unpu...",https://www.youtube.com/watch?v=HklU70jz0Gc,aj_kabrit,,,,
المُخبر الاقتصادي+ | لماذا قد تستمر الأسعار في الارتفاع خلال 2022؟ ولماذا ترتفع أصلاً؟,https://www.youtube.com/watch?v=5Vi2h4MB2e8,aj_kabrit,,,,
السليط الإخباري - المسامح كريم | الحلقة (37) موسم 2021,https://www.youtube.com/watch?v=Fuo_7v_RGbA,aj_kabrit,,,,
الجهبذ | التطورات في السودان منذ سقوط البشير وحتى اليوم,https://www.youtube.com/watch?v=jsNWJnnzEKU,aj_kabrit,,,,
المُخبر الاقتصادي+ | لماذا يعيش 80% من سكان سنغافورة الغنية جداً في شقق حكومية؟,https://www.youtube.com/watch?v=mHM9cuKEjC4,aj_kabrit,,,,
السليط الإخباري - الردة المستحيلة | الحلقة (36) موسم 2021,https://www.youtube.com/watch?v=LH8CiY2rz2k,aj_kabrit,,,,
الجهبذ | عاصمة أوروبية حكمت نصف العالم أسسها المسلمون,https://www.youtube.com/watch?v=5EiKUj1AMCA,aj_kabrit,,,,
المُخبر الاقتصادي+ | ما الأخطاء التي قد تجعلك فقيراً للأبد؟ وكيف يخسر الناس أموالهم؟!,https://www.youtube.com/watch?v=IlXWqHCdiI4,aj_kabrit,,,,
السليط الإخباري - عودة الجاهلية | الحلقة (35) موسم 2021,https://www.youtube.com/watch?v=GC-B1QIjcro,aj_kabrit,,,,
الجهبذ | المياه مصدر الحياة، هل ستصبح أكبر تهديد لنا؟,https://www.youtube.com/watch?v=OoMT1zZVhBs,aj_kabrit,,,,
المُخبر الاقتصادي+ | لماذا تخاف الدول من تاجر الديون الأمريكي الذي أذل الأرجنتين 15 عاماً؟,https://www.youtube.com/watch?v=Fw620VaJ0wM,aj_kabrit,,,,
السليط الإخباري - دين جديد | الحلقة (34) موسم 2021,https://www.youtube.com/watch?v=906Ese9cKW8,aj_kabrit,,,,
The Genius | What You Didn't Know About Squid Game?,https://www.youtube.com/watch?v=R-R1asfB8Eo,aj_kabrit,,,,
المُخبر الاقتصادي+ | لماذا سترتفع أسعار الكهرباء والغاز والسلع قريباً؟,https://www.youtube.com/watch?v=5cPQR6-ZVIE,aj_kabrit,,,,
السليط الإخباري - حشرات ومخابرات | الحلقة (33) موسم 2021,https://www.youtube.com/watch?v=nUzymFGW1nI,aj_kabrit,,,,
الجهبذ | كشف ملفات الـ “CIA” السرية في العالم العربي,https://www.youtube.com/watch?v=y7MYFnSm3tk,aj_kabrit,,,,
المُخبر الاقتصادي+ | هل تفجر الصين عملاق العقارات “إيفرغراند” لتنقذ اقتصادها من الانهيار؟,https://www.youtube.com/watch?v=bDqkrlvJ9y4,aj_kabrit,,,,
السليط الإخباري - تحدي الأندومي الحار | الحلقة (32) موسم 2021,https://www.youtube.com/watch?v=oDFdf6d2aC4,aj_kabrit,,,,
الجهبذ | السر وراء النكتة في السياسة، هل هي ثورة أم مؤامرة؟,https://www.youtube.com/watch?v=URK5tVsSdNY,aj_kabrit,,,,
المُخبر الاقتصادي+ | كيف يحقق تجار السلاح أرباحاً بالمليارات؟ ومن يحميهم؟,https://www.youtube.com/watch?v=eDKPHENqAac,aj_kabrit,,,,
السليط الإخباري - انقلاب شتوي | الحلقة (31) موسم 2021,https://www.youtube.com/watch?v=xHUqNzkxe60,aj_kabrit,,,,
"الجهبذ | ""وحدة حرية اشتراكية""  كيف أصبحت سوريا والعراق بعد عقود من حكم البعث؟",https://www.youtube.com/watch?v=rmas3CdU4dQ,aj_kabrit,,,,
المُخبر الاقتصادي+ | هل يكون آخر برميل نفط في العالم سعودياً؟,https://www.youtube.com/watch?v=kkTuXkdsXe8,aj_kabrit,,,,
السليط الإخباري - عزيزي بينيت | الحلقة (30) موسم 2021,https://www.youtube.com/watch?v=SevRwyVt5pQ,aj_kabrit,,,,
الجهبذ | ما هو الدستور؟ وهل فعلاً لدينا دساتير في دولنا؟,https://www.youtube.com/watch?v=fYZCgOXoRmw,aj_kabrit,,,,
المُخبر الاقتصادي+ | كيف يفكر أصحاب الملايين؟ وكيف بنوا ثرواتهم من الصفر؟,https://www.youtube.com/watch?v=h-f_RAc4j_Y,aj_kabrit,,,,
السليط الإخباري - الهروب الكبير | الحلقة (29) موسم 2021,https://www.youtube.com/watch?v=nPXy-sstpQU,aj_kabrit,,,,
الجهبذ | كيف أثرت أحداث حصلت منذ 20 سنة على حياتك اليوم؟,https://www.youtube.com/watch?v=n7Y_gu7Agvk,aj_kabrit,,,,
المُخبر الاقتصادي+ | كيف تخترق الحسابات البنكية بسهولة؟ وكيف تحمي أموالك؟,https://www.youtube.com/watch?v=gQ7M9WWYivc,aj_kabrit,,,,
السليط الإخباري - خاوة خاوة | الحلقة (28) موسم 2021,https://www.youtube.com/watch?v=izcA1lUgwUE,aj_kabrit,,,,
الجهبذ | دليلك الشامل لفهم ما حصل في أفغانستان,https://www.youtube.com/watch?v=_3o2BlqKe-w,aj_kabrit,,,,
المُخبر الاقتصادي+ | كيف يمكن أن تصبح أفغانستان أغنى من دول الخليج؟,https://www.youtube.com/watch?v=GU1HcBx2peg,aj_kabrit,,,,
السليط الإخباري - الصبارة الراقصة | الحلقة (27) موسم 2021,https://www.youtube.com/watch?v=NipsQn-JNRU,aj_kabrit,,,,
الجهبذ | كيف ينتقم الاحتلال من الشهداء بعد وفاتهم؟,https://www.youtube.com/watch?v=5peAwbNRK9k,aj_kabrit,,,,
المُخبر الاقتصادي+ | من الذي أشعل النيران في الغابات وكيف سيفعلها مرة أخرى قريباً؟,https://www.youtube.com/watch?v=_NmDIVcEKTM,aj_kabrit,,,,
السليط الإخباري - طالبان تنتصر | الحلقة (26) موسم 2021,https://www.youtube.com/watch?v=pd3tmVirEVE,aj_kabrit,,,,
الجهبذ | لهجتك تكشف الكثير عنك، وحرف سحري في اللهجات العربية يغير كل شيء!,https://www.youtube.com/watch?v=K8rxbNYFfOI,aj_kabrit,,,,
المخبر الاقتصادي+ | هل سيصبح إيلون ماسك أول تريليونير في العالم قريباً؟,https://www.youtube.com/watch?v=6Bcpgtx3DTI,aj_kabrit,,,,
السليط الإخباري - رحيل ميسي | الحلقة (25) موسم 2021,https://www.youtube.com/watch?v=6fh4yuiMe8U,aj_kabrit,,,,
الجهبذ | كيف حصلت الدول العربية على شكلها الحالي؟ ومن وضع الحدود بينها؟,https://www.youtube.com/watch?v=RMdj44E91Ik,aj_kabrit,,,,
المُخبر الاقتصادي+ | كيف تسرق شركات الاتصالات أرصدة المشتركين؟,https://www.youtube.com/watch?v=nWA-2jzDfgg,aj_kabrit,,,,
السليط الإخباري - سباق الدكتاتورية | الحلقة (24) موسم 2021,https://www.youtube.com/watch?v=iBfFM3VmnNk,aj_kabrit,,,,
الجهبذ | ما سر تصنيف الدول إلى عالم أول وثانٍ وثالث؟,https://www.youtube.com/watch?v=7d2Gr_buA3s,aj_kabrit,,,,
المُخبر الاقتصادي+ | كيف أصبحت فوكسكون التايوانية أكبر مُصنع للإلكترونيات في العالم؟,https://www.youtube.com/watch?v=aF60nNvHTys,aj_kabrit,,,,
السليط الإخباري - أولمبياد تونس | الحلقة (23) موسم 2021,https://www.youtube.com/watch?v=In0hmH3cPwA,aj_kabrit,,,,
الجهبذ | ما حصل قبل 69 عاماً في مصر كان ثورة أم انقلاباً؟,https://www.youtube.com/watch?v=FxbI8-S1wt4,aj_kabrit,,,,
"المُخبر الاقتصادي+ | لماذا تخاف الصين من ""النملة""، وأين اختفى صاحبها الملياردير ""جاك ما""؟",https://www.youtube.com/watch?v=1SMkZ-ALL9M,aj_kabrit,,,,
السليط الإخباري - أهلاً بالعيد | الحلقة (22) موسم 2021,https://www.youtube.com/watch?v=p572bF9CJZ4,aj_kabrit,,,,
الجهبذ | غرائب كوريا الشمالية التي تجدها في سوريا والعراق ومصر وغيرها..,https://www.youtube.com/watch?v=3l961Evsb_Y,aj_kabrit,,,,
المُخبر الاقتصادي+ | كيف تتحكم دول الخليج بواسطة “أوبك” في أسعار البترول العالمية؟,https://www.youtube.com/watch?v=OF-uEBRhpck,aj_kabrit,,,,
السليط الإخباري - خليجي جولي شيك | الحلقة (21) موسم 2021,https://www.youtube.com/watch?v=7JqiihlNtbo,aj_kabrit,,,,
الجهبذ | مصر والعراق من أكثر بلدان العالم عرضة لمخاطر التغير المناخي.. كيف؟,https://www.youtube.com/watch?v=QQ8VfNa6p6w,aj_kabrit,,,,
المُخبر الاقتصادي+ | كيف تعرف العملة المزورة بسهولة؟ ومن هم أساتذة العالم في التزوير؟,https://www.youtube.com/watch?v=qTr6xqk-tS8,aj_kabrit,,,,
السليط الإخباري - المجرم الوسيم | الحلقة (20) موسم 2021,https://www.youtube.com/watch?v=8t3HNgHzEZs,aj_kabrit,,,,
الجهبذ | كاد أن يصبح ملكاً على الشام: أمير جزائري اشتهر بإنسانيته فكرّمه الأعداء والأصدقاء,https://www.youtube.com/watch?v=k1b3Zouyhok,aj_kabrit,,,,
المُخبر الاقتصادي+ | كيف يتحكم نادي باريس في ديون الدول وما قصته مع ديون العراق؟,https://www.youtube.com/watch?v=S8zh5PcYooo,aj_kabrit,,,,
السليط الإخباري - حلوا عن صدورنا | الحلقة (19) موسم 2021,https://www.youtube.com/watch?v=7CJHv1U4nzs,aj_kabrit,,,,
الجهبذ | وصفة مضمونة وسهلة لفشل الدول، هل دولتك فاشلة؟,https://www.youtube.com/watch?v=9DsFO7CxiPQ,aj_kabrit,,,,
هل تسرق سامسونغ أسرار آبل أم العكس؟,https://www.youtube.com/watch?v=UKEFDRAicug,aj_kabrit,,,,
السليط الإخباري - عودة قريش | الحلقة (18) موسم 2021,https://www.youtube.com/watch?v=--1Tib4xaqA,aj_kabrit,,,,
الجهبذ | حرب فارقة شكلت الاتحاد الأوروبي، فكيف استغلوا كرة القدم لتقارب الشعوب؟,https://www.youtube.com/watch?v=NKOyEaN_1JM,aj_kabrit,,,,
المُخبر الاقتصادي+ | كيف تحول لبنان من سويسرا الشرق إلى دولة شبه مفلسة؟,https://www.youtube.com/watch?v=kJk-hEcRt4k,aj_kabrit,,,,
السليط الإخباري - فياغرا وتطبيع | الحلقة (17) موسم 2021,https://www.youtube.com/watch?v=rM4Zip9D9ug,aj_kabrit,,,,
الجهبذ | لماذا تضع الحكومات مساحيق الكذب وتزيّف الحقائق أحياناً؟,https://www.youtube.com/watch?v=7Q34eU8FO0Q,aj_kabrit,,,,
المُخبر الاقتصادي+ | لماذا يجب أن تفكر ألف مرة قبل أن تستقيل من وظيفتك لبدء مشروعك؟,https://www.youtube.com/watch?v=exqE4lNq-RE,aj_kabrit,,,,
السليط الإخباري - أولاد القدس | الحلقة (16) موسم 2021,https://www.youtube.com/watch?v=DbQ2e0pYr_4,aj_kabrit,,,,
"الجهبذ | الرد الكافي والوافي لمن يقول ""الفلسطيني باع أرضه""",https://www.youtube.com/watch?v=cOr6roqlAsA,aj_kabrit,,,,
المُخبر الاقتصادي+ | ما الذي سيخسره الاقتصاد الإسرائيلي من المقاطعة؟,https://www.youtube.com/watch?v=7lPih2fVCY4,aj_kabrit,,,,
السليط الإخباري - مرايا 2021 | الحلقة (15) موسم 2021,https://www.youtube.com/watch?v=airrSMi-ugE,aj_kabrit,,,,
الجهبذ | نقطة ضعف خطيرة تهدد الكبير أوي,https://www.youtube.com/watch?v=PmlWcOo5HQk,aj_kabrit,,,,
المُخبر الاقتصادي+ | كيف تجعل ماكدونالدز مطعمها في السعودية يعطي نفس النتيجة التي يعطيها في أمريكا؟,https://www.youtube.com/watch?v=pkbnYf1DwuU,aj_kabrit,,,,
السليط الإخباري - في بيتنا يعقوب | الحلقة (14) موسم 2021,https://www.youtube.com/watch?v=-QyLg5PQZIs,aj_kabrit,,,,
الجهبذ | الترحيب المصري والإبداع السوري.. ما أسرار نجاح السوريين في مصر؟,https://www.youtube.com/watch?v=iMs3oudu-i4,aj_kabrit,,,,
المُخبر الاقتصادي+ | كيف تخدعنا بيبسي وكوكاكولا من خلال شراء ذمم بعض العلماء؟,https://www.youtube.com/watch?v=W6jYrXQBqI8,aj_kabrit,,,,
السليط الإخباري - حي الشيخ جراح | الحلقة (13) موسم 2021,https://www.youtube.com/watch?v=jxbEtV75hDc,aj_kabrit,,,,
الجهبذ | بطالة، ووظائف دون عمل..كيف حوّل الفساد الاقتصاد لخدمة المقربين والأحباب؟,https://www.youtube.com/watch?v=Z4XrI_8SJbI,aj_kabrit,,,,
المُخبر الاقتصادي+ | ماذا لو سحب الناس أموالهم من البنوك في نفس الوقت؟,https://www.youtube.com/watch?v=MP2zGbuhqmk,aj_kabrit,,,,
الجهبذ | مجتمع عنصري، ذكوري، ديكتاتوري.. ماذا تعرف عن الوجه المظلم للسنافر؟,https://www.youtube.com/watch?v=Sre2Oa1CoQQ,aj_kabrit,,,,
المُخبر الاقتصادي+ | ما السر الذي جعل سنغافورة واحدة من أغنى دول العالم؟,https://www.youtube.com/watch?v=IlKjcrm2vjM,aj_kabrit,,,,
الجهبذ | صلاح الدين الأيوبي.. كيف أعجب به الغرب واختلف عليه العرب؟,https://www.youtube.com/watch?v=H68E-lUAqRA,aj_kabrit,,,,
المُخبر الاقتصادي+ | لماذا استحق أكبر محتال في التاريخ السجن 150عاماً؟,https://www.youtube.com/watch?v=gLViDiXktso,aj_kabrit,,,,
الجهبذ | هل فعلاً لم تكن لحضارة مصر والعراق إسهامات في تاريخ العلوم؟,https://www.youtube.com/watch?v=lLii4nsCPNc,aj_kabrit,,,,
المُخبر الاقتصادي+ | ماذا لو قطع العرب البترول عن أمريكا؟,https://www.youtube.com/watch?v=1d33nVIfqLw,aj_kabrit,,,,
الجهبذ | تحدي البقاء أو الموت: كيف أصبحت حياتنا صراعاً يشبه ألعاب الفيديو؟,https://www.youtube.com/watch?v=jGbC1PET-NQ,aj_kabrit,,,,
المُخبر الاقتصادي+ | كيف امتلكت تايوان الفقيرة أهم وأقوى شركة في العالم؟,https://www.youtube.com/watch?v=TlJSUhxQTYA,aj_kabrit,,,,
الجهبذ | مرض أرعب البشرية، و كان أشبه بسلاح جرثومي. كيف ساهم الجدري في تطوير اللقاحات التي نعرفها؟,https://www.youtube.com/watch?v=F8ifD2uOORc,aj_kabrit,,,,
المُخبر الاقتصادي+ | كيف تخطط الصين وإيران سراً لتحدي هيمنة أمريكا؟,https://www.youtube.com/watch?v=VVFeOMRJ9VE,aj_kabrit,,,,
السليط الإخباري - حرب النجوم | الحلقة (12) موسم 2021,https://www.youtube.com/watch?v=2lwCuv36vH0,aj_kabrit,,,,
الجهبذ | خطة سرية مزعومة لاستبدال السكان الأوروببين بالمهاجرين، ماذا تعرفون عن الاستبدال الكبير؟,https://www.youtube.com/watch?v=zOahar99ozI,aj_kabrit,,,,
المُخبر الاقتصادي+ | لماذا سترتفع أسعار السيارات والهواتف والأجهزة المنزلية قريباً؟,https://www.youtube.com/watch?v=a-RFQXTQnw0,aj_kabrit,,,,
السليط الإخباري - لعنة الفراعنة | الحلقة (11) موسم 2021,https://www.youtube.com/watch?v=pqQB0Is-zEA,aj_kabrit,,,,
الجهبذ | ثمرة الشيطان,https://www.youtube.com/watch?v=eKT_CNmrZ-4,aj_kabrit,,,,
المُخبر الاقتصادي+ | كيف تقلِّد فكرة مشروع تجاري ناجح بشكل صحيح؟,https://www.youtube.com/watch?v=rw0jKXJwWTY,aj_kabrit,,,,
السليط الإخباري - المصالح بتتصالح | الحلقة (10) موسم 2021,https://www.youtube.com/watch?v=4w9tk_tXFlQ,aj_kabrit,,,,
الجهبذ | هل يمكن لطريق القطب الشمالي أن يصبح بديلاً لقناة السويس؟,https://www.youtube.com/watch?v=neKye3vgYy4,aj_kabrit,,,,
المُخبر الاقتصادي+ | كيف غيرت أنجيلا ميركل وجه الاقتصاد الألماني قبل رحيلها؟!,https://www.youtube.com/watch?v=jBiSCWQEys0,aj_kabrit,,,,
السليط الإخباري - ولا نفس | الحلقة (9) موسم 2021,https://www.youtube.com/watch?v=T4yLyo1Cw-4,aj_kabrit,,,,
الجهبذ | المندسون,https://www.youtube.com/watch?v=KKad-CGkHw4,aj_kabrit,,,,
المُخبر الاقتصادي+ | كيف تعثر شركات السجائر على بدائل لعملائها الموتى؟,https://www.youtube.com/watch?v=371QxHBcS8w,aj_kabrit,,,,
السليط الإخباري - رضاعة الكبير | الحلقة (8) موسم 2021,https://www.youtube.com/watch?v=kVixwwbLAdo,aj_kabrit,,,,
المخبر الاقتصادي+ | كيف تستخدم أمريكا سلاح العقوبات الاقتصادية المدمر؟,https://www.youtube.com/watch?v=rlVupa2W6SQ,aj_kabrit,,,,
السليط الإخباري - المرأة أبونا | الحلقة (7) موسم 2021,https://www.youtube.com/watch?v=cyGJtJq81Fs,aj_kabrit,,,,
المخبر الاقتصادي+ | كيف ومتى تستثمر في البيتكوين وأخواتها؟,https://www.youtube.com/watch?v=nVHf7Flg3wQ,aj_kabrit,,,,
السليط الإخباري - باي باي لندن | الحلقة (6) موسم 2021,https://www.youtube.com/watch?v=Eq2TybE7F-g,aj_kabrit,,,,
المُخبر الاقتصادي+ | لماذا تتصارع عصابات المخدرات المكسيكية على الأفوكادو؟,https://www.youtube.com/watch?v=CucS97tkkLo,aj_kabrit,,,,
السليط الإخباري - رسالة من الوالي | الحلقة (5) موسم 2021,https://www.youtube.com/watch?v=u5j4-K3EmJk,aj_kabrit,,,,
المُخبر الاقتصادي+ | هل ينجح إيلون ماسك في تدمير صناعة البترول؟,https://www.youtube.com/watch?v=MhUjPstzFvU,aj_kabrit,,,,
السليط الإخباري - كابتن أمريكا | الحلقة (4) موسم 2021,https://www.youtube.com/watch?v=43d9lYa4e1k,aj_kabrit,,,,
المُخبر الاقتصادي+ | كيف حرق شباب الإنترنت مليارات حيتان وول ستريت؟,https://www.youtube.com/watch?v=jLRS-4brMss,aj_kabrit,,,,
السليط الإخباري - مزحة جديدة | الحلقة (3) موسم 2021,https://www.youtube.com/watch?v=UeohXbzD5qA,aj_kabrit,,,,
المُخبر الاقتصادي+ | هل تنهي البيتكوين وأخواتها عصر الدولار الأمريكي؟,https://www.youtube.com/watch?v=o2YQ_iV_2yI,aj_kabrit,,,,
السليط الإخباري - تحديد النسل | الحلقة (2) موسم 2021,https://www.youtube.com/watch?v=EHYSNLKjkZU,aj_kabrit,,,,
المُخبر الاقتصادي+ | مفاجأة كبيرة كشفتها أزمة تحديثات واتساب,https://www.youtube.com/watch?v=Zj6S5BITM3s,aj_kabrit,,,,
السليط الإخباري - مشاريع عملاقة | الحلقة (1) موسم 2021,https://www.youtube.com/watch?v=miVlQTWoGtI,aj_kabrit,,,,
المُخبر الاقتصادي+ | كيف يكسب الملايين الأموال أثناء دراستهم في الجامعة؟,https://www.youtube.com/watch?v=uEFhVV8TkwY,aj_kabrit,,,,
السليط الإخباري - سألوني الناس 5 | الموسم الثامن,https://www.youtube.com/watch?v=4kxGtJRJbn0,aj_kabrit,,,,
المُخبر الاقتصادي+ | كيف خططت أمريكا لتدمير الاقتصاد الألماني؟,https://www.youtube.com/watch?v=Gib8RuCz_xI,aj_kabrit,,,,
السليط الإخباري - ما وراء الطبيعة | الموسم الثامن,https://www.youtube.com/watch?v=ev5skyq1MTI,aj_kabrit,,,,
المُخبر الاقتصادي + | كيف ستحدث الأزمة المالية العالمية القادمة؟,https://www.youtube.com/watch?v=Nz9E3_bd1r4,aj_kabrit,,,,
السليط الإخباري - وداعاً 2020 | الموسم الثامن,https://www.youtube.com/watch?v=dzSnlRlIY5c,aj_kabrit,,,,
المخبر الاقتصادي+ | كيف أصبحت سامسونغ أقوى من رئيس كوريا الجنوبية؟,https://www.youtube.com/watch?v=bXUPJ4IdfCM,aj_kabrit,,,,
المُخبر الاقتصادي+ | كيف تطبع أمريكا الدولار؟,https://www.youtube.com/watch?v=QwUZ9u6PY1E,aj_kabrit,,,,
المُخبر الاقتصادي+ | كيف تبيع أي شيء لأي شخص؟,https://www.youtube.com/watch?v=ahxq9OBKpbU,aj_kabrit,,,,
السليط الإخباري - المصالحة الخليجية | الحلقة (43) الموسم الثامن,https://www.youtube.com/watch?v=1Y-GBXj_9ig,aj_kabrit,,,,
المُخبر الاقتصادي+ | هل تجرؤ أي دولة في العالم على عدم سداد ديونها؟,https://www.youtube.com/watch?v=PUHuEDbXbPQ,aj_kabrit,,,,
السليط الإخباري - ملعون أبوك يا فأر | الحلقة (42) الموسم الثامن,https://www.youtube.com/watch?v=Vx9PfeLmyJY,aj_kabrit,,,,
المُخبر الاقتصادي+ | كيف تحقق ثروة من خلال اليوتيوب؟,https://www.youtube.com/watch?v=0oPtoEXJm18,aj_kabrit,,,,
السليط الإخباري - نمبر وان | الحلقة (41) الموسم الثامن,https://www.youtube.com/watch?v=QatJV2hXEng,aj_kabrit,,,,
المُخبر الاقتصادي+ | كيف يُتلاعب بالأسعار في عروض الجمعة البيضاء؟,https://www.youtube.com/watch?v=Tqvng02nsEg,aj_kabrit,,,,
السليط الإخباري - الهدف مرصود | الحلقة (40) الموسم الثامن,https://www.youtube.com/watch?v=repLub2Pgj0,aj_kabrit,,,,
المُخبر الاقتصادي+ | هل يتفوق المنتج الياباني على المنتج الأمريكي؟,https://www.youtube.com/watch?v=KqLSPx3b5I4,aj_kabrit,,,,
السليط الإخباري - وداعاً أبو إيفانكا؟ | الحلقة (39) الموسم الثامن,https://www.youtube.com/watch?v=kCpV8D-LJX0,aj_kabrit,,,,
المُخبر الاقتصادي+ | كيف ستؤثر المقاطعة على الاقتصاد الفرنسي؟,https://www.youtube.com/watch?v=A8A4Eb17wAQ,aj_kabrit,,,,
السليط الإخباري - الانتخابات والمقاطعة | الحلقة (38) الموسم الثامن,https://www.youtube.com/watch?v=Tzo-a9J21Vo,aj_kabrit,,,,
المُخبر الاقتصادي+ | لماذا تعتبر هواوي أخطر شركة في العالم؟,https://www.youtube.com/watch?v=qVzgYbPhbsE,aj_kabrit,,,,
المُخبر الاقتصادي+ | هل تخدع آبل مستخدمي آيفون 12؟,https://www.youtube.com/watch?v=8ofTOVqflsQ,aj_kabrit,,,,
السليط الإخباري - مجتمع صالح | الحلقة (37) الموسم الثامن,https://www.youtube.com/watch?v=ikNtgHvEfWY,aj_kabrit,,,,
المُخبر الاقتصادي+ | كيف تؤسس مشروعاً فاشلاً مع صاحبك؟,https://www.youtube.com/watch?v=G-vxKmjyJzo,aj_kabrit,,,,
السليط الإخباري - ملوك الفرص الضائعة | الحلقة (36) الموسم الثامن,https://www.youtube.com/watch?v=YvgANj-yobQ,aj_kabrit,,,,
"المُخبر الاقتصادي+ | كيف تحترف ""الفصال"" في الأسعار؟",https://www.youtube.com/watch?v=FNGZojVBg-U,aj_kabrit,,,,
السليط الإخباري - بلح فرنسي | الحلقة (35) الموسم الثامن,https://www.youtube.com/watch?v=OHFXuEUC1-0,aj_kabrit,,,,
المُخبر الاقتصادي+ | كيف تُغسل الأموال المشبوهة؟,https://www.youtube.com/watch?v=cjw-GZiVzC4,aj_kabrit,,,,
السليط الإخباري - شكراً على حسن تعاونكم | الحلقة (34) الموسم الثامن,https://www.youtube.com/watch?v=06S-gos_FBk,aj_kabrit,,,,
المُخبر الاقتصادي+ | كيف يعرف فيسبوك ما الذي تفكر فيه؟,https://www.youtube.com/watch?v=o19-8kPOSMc,aj_kabrit,,,,
السليط الإخباري - رايحين على جهنم | الحلقة (33) الموسم الثامن,https://www.youtube.com/watch?v=waZR6Vi5uek,aj_kabrit,,,,
المُخبر الاقتصادي+ | كيف سيستولي الروبوت على كثير من وظائفنا؟,https://www.youtube.com/watch?v=pS4O-T6KONE,aj_kabrit,,,,
السليط الإخباري - الصفقة والسلاح | الحلقة (32) الموسم الثامن,https://www.youtube.com/watch?v=pLEDcZuScJw,aj_kabrit,,,,
المُخبر الاقتصادي+ | هل تلجأ الصين للخيار النووي؟,https://www.youtube.com/watch?v=H-ZXxebyXCQ,aj_kabrit,,,,
السليط الإخباري - بيبي يا حبيبي | الحلقة (31) الموسم الثامن,https://www.youtube.com/watch?v=s-xAnmEKxBg,aj_kabrit,,,,
المُخبر الاقتصادي+ | كيف ينتهي عمر المنتجات بفعل فاعل؟,https://www.youtube.com/watch?v=LhqC1fcLWJI,aj_kabrit,,,,
السليط الإخباري - لقيت الطبطبة | الحلقة (30) الموسم الثامن,https://www.youtube.com/watch?v=Q_Jp48j-LWk,aj_kabrit,,,,
"المخبر الاقتصادي+ | ليه بيقولوا لنا ""السعر في الإنبوكس""؟",https://www.youtube.com/watch?v=KPk1XAjpDxA,aj_kabrit,,,,
السليط الإخباري - النفط والدم | الحلقة (29) الموسم الثامن,https://www.youtube.com/watch?v=zFTTEnWXvAM,aj_kabrit,,,,
المُخبر الاقتصادي+ | كيف تصبح غنياً؟,https://www.youtube.com/watch?v=vrMJg_C9l-8,aj_kabrit,,,,
السليط الإخباري - اطمأن قلبي | الحلقة (28) الموسم الثامن,https://www.youtube.com/watch?v=rvtO3rF6zUw,aj_kabrit,,,,
المُخبر الاقتصادي+ | لماذا نشترك في الجيم ولا نذهب؟,https://www.youtube.com/watch?v=8xa54Rj8dek,aj_kabrit,,,,
السليط الإخباري - ماما فرنسا | الحلقة (27) الموسم الثامن,https://www.youtube.com/watch?v=pWbYyBibboQ,aj_kabrit,,,,
المُخبر الاقتصادي+ | كيف حكمت أمريكا العالم؟,https://www.youtube.com/watch?v=qodfu6bO0IE,aj_kabrit,,,,
السليط الإخباري - انفجار بيروت | الحلقة (26) الموسم الثامن,https://www.youtube.com/watch?v=B8v5nUwhMlI,aj_kabrit,,,,
المُخبر الاقتصادي+ | تجارة الأدوية واللقاحات,https://www.youtube.com/watch?v=gUCfYGLwpUo,aj_kabrit,,,,
السليط الإخباري - عيد الأضحى | الحلقة (25) الموسم الثامن,https://www.youtube.com/watch?v=MwVU-l78Pfc,aj_kabrit,,,,
المُخبر الاقتصادي+ | خدع وحيل تستخدمها “السوبر ماركت” لاستنزاف نقودك,https://www.youtube.com/watch?v=971Ow29VJAM,aj_kabrit,,,,
السليط الإخباري - أبو الحروب | الحلقة (24) الموسم الثامن,https://www.youtube.com/watch?v=XtgpZM9E3Y8,aj_kabrit,,,,
المُخبر الاقتصادي+ | نهاية هيمنة الدولار؟,https://www.youtube.com/watch?v=6eLDIfEx5J0,aj_kabrit,,,,
السليط الإخباري - آيا صوفيا | الحلقة (23) الموسم الثامن,https://www.youtube.com/watch?v=OD9-X97e_wY,aj_kabrit,,,,
المُخبر الاقتصادي+ | خطط الصين للسيطرة على سوق الهواتف,https://www.youtube.com/watch?v=50nYuITme1Q,aj_kabrit,,,,
السليط الإخباري - الحب والسلام | الحلقة (22) الموسم الثامن,https://www.youtube.com/watch?v=Wl4SsfiZCDg,aj_kabrit,,,,
المُخبر الاقتصادي+ | إزاي تعمل مشروع مربح برأس مال بسيط؟,https://www.youtube.com/watch?v=iGuxombm-AY,aj_kabrit,,,,
السليط الإخباري - نهاية أرطغرل | الحلقة (21) الموسم الثامن,https://www.youtube.com/watch?v=WsI350g-Bb8,aj_kabrit,,,,
المُخبر الاقتصادي+ | مضطرين نستغنى عنك!,https://www.youtube.com/watch?v=DQU-3_azPrc,aj_kabrit,,,,
السليط الإخباري - الكلاسيكو | الحلقة (20) الموسم الثامن,https://www.youtube.com/watch?v=5aU0kwyaIPs,aj_kabrit,,,,
السليط الإخباري - طار الأسد | الحلقة (19) الموسم الثامن,https://www.youtube.com/watch?v=cAV7mF9a9zA,aj_kabrit,,,,
السليط الإخباري - حفتر على بصلة | الحلقة (18) الموسم الثامن,https://www.youtube.com/watch?v=_K00oTFo6SM,aj_kabrit,,,,
3 سنوات دحيح,https://www.youtube.com/watch?v=6rOBc9GIQzI,aj_kabrit,,,,
الدحيح - ناطحات سحاب,https://www.youtube.com/watch?v=SPYG5Dt__pY,aj_kabrit,,,,
السليط الإخباري - السيسي الأمريكي | الحلقة (17) الموسم الثامن,https://www.youtube.com/watch?v=er8YQvQw538,aj_kabrit,,,,
الدحيح - القولون,https://www.youtube.com/watch?v=jmJxRrqZPJU,aj_kabrit,,,,
الدحيح - 100 مليون سنة أكل,https://www.youtube.com/watch?v=cz1CcW9CaLI,aj_kabrit,,,,
السليط الإخباري - افتحوا الأبواب | الحلقة (16) الموسم الثامن,https://www.youtube.com/watch?v=_vcHGRI-xQg,aj_kabrit,,,,
الدحيح - كيف تصنع الترند؟,https://www.youtube.com/watch?v=SPjOesmRBK4,aj_kabrit,,,,
الدحيح - البزنس الذكي,https://www.youtube.com/watch?v=EDEkqDe-MF8,aj_kabrit,,,,
الظاهرة - مليونير مليونير,https://www.youtube.com/watch?v=qb-nwTZTqbU,aj_kabrit,,,,
الدحيح - الرجل العنكبوت,https://www.youtube.com/watch?v=AGJ4Xm7PyhU,aj_kabrit,,,,
الدحيح - الإنفلونزا الإسبانية,https://www.youtube.com/watch?v=Eq2ONmBX9yo,aj_kabrit,,,,
الظاهرة | الكورة للجماهير,https://www.youtube.com/watch?v=G41TVpqD8zY,aj_kabrit,,,,
الدحيح - الهبد,https://www.youtube.com/watch?v=AwlKoRY_76U,aj_kabrit,,,,
الدحيح - شوربة الخفافيش,https://www.youtube.com/watch?v=Hu89bW1_QMI,aj_kabrit,,,,
الظاهرة | سر الصلصة الهولندية,https://www.youtube.com/watch?v=ZSAWRrR3Ur8,aj_kabrit,,,,
الدحيح - تيك توك,https://www.youtube.com/watch?v=o-vXOZzyqVc,aj_kabrit,,,,
الدحيح - كلما يقل يكثر,https://www.youtube.com/watch?v=-agh_oZxaoE,aj_kabrit,,,,
الظاهرة | أنا بين جمهوري ملك,https://www.youtube.com/watch?v=Wk4neMIlkEY,aj_kabrit,,,,
الدحيح - أبوك كل بالليل,https://www.youtube.com/watch?v=iTaQIhEJXtU,aj_kabrit,,,,
الدحيح - الصيام,https://www.youtube.com/watch?v=lgDR_6xD1KY,aj_kabrit,,,,
الظاهرة | مقادير فخر العرب,https://www.youtube.com/watch?v=Z5uwPwNjWFk,aj_kabrit,,,,
الدحيح - التعاطف,https://www.youtube.com/watch?v=jJ3UNIMSMxI,aj_kabrit,,,,
الدحيح - 3.14159,https://www.youtube.com/watch?v=OuiO0hce2QE,aj_kabrit,,,,
الظاهرة | أنحس فريق في العالم,https://www.youtube.com/watch?v=TlgeMhrHLXU,aj_kabrit,,,,
السليط الإخباري - عودة السيسي | الحلقة (15) الموسم الثامن,https://www.youtube.com/watch?v=fs4ZDEIZRL0,aj_kabrit,,,,
الدحيح - إخوات في الرضاعة,https://www.youtube.com/watch?v=OUa3uhxG0c0,aj_kabrit,,,,
الدحيح - كرة القدم الأمريكية,https://www.youtube.com/watch?v=nDv408Zl84c,aj_kabrit,,,,
الظاهرة | الكورة X الكورونا,https://www.youtube.com/watch?v=WVsMTzchItg,aj_kabrit,,,,
السليط الإخباري - النظام العالمي الجديد | الحلقة (14) الموسم الثامن,https://www.youtube.com/watch?v=8OooaNfKYK8,aj_kabrit,,,,
الدحيح - الدحيح كوميدي,https://www.youtube.com/watch?v=975UwPgUkNw,aj_kabrit,,,,
الدحيح - التدخين والسرطان,https://www.youtube.com/watch?v=8ONyl5wXyVY,aj_kabrit,,,,
الظاهرة | غريب في بيتي,https://www.youtube.com/watch?v=7s6GtJgXGI8,aj_kabrit,,,,
السليط الإخباري - مؤامرة كورونية | الحلقة (13) الموسم الثامن,https://www.youtube.com/watch?v=DWtBIBXKgwE,aj_kabrit,,,,
الدحيح - هزت عرش العلم,https://www.youtube.com/watch?v=N-QJlHPAYDE,aj_kabrit,,,,
الدحيح - الحياة في زمن الكورونا,https://www.youtube.com/watch?v=ipUznKIhHrg,aj_kabrit,,,,
الظاهرة | هدف في السماء,https://www.youtube.com/watch?v=DcBWzSMe6sE,aj_kabrit,,,,
السليط الإخباري - إشاعات الماما | الحلقة (12) الموسم الثامن,https://www.youtube.com/watch?v=fYVGiRwOP0U,aj_kabrit,,,,
الدحيح - جائحة كورونا,https://www.youtube.com/watch?v=I0h3onMey-4,aj_kabrit,,,,
الدحيح - أسوأ أم,https://www.youtube.com/watch?v=MhGIO7w3a9U,aj_kabrit,,,,
الظاهرة - كابتن ماجد,https://www.youtube.com/watch?v=5EfSHF8FLKg,aj_kabrit,,,,
السليط الإخباري - الحجر المنزلي 101 | الحلقة (11) الموسم الثامن,https://www.youtube.com/watch?v=F_IyZhcH75Y,aj_kabrit,,,,
الدحيح - لازم نسيب بعض,https://www.youtube.com/watch?v=8mQ-v11SeRM,aj_kabrit,,,,
الدحيح - أخناتون,https://www.youtube.com/watch?v=PU4Nq-5Q1Sc,aj_kabrit,,,,
الظاهرة - الكورونا في الملعب,https://www.youtube.com/watch?v=ePNT1X2mB4Y,aj_kabrit,,,,
السليط الإخباري - علاج الكورونا | الحلقة (10) الموسم الثامن,https://www.youtube.com/watch?v=nzcXU6xQ6PI,aj_kabrit,,,,
الدحيح - كورونا (كوفيد-19),https://www.youtube.com/watch?v=mawje1RAKOw,aj_kabrit,,,,
الدحيح - الرياضيات المحرمة,https://www.youtube.com/watch?v=Qyvtcpw8NwI,aj_kabrit,,,,
الظاهرة - الفقر مش عيب,https://www.youtube.com/watch?v=DvVhPNSfcfE,aj_kabrit,,,,
السليط الإخباري - التجربة الصينية | الحلقة (9) الموسم الثامن,https://www.youtube.com/watch?v=SwVwebhyL2E,aj_kabrit,,,,
الدحيح - حلقة مش وحشة,https://www.youtube.com/watch?v=J_s1LtMd2zY,aj_kabrit,,,,
الدحيح - روبين ويليامز,https://www.youtube.com/watch?v=hKDxUuSfw9Q,aj_kabrit,,,,
الظاهرة - حرب الكلاسيكو,https://www.youtube.com/watch?v=sanbTTpKXw4,aj_kabrit,,,,
السليط الإخباري - مبارك على كورونا | الحلقة (8) الموسم الثامن,https://www.youtube.com/watch?v=a_tYqgb35gg,aj_kabrit,,,,
الدحيح - شبابيك اللغة,https://www.youtube.com/watch?v=5Tf22l6szhg,aj_kabrit,,,,
الدحيح - الشتاء قادم,https://www.youtube.com/watch?v=Jp_Y5P8Qpus,aj_kabrit,,,,
الظاهرة - خناقة الأهلي والزمالك,https://www.youtube.com/watch?v=qLMhuNUjYxM,aj_kabrit,,,,
السليط الإخباري - فرندز بالخليجي | الحلقة (7) الموسم الثامن,https://www.youtube.com/watch?v=KywGY-UO9tc,aj_kabrit,,,,
الدحيح - من خاف سلم,https://www.youtube.com/watch?v=UNbXsGSJpbs,aj_kabrit,,,,
الدحيح - أشهر لوحة في العالم,https://www.youtube.com/watch?v=-X7dsuOPKtg,aj_kabrit,,,,
السليط الإخباري - عرق زايد | الحلقة (6) الموسم الثامن,https://www.youtube.com/watch?v=oMOfTlC-p9Y,aj_kabrit,,,,
الدحيح - الرقاقة الخطيرة,https://www.youtube.com/watch?v=LcyTafn0f2s,aj_kabrit,,,,
الدحيح - العلاج بالصلصة,https://www.youtube.com/watch?v=YXgbDFPRGjc,aj_kabrit,,,,
السليط الإخباري - القدس ليست للبيع | الحلقة (5) الموسم الثامن,https://www.youtube.com/watch?v=x4_QwxdLiVo,aj_kabrit,,,,
الدحيح - كيف يتعلم الأطباء؟,https://www.youtube.com/watch?v=UBUnXo1exBU,aj_kabrit,,,,
الدحيح - قانون بنفورد,https://www.youtube.com/watch?v=YVk8olC0fmw,aj_kabrit,,,,
السليط الإخباري - كورونا القرن | الحلقة (4) الموسم الثامن,https://www.youtube.com/watch?v=GrQ1PCQnnxM,aj_kabrit,,,,
الدحيح - موزاليزا,https://www.youtube.com/watch?v=uZL3018Y5Tk,aj_kabrit,,,,
الدحيح - الحبة الزرقاء,https://www.youtube.com/watch?v=VKGgzzJ4dK0,aj_kabrit,,,,
السليط الإخباري - 25 يناير | الحلقة (3) الموسم الثامن,https://www.youtube.com/watch?v=dRI5dLkrA2k,aj_kabrit,,,,
الدحيح - الأسطول الأصفر,https://www.youtube.com/watch?v=wG4-nSUXMUM,aj_kabrit,,,,
الدحيح - البقاء,https://www.youtube.com/watch?v=XLEhRU1wlg4,aj_kabrit,,,,
السليط الإخباري - تستاهل طيارة | الحلقة (2) الموسم الثامن,https://www.youtube.com/watch?v=NIRYtkKK-Rs,aj_kabrit,,,,
الدحيح - الرفض,https://www.youtube.com/watch?v=12LBGRT2cho,aj_kabrit,,,,
الدحيح - الصلع,https://www.youtube.com/watch?v=DC4v9B0urGg,aj_kabrit,,,,
السليط الإخباري - الحرب العالمية الثالثة | الحلقة (1) الموسم الثامن,https://www.youtube.com/watch?v=SBhULxYdOVI,aj_kabrit,,,,
الدحيح - ثقوب ما لهاش لازمة,https://www.youtube.com/watch?v=gPl0CSEpRg8,aj_kabrit,,,,
الدحيح - اللانهائية,https://www.youtube.com/watch?v=sP3ilRaSPvM,aj_kabrit,,,,
السليط الإخباري - أغاني وتسالي | الموسم السابع,https://www.youtube.com/watch?v=dQ8wTLImiUE,aj_kabrit,,,,
الدحيح - هدنة عيد الميلاد,https://www.youtube.com/watch?v=Negh_LoRmIo,aj_kabrit,,,,
الدحيح - مديرون أشرار,https://www.youtube.com/watch?v=VRPcciuIMb8,aj_kabrit,,,,
السليط الإخباري - السليط الدرامي | الموسم السابع,https://www.youtube.com/watch?v=nUzOcQx_8Z0,aj_kabrit,,,,
الدحيح - فلوس الأغنياء,https://www.youtube.com/watch?v=DXmDxlKWHYo,aj_kabrit,,,,
الدحيح - الحرب العالمية الأولى,https://www.youtube.com/watch?v=saYVbgdn3VU,aj_kabrit,,,,
السليط الإخباري - سألوني الناس 4 | الموسم السابع,https://www.youtube.com/watch?v=SfATO0SrS2I,aj_kabrit,,,,
الدحيح - أهم تاكسي في التاريخ,https://www.youtube.com/watch?v=q1fXIbe5s7s,aj_kabrit,,,,
الدحيح - صعود أوبر,https://www.youtube.com/watch?v=PNkchH_EFec,aj_kabrit,,,,
السليط الإخباري - الفصيح الإخباري | الحلقة (44) الموسم السابع,https://www.youtube.com/watch?v=-PDcQmlmfOw,aj_kabrit,,,,
الدحيح - لازم تنام,https://www.youtube.com/watch?v=H5pTxwNoYb8,aj_kabrit,,,,
الدحيح - موظفون بؤساء,https://www.youtube.com/watch?v=rrnHkoGLyNU,aj_kabrit,,,,
السليط الإخباري - الدين والسياسة | الحلقة (43) الموسم السابع,https://www.youtube.com/watch?v=60ksIQO9848,aj_kabrit,,,,
الدحيح - جنكستان,https://www.youtube.com/watch?v=EADToaHo188,aj_kabrit,,,,
الدحيح - طريقة عمل اللغة,https://www.youtube.com/watch?v=8FVHipm2O5I,aj_kabrit,,,,
السليط الإخباري - مهرجان بحر البلح | الحلقة (42) الموسم السابع,https://www.youtube.com/watch?v=dYknLggmPX0,aj_kabrit,,,,
الدحيح - قانون الغابة,https://www.youtube.com/watch?v=aZI5UF1EWw8,aj_kabrit,,,,
الدحيح - البكتيريا الشقية,https://www.youtube.com/watch?v=SzMRf9ONm_g,aj_kabrit,,,,
السليط الإخباري - راغب بن سلمان | الحلقة (41) الموسم السابع,https://www.youtube.com/watch?v=c6r5h4kEoIA,aj_kabrit,,,,
الدحيح - ظاهرة الكلب المستضعف,https://www.youtube.com/watch?v=hUwssGjyNS0,aj_kabrit,,,,
الدحيح - الرياضيون الخارقون,https://www.youtube.com/watch?v=natBdoO3E7k,aj_kabrit,,,,
السليط الإخباري - العدو الودود | الحلقة (40) الموسم السابع,https://www.youtube.com/watch?v=6L4KU8dWZRk,aj_kabrit,,,,
الدحيح - الشاويش بطوط,https://www.youtube.com/watch?v=3C2tG2eH9-k,aj_kabrit,,,,
الدحيح - المجاز والجواز,https://www.youtube.com/watch?v=fasGAHGfMpc,aj_kabrit,,,,
السليط الإخباري - سوبر سيسي | الحلقة (39) الموسم السابع,https://www.youtube.com/watch?v=UsE8IeSeqP4,aj_kabrit,,,,
الدحيح - الفراعنة في 1602 ثانية,https://www.youtube.com/watch?v=NDiAWaODyXM,aj_kabrit,,,,
الدحيح - الضغط العصبي,https://www.youtube.com/watch?v=8s3waZw1as0,aj_kabrit,,,,
السليط الإخباري - حالات فردية | الحلقة (38) الموسم السابع,https://www.youtube.com/watch?v=_G3TmmyG5Lw,aj_kabrit,,,,
الدحيح - الدحيح الحبّيب,https://www.youtube.com/watch?v=uzEZ-_tfNsM,aj_kabrit,,,,
الدحيح - الدولفين الأزرق,https://www.youtube.com/watch?v=DSwejW3NelU,aj_kabrit,,,,
السليط الإخباري - لبنان ينتفض | الحلقة (37) الموسم السابع,https://www.youtube.com/watch?v=_mp-BEcEymQ,aj_kabrit,,,,
الدحيح - الجوكر,https://www.youtube.com/watch?v=ih9bnh9QcwE,aj_kabrit,,,,
الدحيح - تغريدة المخابرات الأمريكية,https://www.youtube.com/watch?v=GXuxaKo73oY,aj_kabrit,,,,
السليط الإخباري - نبع السلام | الحلقة (36) الموسم السابع,https://www.youtube.com/watch?v=AJf1809pcII,aj_kabrit,,,,
الدحيح - أخو نيمار,https://www.youtube.com/watch?v=6xJQglUbro8,aj_kabrit,,,,
الدحيح - أم جرثوم,https://www.youtube.com/watch?v=LqmKFLuCvSM,aj_kabrit,,,,
السليط الإخباري - العراق ينتفض | الحلقة (35) الموسم السابع,https://www.youtube.com/watch?v=YGOHudlQ0-M,aj_kabrit,,,,
الدحيح - الوحدة,https://www.youtube.com/watch?v=aKrXC_QdfMA,aj_kabrit,,,,
الدحيح - عملة الفيسبوك,https://www.youtube.com/watch?v=psR8ss55AzA,aj_kabrit,,,,
"السليط الإخباري - أغنية ""هُم عايزينها ثورة""",https://www.youtube.com/watch?v=EHoMM_xcBN0,aj_kabrit,,,,
السليط الإخباري - عايزينها فوضى | الحلقة (34) الموسم السابع,https://www.youtube.com/watch?v=8IjTYt7Nieo,aj_kabrit,,,,
وشُّولَه - آخر هبّة,https://www.youtube.com/watch?v=eGyLl49acgk,aj_kabrit,,,,
الدحيح - علاقات سامة,https://www.youtube.com/watch?v=t96BJxce_PA,aj_kabrit,,,,
الدحيح - عفاريت الأسفلت,https://www.youtube.com/watch?v=Y7I9hmWCrrg,aj_kabrit,,,,
السليط الإخباري الموسم السابع - الحلقة 33 - الثورة مستمرة,https://www.youtube.com/watch?v=EV3-9lpd9vg,aj_kabrit,,,,
وشّولَه - فشخرة وهياط,https://www.youtube.com/watch?v=xIXXigCf7tI,aj_kabrit,,,,
الدحيح - هنعوض في الفاينل,https://www.youtube.com/watch?v=udr1bdC6VB0,aj_kabrit,,,,
الدحيح - حرب فيتنام 2,https://www.youtube.com/watch?v=cilkoN8EwJw,aj_kabrit,,,,
السليط الإخباري - كفاية بقى يا سيسي | الحلقة (32) الموسم السابع,https://www.youtube.com/watch?v=xq3zz2s1jDI,aj_kabrit,,,,
وشوله - غابات التنمر الاجتماعي,https://www.youtube.com/watch?v=F3aXy4OvMUc,aj_kabrit,,,,
الدحيح - حرب فيتنام 1,https://www.youtube.com/watch?v=aQlY7XnzJvQ,aj_kabrit,,,,
الدحيح - القفز للمستقبل,https://www.youtube.com/watch?v=4aIxY-pGEQ4,aj_kabrit,,,,
السليط الإخباري - أسرار محمد علي | الحلقة (31) الموسم السابع,https://www.youtube.com/watch?v=owa1Y_Mb1zs,aj_kabrit,,,,
وشوله - احذر مطب,https://www.youtube.com/watch?v=coW1Y--HObc,aj_kabrit,,,,
الدحيح - التوازي العلمي,https://www.youtube.com/watch?v=s92_WAmOc7Q,aj_kabrit,,,,
الدحيح - الدولار,https://www.youtube.com/watch?v=CG48pSyK8GU,aj_kabrit,,,,
السليط الإخباري - جرائم اللاشرف | الحلقة (30) الموسم السابع,https://www.youtube.com/watch?v=F285ggM8zaI,aj_kabrit,,,,
وشوله - جسم مثالي,https://www.youtube.com/watch?v=dxhBYkoLKe8,aj_kabrit,,,,
الدحيح - التمساح المجنح,https://www.youtube.com/watch?v=ZQER0246qbA,aj_kabrit,,,,
السليط الإخباري - مواهب توب 10 | الحلقة (29) الموسم السابع,https://www.youtube.com/watch?v=Xnb4Gk95HgQ,aj_kabrit,,,,
وشوله - عليّ الطلاق,https://www.youtube.com/watch?v=qb6fMNXL5Jk,aj_kabrit,,,,
الدحيح - أجهزة عذراء,https://www.youtube.com/watch?v=1iZftbIYaV0,aj_kabrit,,,,
وشوله مع بو روحي,https://www.youtube.com/watch?v=KRvN9iwQosU,aj_kabrit,,,,
الدحيح - يوتوبيا,https://www.youtube.com/watch?v=bkRPdt6xSEQ,aj_kabrit,,,,
السليط الإخباري - دبليو دبليو سي | الحلقة (28) الموسم السابع,https://www.youtube.com/watch?v=87l5Qk8-gT0,aj_kabrit,,,,
وشوله - هوس المعجبين,https://www.youtube.com/watch?v=cwiyygjwKm0,aj_kabrit,,,,
الدحيح - البطريق,https://www.youtube.com/watch?v=L43eKPMO1so,aj_kabrit,,,,
الدحيح - إبادة الكتب,https://www.youtube.com/watch?v=BKGJwCTiN74,aj_kabrit,,,,
السليط الإخباري - بعيداً عن السياسة | الحلقة (27) الموسم السابع,https://www.youtube.com/watch?v=TYDfgjrg4_8,aj_kabrit,,,,
وشوله - روح رياضية,https://www.youtube.com/watch?v=muAeu5bntP0,aj_kabrit,,,,
الدحيح - قنبلة المادة المضادة,https://www.youtube.com/watch?v=WC7H6-U7T34,aj_kabrit,,,,
الدحيح - فيلم العيد,https://www.youtube.com/watch?v=ueh4P1CF1VY,aj_kabrit,,,,
السليط الإخباري - امشِ يا سيسي | الحلقة (26) الموسم السابع,https://www.youtube.com/watch?v=hMMK8tFup98,aj_kabrit,,,,
وشوله - شباب الببجي,https://www.youtube.com/watch?v=Xb04sLXZHoM,aj_kabrit,,,,
الدحيح - حلقة مدفوعة الأجر,https://www.youtube.com/watch?v=fnp4qbQRO8Q,aj_kabrit,,,,
الدحيح - زوبعة فنجان,https://www.youtube.com/watch?v=_9NiZWRrM7Y,aj_kabrit,,,,
السليط الإخباري - مسلم إرهابي | الحلقة (25) الموسم السابع,https://www.youtube.com/watch?v=bLm1Xq1zOQQ,aj_kabrit,,,,
وشوله - فاشينيستا,https://www.youtube.com/watch?v=bvjc6JS5fUg,aj_kabrit,,,,
الدحيح - الأشعة الكونية,https://www.youtube.com/watch?v=W5xtfJ9NF2E,aj_kabrit,,,,
الدحيح - الرعب النووي,https://www.youtube.com/watch?v=fPYCDLymh4Q,aj_kabrit,,,,
السليط الإخباري - مشروع لاجئ | الحلقة (24) الموسم السابع,https://www.youtube.com/watch?v=Nk4Rt-GS3rc,aj_kabrit,,,,
وشوله - مثنى وثلاث ورباع,https://www.youtube.com/watch?v=gtYgFluXdSs,aj_kabrit,,,,
الدحيح - الهاتف الذكي,https://www.youtube.com/watch?v=P6Dqi2DZHYU,aj_kabrit,,,,
الدحيح - اختبار الذكاء,https://www.youtube.com/watch?v=bkqGAcAmyJc,aj_kabrit,,,,
السليط الإخباري - الأزمة الخليجية 2 | الحلقة (23) الموسم السابع,https://www.youtube.com/watch?v=7IZeTBvyxpQ,aj_kabrit,,,,
وشوله - نفر واحد,https://www.youtube.com/watch?v=K5Xp-bE0y3Y,aj_kabrit,,,,
الدحيح - الرجل الأبيض شايل سيفه,https://www.youtube.com/watch?v=mP6Psd6YcQI,aj_kabrit,,,,
الدحيح - اليابان الرِّوش,https://www.youtube.com/watch?v=UuwA_avpd8o,aj_kabrit,,,,
السليط الإخباري - مكافح الرذيلة | الحلقة (22) الموسم السابع,https://www.youtube.com/watch?v=lEIIYxCplF0,aj_kabrit,,,,
الدحيح - هو وهي ودوائر الهوية,https://www.youtube.com/watch?v=PyJzz0zncU4,aj_kabrit,,,,
الدحيح - الذكاء الغبي,https://www.youtube.com/watch?v=aqKHbCwhA9Y,aj_kabrit,,,,
السليط الإخباري - جلسات وناسة | الحلقة (21) الموسم السابع,https://www.youtube.com/watch?v=DQjIdnzqauc,aj_kabrit,,,,
الدحيح - الطاقة المظلمة,https://www.youtube.com/watch?v=exX2Bi1EYJ4,aj_kabrit,,,,
الدحيح - كله بالبركة,https://www.youtube.com/watch?v=2d_5xO9ZSPY,aj_kabrit,,,,
السليط الإخباري - صوت البلح | الحلقة (20) الموسم السابع,https://www.youtube.com/watch?v=bmA3EjT56ww,aj_kabrit,,,,
الدحيح - القرصنة,https://www.youtube.com/watch?v=F3kut9M4ick,aj_kabrit,,,,
الدحيح - خيار وتفاح,https://www.youtube.com/watch?v=4q7SFKBXVro,aj_kabrit,,,,
السليط الإخباري - الرئيس المنتخب | الحلقة (19) الموسم السابع,https://www.youtube.com/watch?v=LrhxzUydJSU,aj_kabrit,,,,
الدحيح - حرب كرة القدم,https://www.youtube.com/watch?v=8TIygq4QHh4,aj_kabrit,,,,
"الدحيح - ""كوبي رايت""",https://www.youtube.com/watch?v=CylgmoixaP0,aj_kabrit,,,,
السليط الإخباري - مسلسلات رمضان | الحلقة (18) الموسم السابع,https://www.youtube.com/watch?v=IsSKrlDXTIo,aj_kabrit,,,,
الدحيح - لا ناموس بعد اليوم,https://www.youtube.com/watch?v=YZo8TjZGrsE,aj_kabrit,,,,
مسلسل هم - الحلقة السادسة - البداية,https://www.youtube.com/watch?v=vyCpKBPtBa0,aj_kabrit,,,,
الدحيح - فيلم ثقافي,https://www.youtube.com/watch?v=0l7MMsJ4i4I,aj_kabrit,,,,
الدحيح - مدمن نجاحات,https://www.youtube.com/watch?v=YdvywuZVrfs,aj_kabrit,,,,
مسلسل هم - الحلقة الخامسة - فيلم وثائقي,https://www.youtube.com/watch?v=ftVRgU5Zgng,aj_kabrit,,,,
الدحيح - يا محاسن الصدف,https://www.youtube.com/watch?v=4SdJnp88M-I,aj_kabrit,,,,
الدحيح - الحاسة السادسة,https://www.youtube.com/watch?v=Gb_p1I_CxXA,aj_kabrit,,,,
مسلسل هُم | الحلقة الرابعة - الطريق,https://www.youtube.com/watch?v=ea7kjFKCWe8,aj_kabrit,,,,
الدحيح - المادة المظلمة,https://www.youtube.com/watch?v=08r7d-WjHks,aj_kabrit,,,,
الدحيح - ميسي المتخاذل,https://www.youtube.com/watch?v=kE8Sc_sqauE,aj_kabrit,,,,
مسلسل هُم | الحلقة الثالثة - حبل سري,https://www.youtube.com/watch?v=zyYq6ZSoSW8,aj_kabrit,,,,
الدحيح - عائلة الحاج متولي مرزوق,https://www.youtube.com/watch?v=_F0pNv41qMk,aj_kabrit,,,,
الدحيح - طيران الأستاذ ممتاز,https://www.youtube.com/watch?v=vmmGJTdmgts,aj_kabrit,,,,
مسلسل هُم | الحلقة الثانية - تجديد,https://www.youtube.com/watch?v=Ci-mQSDlXfM,aj_kabrit,,,,
الدحيح - تسلا وسبيس إكس,https://www.youtube.com/watch?v=OOu55yn6JQQ,aj_kabrit,,,,
الدحيح - بدايات إيلون ماسك,https://www.youtube.com/watch?v=li-aMKu4rDc,aj_kabrit,,,,
مسلسل هُم | الحلقة الأولى - محبس,https://www.youtube.com/watch?v=2Dou9baf0Lg,aj_kabrit,,,,
الدحيح - إحياء الموتى,https://www.youtube.com/watch?v=YkgG7b_n9oU,aj_kabrit,,,,
السليط الإخباري - وراء الكواليس | الحلقة (17) الموسم السابع,https://www.youtube.com/watch?v=4eORlaOdUpQ,aj_kabrit,,,,
الدحيح - إبراهيم وحسام,https://www.youtube.com/watch?v=nmZcGPIrojI,aj_kabrit,,,,
إعلان مسلسل هُم | رمضان 2019,https://www.youtube.com/watch?v=n3U2umag3Ro,aj_kabrit,,,,
الدحيح - جيناتي عزة,https://www.youtube.com/watch?v=QeXT7SOTaAM,aj_kabrit,,,,
السليط الإخباري - الرقص مع الرئيس | الحلقة (16) الموسم السابع,https://www.youtube.com/watch?v=Oll4qerT69g,aj_kabrit,,,,
الدحيح - موت قزح,https://www.youtube.com/watch?v=PsjQKnSbmqg,aj_kabrit,,,,
الدحيح - بريكست,https://www.youtube.com/watch?v=mJVwgFKvADQ,aj_kabrit,,,,
السليط الإخباري - الزول الإخباري | الحلقة (15) الموسم السابع,https://www.youtube.com/watch?v=1YbSieKXvgs,aj_kabrit,,,,
الدحيح - أخطر فركشة في التاريخ,https://www.youtube.com/watch?v=uhAg97NqLuI,aj_kabrit,,,,
الدحيح - في بيتنا أسد,https://www.youtube.com/watch?v=RmXitCZ7eho,aj_kabrit,,,,
السليط الإخباري - السيناريو المصري | الحلقة (14) الموسم السابع,https://www.youtube.com/watch?v=QMFn3LAwoDE,aj_kabrit,,,,
الدحيح - هو الكون إيه؟,https://www.youtube.com/watch?v=16qSo2DuHDI,aj_kabrit,,,,
الدحيح - محاكمة الطب الجنائي,https://www.youtube.com/watch?v=2K_gWxST1Vg,aj_kabrit,,,,
السليط الإخباري - آه يا جولان | الحلقة (13) الموسم السابع,https://www.youtube.com/watch?v=gUaapsE7PyQ,aj_kabrit,,,,
الدحيح - عليك واحد,https://www.youtube.com/watch?v=j-NIePo6XF4,aj_kabrit,,,,
الدحيح - ليه بنموت؟,https://www.youtube.com/watch?v=UIz-y4COX_I,aj_kabrit,,,,
السليط الإخباري - جرح تاني | الحلقة (12) الموسم السابع,https://www.youtube.com/watch?v=c-Fof9VPD8Q,aj_kabrit,,,,
الدحيح - أرقام كاذبة,https://www.youtube.com/watch?v=QERwdX4kt3E,aj_kabrit,,,,
الدحيح - هشاشة السلامة,https://www.youtube.com/watch?v=BdZo4ixQKO4,aj_kabrit,,,,
السليط الإخباري - مرحباً أخي | الحلقة (11) الموسم السابع,https://www.youtube.com/watch?v=2VN-r_LsqRQ,aj_kabrit,,,,
الدحيح - الزم حدودك,https://www.youtube.com/watch?v=_38iAr7mDso,aj_kabrit,,,,
الدحيح - الطب النفسي,https://www.youtube.com/watch?v=ftbgcarkxS0,aj_kabrit,,,,
السليط الإخباري - بليز.. لا | الحلقة (10) الموسم السابع,https://www.youtube.com/watch?v=Ka25XVum8C8,aj_kabrit,,,,
الدحيح - الباندا,https://www.youtube.com/watch?v=xwdn-GEa268,aj_kabrit,,,,
الدحيح - العلاج المناعي,https://www.youtube.com/watch?v=6VZC_eCwys8,aj_kabrit,,,,
السليط الإخباري - أنا عايش ومش عايش | الحلقة (9) الموسم السابع,https://www.youtube.com/watch?v=UvyXzGzboWM,aj_kabrit,,,,
الدحيح - الانقراض,https://www.youtube.com/watch?v=4XVxKeRj3EM,aj_kabrit,,,,
الدحيح - قصة القصة,https://www.youtube.com/watch?v=hHiCfg6csNA,aj_kabrit,,,,
السليط الإخباري - الإعدام المصري | الحلقة (8) الموسم السابع,https://www.youtube.com/watch?v=z1mltVoJtUc,aj_kabrit,,,,
الدحيح - شنب وفستان,https://www.youtube.com/watch?v=yQ2b6srpnPI,aj_kabrit,,,,
الدحيح - البيولوجيا الكمية,https://www.youtube.com/watch?v=9n-Ne3in2rg,aj_kabrit,,,,
السليط الإخباري - رسول الحب | الحلقة (7) الموسم السابع,https://www.youtube.com/watch?v=b0EH79IERyo,aj_kabrit,,,,
الدحيح - روسيا,https://www.youtube.com/watch?v=NbxoNMmifR4,aj_kabrit,,,,
الدحيح - فضيلة الأنانية,https://www.youtube.com/watch?v=IXn-AR8GLfk,aj_kabrit,,,,
السليط الإخباري - رموز السلام | الحلقة (6) الموسم السابع,https://www.youtube.com/watch?v=77KrI5_Wxa8,aj_kabrit,,,,
الدحيح - هل الحيوانات تحلم؟,https://www.youtube.com/watch?v=T7kFMRhz0Tw,aj_kabrit,,,,
aldaheh-Facebook experiences,https://www.youtube.com/watch?v=H37yuTXXwo8,aj_kabrit,,,,
السليط الإخباري - عند ماما | الحلقة (5) الموسم السابع,https://www.youtube.com/watch?v=sW1rZrvTCc8,aj_kabrit,,,,
الدحيح - على جنب يا اسطى,https://www.youtube.com/watch?v=cm3fDQ4YFDw,aj_kabrit,,,,
الدحيح - الحرب العالمية الثانية,https://www.youtube.com/watch?v=dEiS_WpFuc0,aj_kabrit,,,,
السليط الإخباري - الله أكبر | الحلقة (4) الموسم السابع,https://www.youtube.com/watch?v=fmRgTiSpVz4,aj_kabrit,,,,
الدحيح - هتلر 2,https://www.youtube.com/watch?v=GnpwWk_75vc,aj_kabrit,,,,
الدحيح - حيوانات حساسة,https://www.youtube.com/watch?v=F6MvE6LobFM,aj_kabrit,,,,
السليط الإخباري - تحدي الـ 10 بلحات | الحلقة (3) الموسم السابع,https://www.youtube.com/watch?v=CO3gpGVs9is,aj_kabrit,,,,
الدحيح - الظاهرة كريم بنزيمة,https://www.youtube.com/watch?v=wR9-qhoRfwE,aj_kabrit,,,,
الدحيح - حساسية المياه,https://www.youtube.com/watch?v=5dQb3-c_bPo,aj_kabrit,,,,
السليط الإخباري - أبناء الشاورما | الحلقة (2) الموسم السابع,https://www.youtube.com/watch?v=ZuJjs39NKJY,aj_kabrit,,,,
الدحيح - النرجسية,https://www.youtube.com/watch?v=iLyKbfr89Mc,aj_kabrit,,,,
الدحيح - الصدفة,https://www.youtube.com/watch?v=5IfivfvpgWw,aj_kabrit,,,,
السليط الإخباري - عرق البلح | الحلقة (1) الموسم السابع,https://www.youtube.com/watch?v=yISW0L8xkX0,aj_kabrit,,,,
الدحيح - الكائن الطباخ,https://www.youtube.com/watch?v=WWxMV2rR5fE,aj_kabrit,,,,
الدحيح - نظارات شمس,https://www.youtube.com/watch?v=0wmALpeGjnM,aj_kabrit,,,,
السليط الإخباري - سألوني الناس 3 | الموسم السادس,https://www.youtube.com/watch?v=P2nAOmwcal0,aj_kabrit,,,,
الدحيح - سوبر هيروز,https://www.youtube.com/watch?v=_IsVy72DE58,aj_kabrit,,,,
الدحيح - خرافة التقدم والتأخر,https://www.youtube.com/watch?v=c4rEhRpsbYk,aj_kabrit,,,,
السليط الإخباري - فيديوهات الأسبوع | الموسم السادس,https://www.youtube.com/watch?v=AM_VmaGzm4k,aj_kabrit,,,,
الدحيح - حتموت من الضحك,https://www.youtube.com/watch?v=qFIO6jXHdyU,aj_kabrit,,,,
الدحيح - تجربة ماري,https://www.youtube.com/watch?v=9lewKY1q79k,aj_kabrit,,,,
السليط الإخباري - خليط سليط 3 |  الحلقة (26) الموسم السادس,https://www.youtube.com/watch?v=qBC1bxdT9NU,aj_kabrit,,,,
الدحيح - الحب على النت,https://www.youtube.com/watch?v=ltUQ3zTv2k8,aj_kabrit,,,,
الدحيح - أذكى جيناتك,https://www.youtube.com/watch?v=rkk4jlJlGwM,aj_kabrit,,,,
السليط الإخباري - خالتي فرنسا | الحلقة (25) الموسم السادس,https://www.youtube.com/watch?v=WM22qLMzOi8,aj_kabrit,,,,
الدحيح - شغلانات مالهاش لازمة,https://www.youtube.com/watch?v=DtNWs9N16c8,aj_kabrit,,,,
الدحيح - التعويذة الخوارزمية,https://www.youtube.com/watch?v=ZFjfK8piBbQ,aj_kabrit,,,,
السليط الإخباري - عودة باب الحارة | الحلقة (24) الموسم السادس,https://www.youtube.com/watch?v=H_vw2LfY6_s,aj_kabrit,,,,
الدحيح - إنجاب الأحباب,https://www.youtube.com/watch?v=iyCn7gpeqEI,aj_kabrit,,,,
الدحيح - نقتل نص الكوكب,https://www.youtube.com/watch?v=mo-VkD60ZsA,aj_kabrit,,,,
السليط الإخباري - تعال يا ابن الحلال | الحلقة (23) الموسم السادس,https://www.youtube.com/watch?v=y67pHQyYh9Q,aj_kabrit,,,,
الدحيح - تيكي تاكا,https://www.youtube.com/watch?v=YbT9vjp8OYk,aj_kabrit,,,,
الدحيح - كيف بدأ الكلب؟,https://www.youtube.com/watch?v=52wamXVvJW4,aj_kabrit,,,,
السليط الإخباري - ببجي ستان | الحلقة (22) الموسم السادس,https://www.youtube.com/watch?v=hAZcF5C91Nw,aj_kabrit,,,,
الدحيح - آه لو لعبت يا زهر,https://www.youtube.com/watch?v=CCu3Nqn0pRc,aj_kabrit,,,,
الدحيح - التنمية الاقتصادية,https://www.youtube.com/watch?v=uHVyKKHXLZQ,aj_kabrit,,,,
السليط الإخباري - استقلال فلسطين | الحلقة (21) الموسم السادس,https://www.youtube.com/watch?v=1PXO8kgXMrE,aj_kabrit,,,,
الدحيح - تجارة الأفكار,https://www.youtube.com/watch?v=4iBGr1G34OI,aj_kabrit,,,,
الدحيح - جماعة الإخوان الفيثاغورثيين,https://www.youtube.com/watch?v=vpc7v3fDiTk,aj_kabrit,,,,
السليط الإخباري - كان يا ما كان | الحلقة (20) الموسم السادس,https://www.youtube.com/watch?v=Uh7_tQoqaaw,aj_kabrit,,,,
الدحيح - أغنية بص بصة على المصادر,https://www.youtube.com/watch?v=0jMBuO09h58,aj_kabrit,,,,
الدحيح - يا سلام يا سلام يا سلام يا سلام,https://www.youtube.com/watch?v=DnERaC0ySEY,aj_kabrit,,,,
السليط الإخباري - لا للتطبيع | الحلقة (19) الموسم السادس,https://www.youtube.com/watch?v=eyMLwLhJaB0,aj_kabrit,,,,
الدحيح - في مدح الكسل,https://www.youtube.com/watch?v=aKFxh-IeJog,aj_kabrit,,,,
السليط الإخباري - خمسة وخميسة | الحلقة (18) الموسم السادس,https://www.youtube.com/watch?v=E0pYoOedTGQ,aj_kabrit,,,,
الدحيح - معضلة المساجين,https://www.youtube.com/watch?v=oZxJNBfHAr8,aj_kabrit,,,,
السليط الإخباري - سوسو الوحش | الحلقة (17) الموسم السادس,https://www.youtube.com/watch?v=Z_RE6i7OkYg,aj_kabrit,,,,
الدحيح - أين ذهب الكرش؟,https://www.youtube.com/watch?v=SdEe4t_HH7w,aj_kabrit,,,,
السليط الإخباري - أقوال مأثورة | الحلقة (16) الموسم السادس,https://www.youtube.com/watch?v=vMAC2j-QTV8,aj_kabrit,,,,
الدحيح - ستارت أب,https://www.youtube.com/watch?v=xs5eG7C4WKk,aj_kabrit,,,,
السليط الإخباري - صراع الكروش | الحلقة (15) الموسم السادس,https://www.youtube.com/watch?v=goGyq6PDads,aj_kabrit,,,,
الإسبتالية - تعريف الموت,https://www.youtube.com/watch?v=sxxJTeFrgFk,aj_kabrit,,,,
الدحيح - المارشملو,https://www.youtube.com/watch?v=4fPI6hUgeJo,aj_kabrit,,,,
السليط الإخباري - أسرار علنية | الحلقة (14) الموسم السادس,https://www.youtube.com/watch?v=1hq0zIBEpkQ,aj_kabrit,,,,
الإسبتالية  - الإدمان السلوكي,https://www.youtube.com/watch?v=nl67M-fS8gI,aj_kabrit,,,,
الدحيح - الكون,https://www.youtube.com/watch?v=yED_4fUd8Ig,aj_kabrit,,,,
السليط الإخباري - أعطونا الطفولة | الحلقة (13) الموسم السادس,https://www.youtube.com/watch?v=JeZQoTbo8MY,aj_kabrit,,,,
الإسبتالية - التجارب على البشر,https://www.youtube.com/watch?v=xch0JSHHIVw,aj_kabrit,,,,
الدحيح - البطالة,https://www.youtube.com/watch?v=m9c-keUEViA,aj_kabrit,,,,
السليط الإخباري - هلا بالخبيث | الحلقة (12) الموسم السادس,https://www.youtube.com/watch?v=n_ybvSGyKGk,aj_kabrit,,,,
الإسبتالية - الألم الاجتماعي,https://www.youtube.com/watch?v=UwUTbknU7rA,aj_kabrit,,,,
الدحيح - الذاكرة الكاذبة,https://www.youtube.com/watch?v=fHCWNPc027Q,aj_kabrit,,,,
السليط الإخباري - أنت معلم | الحلقة (11) الموسم السادس,https://www.youtube.com/watch?v=A6w0Sm3GZ1U,aj_kabrit,,,,
الإسبتالية - الساعة البيولوجية,https://www.youtube.com/watch?v=HrTrnXQ7zCY,aj_kabrit,,,,
الدحيح - ناس نتنة,https://www.youtube.com/watch?v=WtUc0vnPFiM,aj_kabrit,,,,
"السليط الإخباري - فضيحة ""كوثر"" | الحلقة (10) الموسم السادس",https://www.youtube.com/watch?v=qswmOXyDf0I,aj_kabrit,,,,
الإسبتالية - الأفيون,https://www.youtube.com/watch?v=Ezqrdb631eo,aj_kabrit,,,,
الدحيح - لعنة البترول,https://www.youtube.com/watch?v=-h0jB1n2OJo,aj_kabrit,,,,
السليط الإخباري - حلقة العيد | الحلقة (9) الموسم السادس,https://www.youtube.com/watch?v=T7uJDh-4lYY,aj_kabrit,,,,
الإسبتالية - أنت مُلك من؟,https://www.youtube.com/watch?v=Ns5JSm8gtRE,aj_kabrit,,,,
الدحيح - مفارقة الإنستغرام,https://www.youtube.com/watch?v=Y6UB2N6T9tk,aj_kabrit,,,,
السليط الإخباري - أعطني الليرة وغنِّ | الحلقة (8) الموسم السادس,https://www.youtube.com/watch?v=2njJqGQeMKQ,aj_kabrit,,,,
الإسبتالية - الرجوع بالزمن 2,https://www.youtube.com/watch?v=8wGmKBKCB14,aj_kabrit,,,,
الدحيح - هتلر,https://www.youtube.com/watch?v=14IzHF1zi28,aj_kabrit,,,,
السليط الإخباري - آلهة العرب | الحلقة (7) الموسم السادس,https://www.youtube.com/watch?v=OXQ8JEIBkA0,aj_kabrit,,,,
الإسبتالية - الرجوع بالزمن 1,https://www.youtube.com/watch?v=BhsaLQmCV3Y,aj_kabrit,,,,
الدحيح - الحروب,https://www.youtube.com/watch?v=oPUkpcmAc-w,aj_kabrit,,,,
السليط الإخباري - أحاسيسي | الحلقة (6) الموسم السادس,https://www.youtube.com/watch?v=PihDL15jbgw,aj_kabrit,,,,
الإسبتالية - تأكل نفسك,https://www.youtube.com/watch?v=ubv8Th7BzPo,aj_kabrit,,,,
الدحيح -  النووي والبكيني,https://www.youtube.com/watch?v=2DGJNwUy_EM,aj_kabrit,,,,
السليط الإخباري - لعنة نفركيكي | الحلقة (5) الموسم السادس,https://www.youtube.com/watch?v=npuYSgEXOEA,aj_kabrit,,,,
الإسبتالية - أنت لست خارقاً,https://www.youtube.com/watch?v=4uBrLjL4zL4,aj_kabrit,,,,
الدحيح - أخلاق الأطفال,https://www.youtube.com/watch?v=XF3BSYxA5eg,aj_kabrit,,,,
السليط الإخباري - فحص الوطنية | الحلقة (4) الموسم السادس,https://www.youtube.com/watch?v=BjFeOMIFsAU,aj_kabrit,,,,
الإسبتالية - الولادة,https://www.youtube.com/watch?v=bPhoHSSirs0,aj_kabrit,,,,
الدحيح - لعبة الديكتاتور,https://www.youtube.com/watch?v=wDXXVBJq2ow,aj_kabrit,,,,
السليط الإخباري - فن اللامبالاة | الحلقة (3) الموسم السادس,https://www.youtube.com/watch?v=zmpG5wNkBJw,aj_kabrit,,,,
الإسبتالية - الملل,https://www.youtube.com/watch?v=XUpaNV7Jbtk,aj_kabrit,,,,
الدحيح - سيارات ذاتية القيادة,https://www.youtube.com/watch?v=ol8SkzSZIvM,aj_kabrit,,,,
السليط الإخباري - صفعة القرن | الحلقة (2) الموسم السادس,https://www.youtube.com/watch?v=5QAEIkSRqwU,aj_kabrit,,,,
الإسبتالية - انقراض كروموزوم Y,https://www.youtube.com/watch?v=spC5veQ41PY,aj_kabrit,,,,
الدحيح - معضلة القطار,https://www.youtube.com/watch?v=nehA5-iM8-c,aj_kabrit,,,,
السليط الإخباري - الكأس لنا | الحلقة (1) الموسم السادس,https://www.youtube.com/watch?v=h9DkX0VafSk,aj_kabrit,,,,
الإسبتالية - التكاثر العذري,https://www.youtube.com/watch?v=P_ywlwGUVs8,aj_kabrit,,,,
الدحيح - أبو نيمار,https://www.youtube.com/watch?v=QCg6YH9bHg0,aj_kabrit,,,,
الإسبتالية - وهم التفوق,https://www.youtube.com/watch?v=wl347o9TrkI,aj_kabrit,,,,
الدحيح - ميسي والكلب,https://www.youtube.com/watch?v=zvf37X92QSQ,aj_kabrit,,,,
الإسبتالية - العنف,https://www.youtube.com/watch?v=i0mU4sIsLfc,aj_kabrit,,,,
الدحيح - معضلة الحمار,https://www.youtube.com/watch?v=Tdomyk_nMWI,aj_kabrit,,,,
الإسبتالية - عملية نقل الفضلات,https://www.youtube.com/watch?v=IH0BUPD563c,aj_kabrit,,,,
الدحيح - أخلاق الروبوتات,https://www.youtube.com/watch?v=Q8WSUbyLAyM,aj_kabrit,,,,
الإسبتالية - اللغة,https://www.youtube.com/watch?v=fUJ3kV1jQkA,aj_kabrit,,,,
الدحيح - صوتي لروبوتي,https://www.youtube.com/watch?v=1SZZpfqW81U,aj_kabrit,,,,
الإسبتالية - الحقيقة,https://www.youtube.com/watch?v=0lKHNp4lbo8,aj_kabrit,,,,
الدحيح - احتواء الذكاء,https://www.youtube.com/watch?v=FNmwsHlfZRE,aj_kabrit,,,,
الإسبتالية - القطط,https://www.youtube.com/watch?v=vDsEZvj9yE8,aj_kabrit,,,,
الدحيح - التكديس القهري,https://www.youtube.com/watch?v=qeXPYFM4FI0,aj_kabrit,,,,
السليط الإخباري - خليط سليط 2 | الموسم الخامس,https://www.youtube.com/watch?v=B7PURdwfFlQ,aj_kabrit,,,,
الإسبتالية - الأم,https://www.youtube.com/watch?v=bz3ZCFZrXzE,aj_kabrit,,,,
الدحيح - بموت من الجوع,https://www.youtube.com/watch?v=k9zkzTvTSIg,aj_kabrit,,,,
السليط الإخباري - سألوني الناس 2 | الموسم الخامس,https://www.youtube.com/watch?v=E8hqk01TDd8,aj_kabrit,,,,
الإسبتالية - هستيريا السيدات,https://www.youtube.com/watch?v=y9aNigaNzuE,aj_kabrit,,,,
الدحيح - لو الشر مرض؟,https://www.youtube.com/watch?v=jbDWe55zpzw,aj_kabrit,,,,
السليط الإخباري - كرة العدم | الحلقة (16) الموسم الخامس,https://www.youtube.com/watch?v=53kkwaob8O0,aj_kabrit,,,,
الإسبتالية - الحرب بالمرض,https://www.youtube.com/watch?v=fISW_qBx3Gw,aj_kabrit,,,,
الدحيح - السفَّاح,https://www.youtube.com/watch?v=vCyWNUzf8Ks,aj_kabrit,,,,
السليط الإخباري - أنا مش أنا | الحلقة (15) الموسم الخامس,https://www.youtube.com/watch?v=fnpUbpnyMAk,aj_kabrit,,,,
الإسبتالية - الجهل بالمرض,https://www.youtube.com/watch?v=hgzph8OkoaA,aj_kabrit,,,,
الدحيح - مخيَّر أم مخيَّر؟,https://www.youtube.com/watch?v=eosw1CBlN-c,aj_kabrit,,,,
السليط الإخباري - بلاد الله | الحلقة (14) الموسم الخامس,https://www.youtube.com/watch?v=NyJHCBnaFOw,aj_kabrit,,,,
الإسبتالية - ذاكرة حديدية,https://www.youtube.com/watch?v=vBeHaK9BlSE,aj_kabrit,,,,
الدحيح - السيطرة على المخ,https://www.youtube.com/watch?v=NEXVNKHKg_s,aj_kabrit,,,,
السليط الإخباري - بلح مبارك | الحلقة (13) الموسم الخامس,https://www.youtube.com/watch?v=4qrJuU04osY,aj_kabrit,,,,
الدحيح - قراءة الأفكار,https://www.youtube.com/watch?v=_CQ-6EEaVTY,aj_kabrit,,,,
السليط الإخباري - يا صاروخي | الحلقة (12) الموسم الخامس,https://www.youtube.com/watch?v=4xiV_-sVmcM,aj_kabrit,,,,
الدحيح - الإنتروبي,https://www.youtube.com/watch?v=SkwUz8U-t4U,aj_kabrit,,,,
السليط الإخباري - يا أنا يا أنتم | الحلقة (11) الموسم الخامس,https://www.youtube.com/watch?v=PO3YBEJUWGk,aj_kabrit,,,,
الدحيح - الوسطي الجميل,https://www.youtube.com/watch?v=7PTEuJwH-vk,aj_kabrit,,,,
السليط الإخباري - خفافيش الظلام | الحلقة (10) الموسم الخامس,https://www.youtube.com/watch?v=uT0RZLC1JzI,aj_kabrit,,,,
الدحيح - فين الفضائيين؟,https://www.youtube.com/watch?v=Ubz-zr312xU,aj_kabrit,,,,
السليط الإخباري - ما خفي أعظم | الحلقة (9) الموسم الخامس,https://www.youtube.com/watch?v=KP-G5FWTB78,aj_kabrit,,,,
الدحيح - شاورما الديناصور,https://www.youtube.com/watch?v=_hTKa6e2jec,aj_kabrit,,,,
السليط الإخباري - مسرحية الغوطة | الحلقة (8) الموسم الخامس,https://www.youtube.com/watch?v=S-7lPWiXs04,aj_kabrit,,,,
سفرطاس - من سَفرطَس سفرطاساً لأخيه وقع فيه: عبد الرحمن من مصر ينتقم من أخته إسراء,https://www.youtube.com/watch?v=rRIecNuNLQM,aj_kabrit,,,,
الدحيح - ليلة سقوط الواقع,https://www.youtube.com/watch?v=tyJ-_cD9l5c,aj_kabrit,,,,
السليط الإخباري - العب يا سمك | الحلقة (7) الموسم الخامس,https://www.youtube.com/watch?v=m28762sla5E,aj_kabrit,,,,
سفرطاس - في السفرطاس كائن يطير وطبق عراقي خطير,https://www.youtube.com/watch?v=YYUlbsxq1kw,aj_kabrit,,,,
الدحيح - البطاقة الشريرة,https://www.youtube.com/watch?v=cEC8slwGkz0,aj_kabrit,,,,
السليط الإخباري - العشق الممنوع | الحلقة (6) الموسم الخامس,https://www.youtube.com/watch?v=4waQUg2iVwo,aj_kabrit,,,,
"سفرطاس - معاذ عاش عمراً لا يميز بين اللحمة والدجاج ومحمد يلتهم سفرطاس بامية ""مولع نار""",https://www.youtube.com/watch?v=VAhekHRbAtU,aj_kabrit,,,,
الدحيح - أنا والكراش وهواك,https://www.youtube.com/watch?v=MjB7lQn8uz8,aj_kabrit,,,,
السليط الإخباري - أطفال الديجيتال | الحلقة (5) الموسم الخامس,https://www.youtube.com/watch?v=TnlqTcX7P58,aj_kabrit,,,,
سفرطاس -  هبة وريم أشعلتا سيارة فماذا ستشعلا في سفرطاس؟,https://www.youtube.com/watch?v=zYHaMtJKhe4,aj_kabrit,,,,
الدحيح - إله الدولة الملحدة,https://www.youtube.com/watch?v=7fP3r2e_8CM,aj_kabrit,,,,
السليط الإخباري - أبناء القطة | الحلقة (4) الموسم الخامس,https://www.youtube.com/watch?v=gxeaqYPXSJo,aj_kabrit,,,,
سفرطاس - سيلفيا من الأردن تنصب فخاً سفرطاسياً لصديقتها ياسمينة من المغرب,https://www.youtube.com/watch?v=Sb0I60RYFUE,aj_kabrit,,,,
الدحيح - الدواء والغلاء,https://www.youtube.com/watch?v=FKEF5dXaCA8,aj_kabrit,,,,
السليط الإخباري - تجسس واختراق | الحلقة (3) الموسم الخامس,https://www.youtube.com/watch?v=8YVNq21nl1A,aj_kabrit,,,,
سفرطاس - لا تورط نفسك بالغناء بالسودانية أمام زينب من السودان وركز بالسفرطاس,https://www.youtube.com/watch?v=pF7LxpPKpUE,aj_kabrit,,,,
الدحيح - وش,https://www.youtube.com/watch?v=-pcBIQjKYO8,aj_kabrit,,,,
السليط الإخباري - أفلام ثقافية | الحلقة (2) الموسم الخامس,https://www.youtube.com/watch?v=15rz8uDQLZI,aj_kabrit,,,,
سفرطاس - لا تمنعوا طفلاً من طعامه المفضل وإلا دسّه لكم في #سفرطاس!,https://www.youtube.com/watch?v=D0-gMsztipY,aj_kabrit,,,,
الدحيح - الكرش صانع التاريخ,https://www.youtube.com/watch?v=UxrhhUIOKZg,aj_kabrit,,,,
السليط الإخباري -  الزر الأكبر | الحلقة (1) الموسم الخامس,https://www.youtube.com/watch?v=txdi1_4Qk88,aj_kabrit,,,,
"سفرطاس - من""سَفَرْطَسَت"" شقيقتها بصيادية سمك وقعت في شرِّ أعمالها!",https://www.youtube.com/watch?v=tUnQvniB6J0,aj_kabrit,,,,
الدحيح - هندسة المصلحة,https://www.youtube.com/watch?v=D7opPETvi_E,aj_kabrit,,,,
السليط الإخباري - سألوني الناس | الموسم الرابع,https://www.youtube.com/watch?v=DL0CoJeGAgE,aj_kabrit,,,,
سفرطاس - الحلقة التي انتظرتها زوجات العالم: مقلوبة الكنة أم مقلوبة الحماة؟,https://www.youtube.com/watch?v=nPojA-lYueY,aj_kabrit,,,,
الدحيح - زمام الأحلام,https://www.youtube.com/watch?v=uDbVS-OM3G4,aj_kabrit,,,,
السليط الإخباري - من خلف السليط؟ | الموسم الرابع,https://www.youtube.com/watch?v=e_eyb0v6XoY,aj_kabrit,,,,
سفرطاس - الحلوى والمفاجآت!,https://www.youtube.com/watch?v=FBnc_GUCbdc,aj_kabrit,,,,
الدحيح - الاستغلال حلال؟,https://www.youtube.com/watch?v=NjfnhHMmQ-M,aj_kabrit,,,,
السليط الإخباري - خليط سليط | الموسم الرابع,https://www.youtube.com/watch?v=L5B42DckajU,aj_kabrit,,,,
"سفرطاس - دانا وعكليك ""ناقر ونقير"" وديناصور سفرطاس أحمد شهاب الدين",https://www.youtube.com/watch?v=RHhfvJ1lOMM,aj_kabrit,,,,
الدحيح - ألوان زمان,https://www.youtube.com/watch?v=009zDn1G6yc,aj_kabrit,,,,
السليط الإخباري -  الحلقة الأخيرة | الحلقة (21) الموسم الرابع,https://www.youtube.com/watch?v=ghcQqda1xeo,aj_kabrit,,,,
الدحيح - البيت كويْن,https://www.youtube.com/watch?v=4UW_YbA05Kk,aj_kabrit,,,,
معنى وزيادة - لهجات,https://www.youtube.com/watch?v=v6x-JQm-OEY,aj_kabrit,,,,
السليط الإخباري -  القدس لنا | الحلقة (20) الموسم الرابع,https://www.youtube.com/watch?v=O2pubml1FBI,aj_kabrit,,,,
سفرطاس يُخطأ بحق الشعب اليمني فهل يتحمل العاقبة؟!,https://www.youtube.com/watch?v=llF3yltzU0k,aj_kabrit,,,,
الدحيح - ديون وتورتة,https://www.youtube.com/watch?v=VUdN7puocNY,aj_kabrit,,,,
معنى وزيادة - أمثال عربية,https://www.youtube.com/watch?v=kbiKVaR-i58,aj_kabrit,,,,
السليط الإخباري -  أنا مش كافر | الحلقة (19) الموسم الرابع,https://www.youtube.com/watch?v=gvSf_ENgIio,aj_kabrit,,,,
سفرطاس - أمريكي سوري يتحدى بريطانياً يمنياً والسفرطاس محاصر بينهما,https://www.youtube.com/watch?v=rowm70Hwla0,aj_kabrit,,,,
معنى وزيادة - كيف تُعبر؟,https://www.youtube.com/watch?v=jeYV0Kd4vjU,aj_kabrit,,,,
السليط الإخباري -  أصابع أجنبية | الحلقة (18) الموسم الرابع,https://www.youtube.com/watch?v=9FLoZegGlzA,aj_kabrit,,,,
سفرطاس - حساب عسير بين سفرطاس وأخصائيتي تغذية!,https://www.youtube.com/watch?v=Nv_qw5bJQEk,aj_kabrit,,,,
الدحيح - إفلاس الدول,https://www.youtube.com/watch?v=Sla8OQ_vHi4,aj_kabrit,,,,
معنى وزيادة - أدوات المكتب,https://www.youtube.com/watch?v=yzoYap5heus,aj_kabrit,,,,
السليط الإخباري -  نهاية إيران | الحلقة (17) الموسم الرابع,https://www.youtube.com/watch?v=bGMXMHjz8jQ,aj_kabrit,,,,
سفرطاس - الزعيم يعزز العلاقات العربية اليابانية الأسكتلندية.. اللهم كتر له من بابا غنوجه,https://www.youtube.com/watch?v=pudL1c7Iqtg,aj_kabrit,,,,
الدحيح - صفر,https://www.youtube.com/watch?v=YluRO_QiU3E,aj_kabrit,,,,
معنى وزيادة - كلام بالعربي 2,https://www.youtube.com/watch?v=kPOULVnk_eQ,aj_kabrit,,,,
السليط الإخباري -  هلا بالخميس | الحلقة (16) الموسم الرابع,https://www.youtube.com/watch?v=PISLJ6T1Qfo,aj_kabrit,,,,
سفرطاس - جزائرية تشخشخ سفرطاس نيكولاس خوري فيقلبه رأسا على عقب,https://www.youtube.com/watch?v=GGG0zr7MAZk,aj_kabrit,,,,
الدحيح - الولا حاجة,https://www.youtube.com/watch?v=y33sA9X2qk4,aj_kabrit,,,,
معنى وزيادة - كلام بالعربي,https://www.youtube.com/watch?v=S-QcAJz76hg,aj_kabrit,,,,
السليط الإخباري -  زواج مصلحة | الحلقة (15) الموسم الرابع,https://www.youtube.com/watch?v=hxRUaLcawoQ,aj_kabrit,,,,
سفرطاس - لا تستهينوا بعائشة من موريتانيا فهي تأكل الحوت بالخاشوقة,https://www.youtube.com/watch?v=ZcI9MZrESzA,aj_kabrit,,,,
الدحيح -  المساس بالاحتباس,https://www.youtube.com/watch?v=fRBS9spqijU,aj_kabrit,,,,
معنى وزيادة - لعبة الذاكرة,https://www.youtube.com/watch?v=yUp0LY5efbI,aj_kabrit,,,,
السليط الإخباري - تحرش دولي | الحلقة (14) الموسم الرابع,https://www.youtube.com/watch?v=U21S6r5-lqQ,aj_kabrit,,,,
سفرطاس  - بحريني يكشف أسرار المطبخ الخليجي للبنانية تعشق الأكل,https://www.youtube.com/watch?v=lWItmgFHhiY,aj_kabrit,,,,
الدحيح - المصفوفة,https://www.youtube.com/watch?v=LL8NtfK9TiI,aj_kabrit,,,,
هل أنتم جائعون؟ ماذا تحبون أن تأكلوا؟ كبة مشوية؟ كسكس؟ أم عصيدة؟,https://www.youtube.com/watch?v=H-orCuOu1M4,aj_kabrit,,,,
السليط الإخباري -  ثقافة الجنسية | الحلقة (13) الموسم الرابع,https://www.youtube.com/watch?v=El2rM0ZFv-k,aj_kabrit,,,,
سفرطاس - سورية وليبي يسددان ضربات من تحت السفرطاس,https://www.youtube.com/watch?v=HtRpjrYmP6w,aj_kabrit,,,,
الدحيح - أسماء للبيع,https://www.youtube.com/watch?v=LapWA4ZEzfY,aj_kabrit,,,,
معنى وزيادة | ما وراء اللوح,https://www.youtube.com/watch?v=GHPLPm_bmGU,aj_kabrit,,,,
السليط الإخباري - التطبيل | الحلقة (12) الموسم الرابع,https://www.youtube.com/watch?v=nnJ4ryGaudE,aj_kabrit,,,,
سفرطاس - أردنية  بحزام ناسف أم مصري بودن القطة,https://www.youtube.com/watch?v=G3DfSQdM2b4,aj_kabrit,,,,
الدحيح - متراقبين؟,https://www.youtube.com/watch?v=RqDKA00B7CU,aj_kabrit,,,,
معنى وزيادة | ملابسنا وملابسكم,https://www.youtube.com/watch?v=bBU3I4VPCbs,aj_kabrit,,,,
السليط الإخباري -  قهوة عرب | الحلقة (11) الموسم الرابع,https://www.youtube.com/watch?v=1neWUdKOffI,aj_kabrit,,,,
سفرطاس - آلاء تصمد أمام الهريسة وخليل ينهار أمام الفوارغ,https://www.youtube.com/watch?v=8_GSViJRT2s,aj_kabrit,,,,
الدحيح - ما ذنب النباتات؟,https://www.youtube.com/watch?v=ld9XNekHrLw,aj_kabrit,,,,
معنى وزيادة | جملة مفيدة!,https://www.youtube.com/watch?v=rfPHofyqvaU,aj_kabrit,,,,
السليط الإخباري -  البطريق هو الحل | الحلقة (10) الموسم الرابع,https://www.youtube.com/watch?v=ur_U6xSo00s,aj_kabrit,,,,
الدحيح - الرأي الآخر,https://www.youtube.com/watch?v=EY6f0cdbOWs,aj_kabrit,,,,
الدحيح - المفروض مرفوض,https://www.youtube.com/watch?v=xnOjL_-vOCE,aj_kabrit,,,,
معنى و زيادة - سلطة اللهجات,https://www.youtube.com/watch?v=z6a8X0WyvNA,aj_kabrit,,,,
السليط الإخباري -  الحلقة المعجزة | الحلقة (9) الموسم الرابع,https://www.youtube.com/watch?v=Lofigzsu4zk,aj_kabrit,,,,
الدحيح - صعود اليمين,https://www.youtube.com/watch?v=oVUr7G94Iu0,aj_kabrit,,,,
الدحيح - جراثيم و مسدسات,https://www.youtube.com/watch?v=pINMuoyCmFM,aj_kabrit,,,,
معنى وزيادة - الامتحان,https://www.youtube.com/watch?v=gkBQWLtRjOY,aj_kabrit,,,,
السليط الإخباري -  العصر الحجري | الحلقة (8) الموسم الرابع,https://www.youtube.com/watch?v=L3qKD_Qc7aQ,aj_kabrit,,,,
الدحيح - عنفوان إنسان,https://www.youtube.com/watch?v=61ml6HSa4i4,aj_kabrit,,,,
الدحيح - قاتل الكلمات وسفاح اللغات,https://www.youtube.com/watch?v=mJNtBQLh2vY,aj_kabrit,,,,
معنى وزيادة | الاسم الكريم؟,https://www.youtube.com/watch?v=8MU6YZOduq0,aj_kabrit,,,,
السليط الإخباري -  من الإرهابي؟ | الحلقة (7) الموسم الرابع,https://www.youtube.com/watch?v=u9BzEWT0YLs,aj_kabrit,,,,
الدحيح - الثقب الأسود,https://www.youtube.com/watch?v=E-qATMR-l7g,aj_kabrit,,,,
الدحيح - صناعة الذكاء,https://www.youtube.com/watch?v=ujf9RNuBdCU,aj_kabrit,,,,
معنى وزيادة - مناسبات وأعياد,https://www.youtube.com/watch?v=Yvw4tTKtDOY,aj_kabrit,,,,
السليط الإخباري -  عيد سعيد | الحلقة (6) الموسم الرابع,https://www.youtube.com/watch?v=udCcCERP1BQ,aj_kabrit,,,,
الدحيح - الرجوع إلى الماضي,https://www.youtube.com/watch?v=t2d6XTUj5lA,aj_kabrit,,,,
معنى وزيادة - ركز واسمع,https://www.youtube.com/watch?v=9_S1gD6hCh0,aj_kabrit,,,,
الدحيح - تحت الهدوم,https://www.youtube.com/watch?v=vJJXs0EtmdY,aj_kabrit,,,,
السليط الإخباري -  عودة نفرتيتي | الحلقة (5) الموسم الرابع,https://www.youtube.com/watch?v=959CZ9zK8vM,aj_kabrit,,,,
الدحيح - أبيع نفسي,https://www.youtube.com/watch?v=fywYZgNZASY,aj_kabrit,,,,
الدحيح - سبوع الأسبوع,https://www.youtube.com/watch?v=eWGW-02xDKY,aj_kabrit,,,,
معنى وزيادة -  تحدي العبارات والأعلام,https://www.youtube.com/watch?v=55qimG6jRFg,aj_kabrit,,,,
السليط الإخباري -  لا للماسونية | الحلقة (4) الموسم الرابع,https://www.youtube.com/watch?v=2hboPbQOhcc,aj_kabrit,,,,
الدحيح - ليه محدش مهتم بينا,https://www.youtube.com/watch?v=Q3OVGeflFqc,aj_kabrit,,,,
الدحيح - البوس,https://www.youtube.com/watch?v=GWC-RCxWlLA,aj_kabrit,,,,
السليط الإخباري -  صراع العروش | الحلقة (3) الموسم الرابع,https://www.youtube.com/watch?v=b4H3ZNPuv9Y,aj_kabrit,,,,
الدحيح - إنت جامد,https://www.youtube.com/watch?v=TG3vHrlgczM,aj_kabrit,,,,
الدحيح - السمع والطاعة,https://www.youtube.com/watch?v=httoGbF_dqQ,aj_kabrit,,,,
السليط الإخباري -  ماما أمريكا | الحلقة (2) الموسم الرابع,https://www.youtube.com/watch?v=mOvQHROHYOU,aj_kabrit,,,,
الدحيح - نُصك ملحد,https://www.youtube.com/watch?v=Qww9Upno_m8,aj_kabrit,,,,
الدحيح - نهاية الموت؟,https://www.youtube.com/watch?v=6mhkX05J6JI,aj_kabrit,,,,
السليط الإخباري - القدس تنتصر| الحلقة (1) الموسم الرابع,https://www.youtube.com/watch?v=YMeWaO_6mcA,aj_kabrit,,,,
AJ+ كبريت,https://www.youtube.com/watch?v=cndMI3J3jxc,aj_kabrit,,,,
رغم المرض، أصبح أصغر طباخ في المغرب,https://www.youtube.com/watch?v=QaoDnF151LM,aj_kabrit,,,,
سجنك ومطرحك,https://www.youtube.com/watch?v=G6SHT13Col0,aj_kabrit,,,,
شاب أردني يغير ألوان سيارته بضغطة زر,https://www.youtube.com/watch?v=lEUDzD46VaA,aj_kabrit,,,,
السليط الإخباري - الإرهاب والمرجيحة,https://www.youtube.com/watch?v=oHsXM_WzUm4,aj_kabrit,,,,
سوق المطلقات,https://www.youtube.com/watch?v=434iu-fGbso,aj_kabrit,,,,
شخصيات مرعبة بواسطة المكياج,https://www.youtube.com/watch?v=IRG663oTSS8,aj_kabrit,,,,
اشتباك مسلح في المسجد الأقصى,https://www.youtube.com/watch?v=bwaoj3WBlxY,aj_kabrit,,,,
السليط الإخباري - شبّيك لبّيك,https://www.youtube.com/watch?v=ZgVQjAzVl6U,aj_kabrit,,,,
قناة الجزيرة تنقذ قناة العالم؟,https://www.youtube.com/watch?v=im9qYaRdlck,aj_kabrit,,,,
ماذا تعرفون عن مجزرة سربرينتسا؟,https://www.youtube.com/watch?v=XwTZ_F4cICQ,aj_kabrit,,,,
ما مصير الحجاج من قطر هذا العام؟,https://www.youtube.com/watch?v=V_5utctBgJw,aj_kabrit,,,,
أثاث من الكرتون صنع في أستراليا,https://www.youtube.com/watch?v=e7_NvG7Djpo,aj_kabrit,,,,
ماذا تعرفون عن غسان كنفاني؟,https://www.youtube.com/watch?v=aw3xCcH1bEU,aj_kabrit,,,,
ما هو الوباء الذي يجتاح اليمن؟ لنتعرف على الكوليرا..,https://www.youtube.com/watch?v=yNq3ZevV_js,aj_kabrit,,,,
السليط الإخباري - الحلبة الإخبارية,https://www.youtube.com/watch?v=71Dq1dXAJH0,aj_kabrit,,,,
أول رئيس وزراء هندي في إسرائيل,https://www.youtube.com/watch?v=T3J5OEkVBok,aj_kabrit,,,,
احتجاجات الحسيمة تنتقل إلى البحر,https://www.youtube.com/watch?v=yHyVUaEBd98,aj_kabrit,,,,
قوالب حلوى جميلة وصحية,https://www.youtube.com/watch?v=bWJENi69ZF4,aj_kabrit,,,,
السعودية والإمارات والبحرين ومصر توافق على تمديد المهلة لقطر 48 ساعة بطلب من أمير الكويت,https://www.youtube.com/watch?v=JeV9m8ePbIg,aj_kabrit,,,,
قضية ضد الجزيرة بدعم إماراتي,https://www.youtube.com/watch?v=RcxgHHacoHQ,aj_kabrit,,,,
رد قطري على المطالب الخليجية,https://www.youtube.com/watch?v=jcHVnQiJZKI,aj_kabrit,,,,
هل الديمقراطية أفضل أنظمة الحكم؟,https://www.youtube.com/watch?v=LekI3ku7UH8,aj_kabrit,,,,
السليط الإخباري - التاريخ الحديث,https://www.youtube.com/watch?v=iMh5bIsaTbI,aj_kabrit,,,,
أسراب قناديل البحر تغزو شواطئ مصر وتفسد موسم الاصطياف,https://www.youtube.com/watch?v=pVBB9ScpQS0,aj_kabrit,,,,
أعمال فنية قطرية عن الأزمة الخليجية,https://www.youtube.com/watch?v=zPIumGHyMhs,aj_kabrit,,,,
القصف الإسرائيلي يلحق أضراراً بمنازل الفلسطينيين في غزة,https://www.youtube.com/watch?v=itfqk8KP91g,aj_kabrit,,,,
مع التطبيع.. ضد التطبيع,https://www.youtube.com/watch?v=Xj-hIAjMJf4,aj_kabrit,,,,
عائدون من تركيا إلى سوريا,https://www.youtube.com/watch?v=gadI6pG0F-E,aj_kabrit,,,,
الإعلام المصري وقطر,https://www.youtube.com/watch?v=8DushyZETnY,aj_kabrit,,,,
تيران وصنافير تذهبان للسعودية,https://www.youtube.com/watch?v=56xTCq_cqpo,aj_kabrit,,,,
أزمة الكهرباء وظروف معيشية صعبة بقطاع غزة,https://www.youtube.com/watch?v=WkJI851Ab4g,aj_kabrit,,,,
نصرالدين بائع مناديل متنكر بزي مهرج,https://www.youtube.com/watch?v=aKAYp-I82pg,aj_kabrit,,,,
قصة اللاجئين السوريين العالقين على الحدود المغربية الجزائرية,https://www.youtube.com/watch?v=T4uZf0BMqa0,aj_kabrit,,,,
إعادة الإبل القطرية,https://www.youtube.com/watch?v=yVWLULZDRfY,aj_kabrit,,,,
السليط الإخباري - حلقة صفراء,https://www.youtube.com/watch?v=jSO_SKIqjoM,aj_kabrit,,,,
تدمير مسجد النوري والمنارة الحدباء,https://www.youtube.com/watch?v=i7Gt-GNbTUQ,aj_kabrit,,,,
ما هي مناصب ولي العهد السعودي محمد بن سلمان؟,https://www.youtube.com/watch?v=vSELJhARjA8,aj_kabrit,,,,
#سلفي_يلعب_ع_المكشوف ويكشف,https://www.youtube.com/watch?v=goJGKrs0QXw,aj_kabrit,,,,
ولي عهد سعودي جديد: محمد بن سلمان,https://www.youtube.com/watch?v=QJLciXxbfts,aj_kabrit,,,,
أزمة الخليج تصل إلى القرن الأفريقي,https://www.youtube.com/watch?v=zw6BCwqqS44,aj_kabrit,,,,
مقتل الأمريكية المسلمة نبرى حسنين لم يكن جريمة كراهية؟,https://www.youtube.com/watch?v=JBZYJirF8kc,aj_kabrit,,,,
مقتل فتاة مسلمة,https://www.youtube.com/watch?v=CEsXh0rMRoI,aj_kabrit,,,,
قوات عسكرية تركية نحو قطر,https://www.youtube.com/watch?v=q9oXFIxfTX0,aj_kabrit,,,,
حرب بسوس على الغذاء في قطر؟,https://www.youtube.com/watch?v=XrdM6UoHGcc,aj_kabrit,,,,
قطر والولايات المتحدة.. علاقة على مقياس ترمب,https://www.youtube.com/watch?v=lUeBdSNBM68,aj_kabrit,,,,
أين مجلس التعاون؟ أين جامعة الدول العربية؟,https://www.youtube.com/watch?v=2Yy_sJAGvWk,aj_kabrit,,,,
اعتقال بحريني بتهمة التعاطف مع قطر؟,https://www.youtube.com/watch?v=HOKABlIsjAQ,aj_kabrit,,,,
"حجب ""بي إن سبورت"" في السعودية",https://www.youtube.com/watch?v=VgvaztOj4eo,aj_kabrit,,,,
من يحدد السياسة الخارجية للولايات المتحدة، ترمب الرئيس أم ترمب المستثمر؟,https://www.youtube.com/watch?v=HJXd-WP9xEs,aj_kabrit,,,,
السكري,https://www.youtube.com/watch?v=I-CzjjXPbKc,aj_kabrit,,,,
ما هي الأراضي البيضاء في السعودية؟ لنتعرف عليها..,https://www.youtube.com/watch?v=jMjWOuaTHV4,aj_kabrit,,,,
مصالح اقتصادية بين إيران ودول الخليج لا يعرفها الكثيرون..,https://www.youtube.com/watch?v=mASo9QOFNJw,aj_kabrit,,,,
السليط الإخباري - السليط في قطر,https://www.youtube.com/watch?v=2vG7FZAYPAs,aj_kabrit,,,,
رحلات جوية بين إسرائيل والسعودية؟,https://www.youtube.com/watch?v=Ie3xRryYQtE,aj_kabrit,,,,
اتفاق إسرائيلي عربي,https://www.youtube.com/watch?v=qrXHVLDfC8g,aj_kabrit,,,,
لوموند: السعودية تستخدم الحج والمساعدات للضغط على دول أفريقية لمقاطعة قطر,https://www.youtube.com/watch?v=87Sy4ymK8U8,aj_kabrit,,,,
حصار على قطر أم مقاطعة؟,https://www.youtube.com/watch?v=FEnh6XdhYIk,aj_kabrit,,,,
هل تمنع الخلافات السياسية المعتمرين القطريين من أداء مناسكهم؟,https://www.youtube.com/watch?v=cNqzSaxLwlc,aj_kabrit,,,,
هل الاستفتاء جريمة في الإمارات؟,https://www.youtube.com/watch?v=19_rbrbzlO0,aj_kabrit,,,,
فلسطيني ينجب من 3 زوجات أكثر من 41 طفل,https://www.youtube.com/watch?v=eeM379ZTlww,aj_kabrit,,,,
فك عزلة مسنة عاشت في وحدة لـ40 عاماً,https://www.youtube.com/watch?v=_m3uroYLkYs,aj_kabrit,,,,
قائمة الإرهاب وشخصيات مرتبطة بقطر,https://www.youtube.com/watch?v=ZgEZ11Jj9_4,aj_kabrit,,,,
أين تقع قواعد تركيا العسكرية؟,https://www.youtube.com/watch?v=Rr3Pw3kxV2I,aj_kabrit,,,,
"المتحدث باسم حفتر يتهم قطر وحماس بممارسات ""إرهابية"" في ليبيا",https://www.youtube.com/watch?v=7IEHf1XjPQo,aj_kabrit,,,,
توترات العلاقات القطرية الخليجية,https://www.youtube.com/watch?v=Zo9PBNw3bIo,aj_kabrit,,,,
إسرائيل تدخل على وتر الخلافات الخليجية,https://www.youtube.com/watch?v=17-V1a6Yzgc,aj_kabrit,,,,
الجبير يطلب من قطر وقف دعم حماس والإخوان,https://www.youtube.com/watch?v=F3lD5BrGxiM,aj_kabrit,,,,
ما هو ثمن قطيعة قطر وجيرانها؟,https://www.youtube.com/watch?v=nBlc92VZB1o,aj_kabrit,,,,
معركة الأمعاء الخاوية,https://www.youtube.com/watch?v=YyEHkoO1zEU,aj_kabrit,,,,
السعودية والبحرين والإمارات ومصر تقطع علاقاتها بقطر,https://www.youtube.com/watch?v=jfQUJhtONqQ,aj_kabrit,,,,
اختراق إيميل السفير الإماراتي في واشنطن,https://www.youtube.com/watch?v=42msfBufhC4,aj_kabrit,,,,
الجزر الثلاث، إماراتية أم إيرانية؟,https://www.youtube.com/watch?v=AuyyDIqe_o0,aj_kabrit,,,,
حملة “تياب العيد” في لبنان,https://www.youtube.com/watch?v=TKsRWP86IzE,aj_kabrit,,,,
إعدام ميداني لفتاة فلسطينية,https://www.youtube.com/watch?v=q8XtE4RIibw,aj_kabrit,,,,
تعرف على مصاعب الزواج في الوطن العربي,https://www.youtube.com/watch?v=T-DU7riG1sk,aj_kabrit,,,,
منع فيلم Wonder Woman في لبنان,https://www.youtube.com/watch?v=dKXRAHNDOQE,aj_kabrit,,,,
محاكمة المتهم بقتل الرجلين في بورتلاند,https://www.youtube.com/watch?v=ZDVkUs-3u3U,aj_kabrit,,,,
قانون الجمعيات الأهلية في مصر,https://www.youtube.com/watch?v=M7FieeFBV-Y,aj_kabrit,,,,
مهاجم يقتل رجلين حاولا منعه من مضايقة مسلمتين,https://www.youtube.com/watch?v=rlwAbe9c2Bg,aj_kabrit,,,,
عشاء فلسطيني في لندن,https://www.youtube.com/watch?v=SVRbblTwq10,aj_kabrit,,,,
معاداة السامية,https://www.youtube.com/watch?v=Y7tdpRv3cjQ,aj_kabrit,,,,
استخدام الدراجات النارية في النقل العام بأوغندا,https://www.youtube.com/watch?v=oAMTUpB8vYo,aj_kabrit,,,,
مارك زوكربرغ يعود إلى هارفرد,https://www.youtube.com/watch?v=CA-ofZCTwUE,aj_kabrit,,,,
السليط الإخباري الموسم الثالث - الحلقة 19 - السليط في رمضان,https://www.youtube.com/watch?v=fRoaqQoI7SI,aj_kabrit,,,,
بهذه الطريقة يمكن عزل ترمب وبشكل قانوني تماماً,https://www.youtube.com/watch?v=Y97nlFLNweQ,aj_kabrit,,,,
اختراق لوكالة الأنباء القطرية وفبركة أخبار,https://www.youtube.com/watch?v=mgaBuVsVVSE,aj_kabrit,,,,
مصور عراقي يوثق انتهاكات القوات العراقية,https://www.youtube.com/watch?v=HCsGHtKv2bU,aj_kabrit,,,,
خروج آخر مهجّري الوعر,https://www.youtube.com/watch?v=O0duMPko1GM,aj_kabrit,,,,
مرض الاكتئاب.. كيف نقاومه؟,https://www.youtube.com/watch?v=pPWUcbIgMiE,aj_kabrit,,,,
مطعم باكستاني يستعين بالروبوتات لخدمة الزبائن,https://www.youtube.com/watch?v=5BC4ySHcM_A,aj_kabrit,,,,
كفيف جزائري يعزف الأورغ,https://www.youtube.com/watch?v=iS2aZCfMWCM,aj_kabrit,,,,
السليط الإخباري الموسم الثالث - الحلقة 18 - إرهاب أيدول,https://www.youtube.com/watch?v=IJr7NCs9PSA,aj_kabrit,,,,
أطفال سوريون وتنظيم الدولة,https://www.youtube.com/watch?v=chPgtnfD6oY,aj_kabrit,,,,
محرقة بشرية في سجن صيدنايا السوري,https://www.youtube.com/watch?v=4TfcOg3DpNg,aj_kabrit,,,,
فتح وحماس,https://www.youtube.com/watch?v=K8_Joj_NXwQ,aj_kabrit,,,,
ماذا تعرفون عن فيروسات كورونا؟ شاهدوا لتعرفوا,https://www.youtube.com/watch?v=tQS13mql4BM,aj_kabrit,,,,
شجرة الأركان مهددة بالانقراض في المغرب,https://www.youtube.com/watch?v=5b5_2AusXUk,aj_kabrit,,,,
يمني يشرب زيوت محركات السيارات في السعودية,https://www.youtube.com/watch?v=xWWwriMJk7U,aj_kabrit,,,,
السليط الإخباري الموسم الثالث - الحلقة 17 - ما بدنا حرية,https://www.youtube.com/watch?v=FU8UkaCs92s,aj_kabrit,,,,
“عم أكشن” بائع جائل ذو شخصية فريدة,https://www.youtube.com/watch?v=PwiMZbRJ3pc,aj_kabrit,,,,
تفتيش الجيش الألماني بعد العثور على تذكارات نازية,https://www.youtube.com/watch?v=09zCcljv1kU,aj_kabrit,,,,
وداعاً فطوم حيص بيص,https://www.youtube.com/watch?v=UAEzjwgSL4U,aj_kabrit,,,,
بم علق مرشحا الرئاسة الفرنسية على استعمار الجزائر؟ معلومات مثيرة في هذا الفيديو,https://www.youtube.com/watch?v=XUGiqr_QLqw,aj_kabrit,,,,
ماذا تعرفون عن جبل طارق؟ وما علاقته ببريطانيا؟,https://www.youtube.com/watch?v=rX9bRnuYnmA,aj_kabrit,,,,
أقدم محل للآيس كريم في لبنان,https://www.youtube.com/watch?v=ntTpqj06cIQ,aj_kabrit,,,,
فوز جبهة التحرير في الانتخابات وبوتفليقة يدلي بصوته رغم المرض,https://www.youtube.com/watch?v=L5GcUKA8uno,aj_kabrit,,,,
السليط الإخباري الموسم الثالث - الحلقة 16 - #مي_وملح,https://www.youtube.com/watch?v=1Bn1wI3IBXU,aj_kabrit,,,,
قاضٍ مصري متهم بقتل مجند,https://www.youtube.com/watch?v=ozyhJUHfdvo,aj_kabrit,,,,
احتجاجات على قانون المرور في موريتانيا,https://www.youtube.com/watch?v=81ghLzaOpBY,aj_kabrit,,,,
وثيقة حماس للمبادئ والسياسات العامة,https://www.youtube.com/watch?v=92lpjy7VpMo,aj_kabrit,,,,
352 مدنياً قتلوا بخطأ قوات التحالف في سوريا والعراق,https://www.youtube.com/watch?v=dPhNxERUTy0,aj_kabrit,,,,
كلمة عميد الأسرى الفلسطينيين,https://www.youtube.com/watch?v=Lu9EsdAnZd4,aj_kabrit,,,,
جدل حول قانون المصالحة في تونس,https://www.youtube.com/watch?v=M_N5mvKef1g,aj_kabrit,,,,
تسريب مسلسل نتفلكس,https://www.youtube.com/watch?v=O1CXwc3YHbo,aj_kabrit,,,,
ما هي أسباب دعم روسيا لنظام الأسد؟ تعرف على بعضها في هذا الفيديو,https://www.youtube.com/watch?v=wZhIkPxYMB8,aj_kabrit,,,,
شاب بدون ساقين يرقص البريك دانس,https://www.youtube.com/watch?v=-EJLnHoqUDE,aj_kabrit,,,,
أمريكية مسلمة تدعو غرباء على العشاء للتعريف بالإسلام,https://www.youtube.com/watch?v=WS4s8F13jKc,aj_kabrit,,,,
الشرطة البريطانية تعتقل أشخاصاً في عمليات مختلفة,https://www.youtube.com/watch?v=eDg7WlJalgQ,aj_kabrit,,,,
السليط الإخباري الموسم الثالث - الحلقة 15 - تقليد أعمى للغرب,https://www.youtube.com/watch?v=JRWuTVO9UYg,aj_kabrit,,,,
سارق فاشل,https://www.youtube.com/watch?v=lBLgtHnF9Yw,aj_kabrit,,,,
الجواز السوري: الأغلى عالمياً والأصعب في الحصول عليه,https://www.youtube.com/watch?v=TArzwGW6s8k,aj_kabrit,,,,
فوز برشلونة في مباراة الكلاسيكو في الليغا,https://www.youtube.com/watch?v=1IwmUXHZPjE,aj_kabrit,,,,
الخاسرون ضد لوبن,https://www.youtube.com/watch?v=msFO9vhmTI4,aj_kabrit,,,,
مثلث حلايب.. سوداني أم مصري؟,https://www.youtube.com/watch?v=DsBT1NXQZ2g,aj_kabrit,,,,
سوري يقدم وجبات مجانية لفقراء اليمن,https://www.youtube.com/watch?v=j_sGfq0cYaE,aj_kabrit,,,,
"كيف يعيش الـ ""بدون""؟",https://www.youtube.com/watch?v=DzlydQAHFwg,aj_kabrit,,,,
السليط الإخباري الموسم الثالث - الحلقة 14 - الحرب العالمية 3...قريبا,https://www.youtube.com/watch?v=Defqpk9lJHc,aj_kabrit,,,,
مئات الأسرى الفلسطينيين في إضراب مفتوح عن الطعام,https://www.youtube.com/watch?v=CYMDidb-6n4,aj_kabrit,,,,
بوتفليقة يقدم استقالته.. تعرفوا على أوجه بوتفليقة المختلفة عبر تاريخه السياسي,https://www.youtube.com/watch?v=tRuxYNo0vlQ,aj_kabrit,,,,
مجزرة بين موالين ومعارضين في حلب,https://www.youtube.com/watch?v=_LFbVJ7N1Ms,aj_kabrit,,,,
ما هي حكاية الكتب؟,https://www.youtube.com/watch?v=Y2t7DeEVU5M,aj_kabrit,,,,
دورة لتعريف أطفال غزة بأشكال الأجسام المتفجرة,https://www.youtube.com/watch?v=-H3nB_giVY8,aj_kabrit,,,,
رياضة كرة العين تنتشر في دول عديدة,https://www.youtube.com/watch?v=dwwBnUIg50I,aj_kabrit,,,,
السليط الإخباري - أغنية بنحبك يا ترمب,https://www.youtube.com/watch?v=WvF8624A8FU,aj_kabrit,,,,
السليط الإخباري الموسم الثالث - الحلقة 13 - الإرهاب ومشتقاته,https://www.youtube.com/watch?v=nYQd570WpSw,aj_kabrit,,,,
الباكستانية ملالا يوسف تحصل على الجنسية الكندية الفخرية,https://www.youtube.com/watch?v=3fdmMmit6Ks,aj_kabrit,,,,
رسام إندونيسي يرسل رسائل مبطنة في رسومات القصص المصورة من مارفل,https://www.youtube.com/watch?v=J93PXBhgJ-I,aj_kabrit,,,,
التغير المناخي يؤدي لاضطرابات نفسية,https://www.youtube.com/watch?v=gnH7ZhmD9pM,aj_kabrit,,,,
تفجيرا طنطا والإسكندرية,https://www.youtube.com/watch?v=INz-G9smvgA,aj_kabrit,,,,
أسرة تونسية تعيش في كوخ مع حيوانات,https://www.youtube.com/watch?v=uSGoEOX0oJo,aj_kabrit,,,,
سحر ميكانيكية سيارات بالسودان,https://www.youtube.com/watch?v=Px-AAz7ql5M,aj_kabrit,,,,
السليط الإخباري الموسم الثالث - الحلقة 12 - عنصرية 101,https://www.youtube.com/watch?v=9EUEwAs6yFg,aj_kabrit,,,,
شهادة أحد الناجين من مجزرة كيميائي خان شيخون,https://www.youtube.com/watch?v=QkQ1zR0UusY,aj_kabrit,,,,
رصد أبرز محطات استعمال السلاح الكيميائي في سوريا,https://www.youtube.com/watch?v=WcN9ZPRXJbw,aj_kabrit,,,,
#مجزرة_الرواتب في غزة,https://www.youtube.com/watch?v=DryTpPlBT-g,aj_kabrit,,,,
محجبات Grey's Anatomy,https://www.youtube.com/watch?v=018driT0G64,aj_kabrit,,,,
الويب المظلم,https://www.youtube.com/watch?v=RamJhxNbXYU,aj_kabrit,,,,
الرئيس المصري مرشح لعضوية مجلس إدارة شؤون العالم,https://www.youtube.com/watch?v=b2Er3VWg868,aj_kabrit,,,,
الحظر الإلكتروني.. حرب تجارية؟,https://www.youtube.com/watch?v=JH0vI3Fdtp4,aj_kabrit,,,,
ضجة حول تصريحات وزير لبناني لتفضيله أرمينيا على لبنان,https://www.youtube.com/watch?v=-FSQ2e4wJks,aj_kabrit,,,,
"ثقافة ""الحايك"" في الدول المغاربية",https://www.youtube.com/watch?v=oqQSBj0N8pY,aj_kabrit,,,,
السليط الإخباري الموسم الثالث - الحلقة 11 - يا بحريّة,https://www.youtube.com/watch?v=2DWd9bgQw0E,aj_kabrit,,,,
شهيدة فلسطينية تلحق بابنها بعد 6 أشهر من الفراق,https://www.youtube.com/watch?v=Lq5rCigu2i0,aj_kabrit,,,,
الطفلة العنكبوتية في قطاع غزة,https://www.youtube.com/watch?v=d6FYoOYwDT0,aj_kabrit,,,,
طلب تدريب يتحول إلى فرص وظيفية لطالبة سعودية,https://www.youtube.com/watch?v=uvATPXVN5Bg,aj_kabrit,,,,
ما الذي يجعل شعراء يجتمعون على هجاء رئيس الجمهورية؟,https://www.youtube.com/watch?v=2VTzkkWOGkU,aj_kabrit,,,,
أطفال اليمن في العام الثاني من الحرب,https://www.youtube.com/watch?v=rOvt25jkbf0,aj_kabrit,,,,
حظر الأجهزة الإلكترونية,https://www.youtube.com/watch?v=q6oHXwvEHbs,aj_kabrit,,,,
الذكرى الـ 14 لغزو العراق,https://www.youtube.com/watch?v=jDJMxWpDryk,aj_kabrit,,,,
حفلة الطلاق في موريتانيا,https://www.youtube.com/watch?v=kzTvfd6rqJQ,aj_kabrit,,,,
شاب بريطاني يصنع لوحات فنية من الجينز,https://www.youtube.com/watch?v=q2sV5-LZqBQ,aj_kabrit,,,,
ما هي التحديات التي تواجه المقاومة في فلسطين؟,https://www.youtube.com/watch?v=lJAOp2N04ak,aj_kabrit,,,,
إجراءات أمنية جديدة لطالبي تأشيرة دخول الولايات المتحدة,https://www.youtube.com/watch?v=mVQLIItdjJA,aj_kabrit,,,,
السليط الإخباري الموسم الثالث - الحلقة 10 - علاقات مشروخة,https://www.youtube.com/watch?v=pm48K4Nm99c,aj_kabrit,,,,
ماذا حدث في هجوم لندن؟,https://www.youtube.com/watch?v=jDnC2dyZlPE,aj_kabrit,,,,
"""نوتيلا"" مرتبطة بالسرطان",https://www.youtube.com/watch?v=KOPmVDSOEAc,aj_kabrit,,,,
حظر للأجهزة الإلكترونية على الطائرات المتجهة إلى الولايات لمتحدة,https://www.youtube.com/watch?v=QwG5i2BsA-c,aj_kabrit,,,,
ابتكار ذراع من طابعة ثلاثية الأبعاد,https://www.youtube.com/watch?v=lDg6UKMfIg8,aj_kabrit,,,,
الشارع اللبناني يرد على الضرائب الجديدة,https://www.youtube.com/watch?v=7wTD4RB2AXY,aj_kabrit,,,,
اقتصاد الإيصال,https://www.youtube.com/watch?v=FrfktffhPlQ,aj_kabrit,,,,
مرض نادر أوقف النمو الذهني لأخوين عند مرحلة الطفولة,https://www.youtube.com/watch?v=MG9a5Sm2hkU,aj_kabrit,,,,
طقوس الدفن لدى قبائل التوراجا,https://www.youtube.com/watch?v=dCS_bFB_zXw,aj_kabrit,,,,
السليط الإخباري الموسم الثالث - الحلقة 9 - لا تعليق,https://www.youtube.com/watch?v=uO3yRVQ9c-w,aj_kabrit,,,,
مصر قلقة على الحريات في أوروبا,https://www.youtube.com/watch?v=UdLnmLhsq4k,aj_kabrit,,,,
إشارات جديدة للصم في سوريا,https://www.youtube.com/watch?v=aYPGmkLqKac,aj_kabrit,,,,
إخلاء سبيل حسني مبارك,https://www.youtube.com/watch?v=56vplav2uSQ,aj_kabrit,,,,
الشارع الفلسطيني غاضب من محاكمة الشهيد الأعرج,https://www.youtube.com/watch?v=kpbx6CGT4vg,aj_kabrit,,,,
العثور على تمثال رمسيس الثاني,https://www.youtube.com/watch?v=v3SPlqpAYr0,aj_kabrit,,,,
هل السفارة أرض ذات سيادة؟,https://www.youtube.com/watch?v=bgKdz1lodJE,aj_kabrit,,,,
قرى بالأطلس بالمغرب يعيش نساؤها وأطفالها دون رجال,https://www.youtube.com/watch?v=vo_ssqnc2oM,aj_kabrit,,,,
من هم الروهينغيا؟,https://www.youtube.com/watch?v=I5aQXXb1soE,aj_kabrit,,,,
قوات المارينز نحو الرقة,https://www.youtube.com/watch?v=dp5lmju9Ndg,aj_kabrit,,,,
رد صناع التكنولوجيا على ويكيليكس,https://www.youtube.com/watch?v=_PofZ2Ew384,aj_kabrit,,,,
السليط الإخباري الموسم الثالث - الحلقة 8 - ضيّعنا الجوول,https://www.youtube.com/watch?v=3caZryGA-y8,aj_kabrit,,,,
الكنيست الإسرائيلي يوافق مبدئياً على اقتراح مثير للجدل,https://www.youtube.com/watch?v=NqPMqjjQ32Y,aj_kabrit,,,,
قانون إيداع اللاجئين في المخيمات,https://www.youtube.com/watch?v=FBRCVnFkYHs,aj_kabrit,,,,
توم هانكس يهدي صحفيي البيت الأبيض ماكينة قهوة,https://www.youtube.com/watch?v=wOwFDUJVLz8,aj_kabrit,,,,
المخابرات المصرية تسوق لصورة نظام السيسي في الولايات المتحدة,https://www.youtube.com/watch?v=xqq2pRJawTQ,aj_kabrit,,,,
عشرات الموتى في الصومال مع عودة الجفاف,https://www.youtube.com/watch?v=Uh6K7O5L5cU,aj_kabrit,,,,
"غسان بيرومي فنان يعزف ال”Hang Dum""",https://www.youtube.com/watch?v=h8LlZ-tTYJM,aj_kabrit,,,,
العمل المستقل,https://www.youtube.com/watch?v=L0eYswoZgtA,aj_kabrit,,,,
مدينة تدمر تعود لسيطرة النظام السوري,https://www.youtube.com/watch?v=rkGq2UgJYdU,aj_kabrit,,,,
السليط الإخباري الموسم الثالث - الحلقة 7 - أين دور العرب؟,https://www.youtube.com/watch?v=wnXZGYVybxk,aj_kabrit,,,,
فيسبوك والانتحار,https://www.youtube.com/watch?v=FG88IqDahTo,aj_kabrit,,,,
متلازمة الدمار الإنساني.. مصطلح جديد لوصف معاناة أطفال سوريا,https://www.youtube.com/watch?v=2AyVefWDrF0,aj_kabrit,,,,
ارتفاع عدد سكان المدن عام 2017,https://www.youtube.com/watch?v=jG7nSMUB-a0,aj_kabrit,,,,
هجمات ضد اللاجئين في ألمانيا,https://www.youtube.com/watch?v=8pnWXfng304,aj_kabrit,,,,
الأوسكار,https://www.youtube.com/watch?v=xZ3N4RaE8l0,aj_kabrit,,,,
هجمات ضد أقباط مصر,https://www.youtube.com/watch?v=e8Pbqosuc-k,aj_kabrit,,,,
"أول رائد فضاء بريطاني مسلم يزور ""الطفل العجوز""",https://www.youtube.com/watch?v=3xi2cZSml2E,aj_kabrit,,,,
طفل باكستاني يخرج عينيه من مكانهما,https://www.youtube.com/watch?v=SjrKvDpeLMQ,aj_kabrit,,,,
رجل أعمال كندي يستضيف 58 أسرة سورية,https://www.youtube.com/watch?v=znNvi_HjNmw,aj_kabrit,,,,
ستيف جوبز,https://www.youtube.com/watch?v=4d24NTWIUy0,aj_kabrit,,,,
نساء يتطوعن في غزة لصناعة أثداء صناعية,https://www.youtube.com/watch?v=bWPTpptgVpQ,aj_kabrit,,,,
السليط الإخباري الموسم الثالث - الحلقة 6 - من الخاسر الأكبر؟,https://www.youtube.com/watch?v=NZAczGME7HA,aj_kabrit,,,,
رامي الحمد الله وقصة العدس والبصل,https://www.youtube.com/watch?v=QRw38bMPGJA,aj_kabrit,,,,
غرق مهاجرين في المتوسط,https://www.youtube.com/watch?v=9CltjiBYt-M,aj_kabrit,,,,
"شركة ""ديزني"" تصمم تقنية للشحن اللاسلكي",https://www.youtube.com/watch?v=bwb9ka7UFoE,aj_kabrit,,,,
نتنياهو يقر بعقد قمة سرية مع السيسي والملك عبد الله,https://www.youtube.com/watch?v=-PPsW6uWAxs,aj_kabrit,,,,
مظاهرات السودان 2018.. هل تنجح الطرق السلمية في تغيير الأوضاع؟,https://www.youtube.com/watch?v=eHosVUbAM7o,aj_kabrit,,,,
أحد أطول الرجال بالعالم,https://www.youtube.com/watch?v=fSCjmlRcsOM,aj_kabrit,,,,
صديقان يتشاركان نفس الحذاء بعد بتر أرجلهما,https://www.youtube.com/watch?v=4R8jkgFZcP8,aj_kabrit,,,,
تنظيم الدولة الإسلامية يتبنى تفجير ضريح صوفي في باكستان,https://www.youtube.com/watch?v=PuUXAX1urpg,aj_kabrit,,,,
السليط الإخباري الموسم الثالث - الحلقة 5 - حمولة زائدة,https://www.youtube.com/watch?v=Ch6jr9vgIi0,aj_kabrit,,,,
نسور مدربة على إسقاط الطائرات بدون طيار,https://www.youtube.com/watch?v=M6MOXppnLoY,aj_kabrit,,,,
جدار ترمب الإسرائيلي,https://www.youtube.com/watch?v=pDhde5Ec8YI,aj_kabrit,,,,
مقتل الأخ غير الشقيق لزعيم كوريا الشمالية,https://www.youtube.com/watch?v=hFJyHK9bB78,aj_kabrit,,,,
استقالة مستشار الأمن القومي مايكل فلين,https://www.youtube.com/watch?v=smKTjcmL1sI,aj_kabrit,,,,
مشارقة ومغاربة,https://www.youtube.com/watch?v=v2ATaI5LMU4,aj_kabrit,,,,
رسام سعودي يتحدى المرض ويبدع بلوحاته الفنية,https://www.youtube.com/watch?v=ccTVavD1Ni8,aj_kabrit,,,,
مهارات لعبة البليادرو في قطاع غزة,https://www.youtube.com/watch?v=mHjozPIhQYg,aj_kabrit,,,,
مجدداً الأمن المصري يغلق مركزاً لعلاج ضحايا التعذيب,https://www.youtube.com/watch?v=hMPtsrPZFso,aj_kabrit,,,,
الشعور بالخجل من السمنة يؤدي إلى مشاكل صحية,https://www.youtube.com/watch?v=OredWfG-7Mg,aj_kabrit,,,,
السليط الإخباري الموسم الثالث - الحلقة 4 - سلام ولكن,https://www.youtube.com/watch?v=Qe3zhgyrTks,aj_kabrit,,,,
إيلات وسيناء: قصف متبادل,https://www.youtube.com/watch?v=hFzXIEyuUHE,aj_kabrit,,,,
الأوامر التنفيذية,https://www.youtube.com/watch?v=xxGpIkyNqMc,aj_kabrit,,,,
عمليات إعدام جماعي في سجن صيدنايا السوري,https://www.youtube.com/watch?v=_P4IQilLSTE,aj_kabrit,,,,
حال مدينة الموصل برواية مسعف طبي,https://www.youtube.com/watch?v=RayM3FnGgpw,aj_kabrit,,,,
دير شبيغل تشن هجوماً على ترمب عبر غلاف مجلته,https://www.youtube.com/watch?v=1lT4CeA1Vn4,aj_kabrit,,,,
السرطان,https://www.youtube.com/watch?v=t2clDnSWf5g,aj_kabrit,,,,
هجمة تقنية لاختراق منظمات المجتمع المدني في مصر,https://www.youtube.com/watch?v=vnf6I_WFOqk,aj_kabrit,,,,
السليط الإخباري الموسم الثالث - الحلقة 3 - التاريخ يعيب نفسه,https://www.youtube.com/watch?v=2o5gP_5UNgI,aj_kabrit,,,,
حجاربي لنشر التوعية عن الفتيات المحجبات,https://www.youtube.com/watch?v=ml3KoUoWm6M,aj_kabrit,,,,
أوباما الآخر,https://www.youtube.com/watch?v=o_hAeWIAg9g,aj_kabrit,,,,
الحفلات الموسيقية تعود إلى السعودية,https://www.youtube.com/watch?v=w1-1A2XHH8M,aj_kabrit,,,,
باكستاني يحلق للزبائن بالنار,https://www.youtube.com/watch?v=xZhFaRZxOks,aj_kabrit,,,,
المغرب يعود رسمياً للاتحاد الأفريقي,https://www.youtube.com/watch?v=vkGXUsrqxJg,aj_kabrit,,,,
"حمله لمقاطعة شركة ""Uber""",https://www.youtube.com/watch?v=4hFWpUjTPZE,aj_kabrit,,,,
#العالم_قبل_100_عام,https://www.youtube.com/watch?v=4NHWg6xzobU,aj_kabrit,,,,
احتفالات رأس السنة الصينية,https://www.youtube.com/watch?v=28jltFjHWLY,aj_kabrit,,,,
لاجئون يحصلون على منح دراسية بكندا عبر سكايب,https://www.youtube.com/watch?v=k2p6MW3NsYc,aj_kabrit,,,,
أينشتاين يعود إلى الحياة,https://www.youtube.com/watch?v=Q1HQHHgjGww,aj_kabrit,,,,
ملكة جمال الأمازيغ تتحدث عن تقاليدهم وعاداتهم,https://www.youtube.com/watch?v=_H_7ToAMXvQ,aj_kabrit,,,,
الإعلام الإسرائيلي الموجه للعرب,https://www.youtube.com/watch?v=MvXvy6yFufk,aj_kabrit,,,,
نساء مُجبرات على مظهر معيّن في بريطانيا,https://www.youtube.com/watch?v=KessZ3zu8nU,aj_kabrit,,,,
السليط الإخباري الموسم الثالث - الحلقة 2 - الإرهاب لا قهوة له,https://www.youtube.com/watch?v=DiDXVzig8Z0,aj_kabrit,,,,
مثلجات في غيمة غزل البنات,https://www.youtube.com/watch?v=Y4rjQFKT8kg,aj_kabrit,,,,
الموت يغيب زوجة وابن الداعية سلمان العودة,https://www.youtube.com/watch?v=w9z--7ANavM,aj_kabrit,,,,
رحيل محارب السرطان حمزة إسكندر,https://www.youtube.com/watch?v=BMbn8_oLPdk,aj_kabrit,,,,
اكتشاف أسباب انفجار Note7,https://www.youtube.com/watch?v=5N_Snfo7nFI,aj_kabrit,,,,
مواقف طريفة من حفل تنصيب الرئيس الأمريكي دونالد ترمب,https://www.youtube.com/watch?v=neN-j0O3IB8,aj_kabrit,,,,
البلاسيبو دواء مزيف,https://www.youtube.com/watch?v=zJaUeaQQumA,aj_kabrit,,,,
مخبز بدون محاسبين ولا كاميرات مراقبة,https://www.youtube.com/watch?v=y9mp5tNHLw0,aj_kabrit,,,,
ليغو الكبار,https://www.youtube.com/watch?v=hQEmSbL2fUA,aj_kabrit,,,,
ردود فعل متابينة حول تنصيب ترمب,https://www.youtube.com/watch?v=gLqwAR05xdU,aj_kabrit,,,,
السليط الإخباري الموسم الثالث - الحلقة 1,https://www.youtube.com/watch?v=7cniX1Bz1nQ,aj_kabrit,,,,
قطار شحن من الصين إلى بريطانيا,https://www.youtube.com/watch?v=O9u_c2GxrNw,aj_kabrit,,,,
منظمة العفو الدولية تنتقد القوانين الأوروبية إزاء اللاجئين,https://www.youtube.com/watch?v=QUNxEd16WIs,aj_kabrit,,,,
اللاعب المصري ابو تريكه ارهابي بحكم القضاء,https://www.youtube.com/watch?v=jNzMYMAteEI,aj_kabrit,,,,
ثروات 8 أشخاص تعادل ما يملكه نصف سكان الأرض,https://www.youtube.com/watch?v=MmnfwwdtMWE,aj_kabrit,,,,
المتحدث العسكري مدير تلفزيوني,https://www.youtube.com/watch?v=3nMPfWM7vPQ,aj_kabrit,,,,
تصاعد التوتر في سيناء المصرية,https://www.youtube.com/watch?v=lljF-ZtdmGg,aj_kabrit,,,,
ابتسام ضحية المرض والفقر تقيد بالسلاسل,https://www.youtube.com/watch?v=7_tJRVJnovo,aj_kabrit,,,,
فوائد ريش الدجاج,https://www.youtube.com/watch?v=DVrW10G4wXk,aj_kabrit,,,,
هل نجحت ثورة تونس؟,https://www.youtube.com/watch?v=V9XB5ygYMqo,aj_kabrit,,,,
هدير مكاوي.. زواج غير موثق ينتهي بجدل على وسائل التواصل,https://www.youtube.com/watch?v=e4buwZ1XWsQ,aj_kabrit,,,,
قصة رضيعة معنفة,https://www.youtube.com/watch?v=-Qh_MtdCkic,aj_kabrit,,,,
جلسة بين نواب أردنيين ووزير المالية لتشليح المواطن,https://www.youtube.com/watch?v=DW33MP7_4u8,aj_kabrit,,,,
لا بيع ولا إنتاج للبرقع في المغرب,https://www.youtube.com/watch?v=51Ks37pyWHg,aj_kabrit,,,,
"عملية في القدس تثير جدلاً بعد وصفها ""بالإرهابية الحقيرة""",https://www.youtube.com/watch?v=-bsOCsV3_RQ,aj_kabrit,,,,
ثلوج إسطنبول تغلق المطار والبسفور والطرق,https://www.youtube.com/watch?v=qHmyWGdE9KQ,aj_kabrit,,,,
البروباغاندا,https://www.youtube.com/watch?v=9XJAOZnMRhw,aj_kabrit,,,,
حسناء ضحية اغتصاب تنتحر بالمغرب,https://www.youtube.com/watch?v=4bvUYzFzFQg,aj_kabrit,,,,
رحلة لجوء استثنائية من حلب إلى غزة,https://www.youtube.com/watch?v=4CJaDxRki94,aj_kabrit,,,,
فنان تشكيلي يرسم لوحاته ويعرضها للأموات,https://www.youtube.com/watch?v=dbQjTqHo-es,aj_kabrit,,,,
#وين_المعتقلين.. حملة للبحث عن المعتقلين الفلسطينيين في سوريا,https://www.youtube.com/watch?v=XAFYXtiy1vw,aj_kabrit,,,,
ما هو حق الفيتو؟,https://www.youtube.com/watch?v=SQlJ68jOHLk,aj_kabrit,,,,
إدانة لجندي إسرائيلي أعدم جريحاً فلسطينياً,https://www.youtube.com/watch?v=NVxQyNhK34U,aj_kabrit,,,,
ما هو الكتاب الأكثر بيعاً في ألمانيا؟,https://www.youtube.com/watch?v=GbLe9ItG_aA,aj_kabrit,,,,
تجنيد عربيات للموساد على فيسبوك,https://www.youtube.com/watch?v=GSjlZ4oHYWc,aj_kabrit,,,,
مذيعة مصرية تكشف مخططاً سريّاً لتهريب مرسي,https://www.youtube.com/watch?v=bmxOQWaKOxo,aj_kabrit,,,,
قانون لمنع العمل خارج الوقت الرسمي,https://www.youtube.com/watch?v=zrOLEy6opQI,aj_kabrit,,,,
استخدام الحبال لعبور الأنهار في نيبال,https://www.youtube.com/watch?v=rDslM42FCYk,aj_kabrit,,,,
سوريا.. ما مصير الهدنة الجديدة؟,https://www.youtube.com/watch?v=4tpku94JPJE,aj_kabrit,,,,
نتائج بحث غوغل 2016,https://www.youtube.com/watch?v=ryvCOs_aSdI,aj_kabrit,,,,
أفلام عالمية شهيرة من بطولة قطة,https://www.youtube.com/watch?v=UXyGc_mGWyo,aj_kabrit,,,,
بيانو من أجل السلم,https://www.youtube.com/watch?v=zS6tMig7ebQ,aj_kabrit,,,,
احتفال يهودي في البحرين؟,https://www.youtube.com/watch?v=kpokXTnY-Ok,aj_kabrit,,,,
سوبر ماريو في حلب,https://www.youtube.com/watch?v=zzz2sPv8WIg,aj_kabrit,,,,
انتهاكات لسجناء برج العرب,https://www.youtube.com/watch?v=NF8nCC5B_bY,aj_kabrit,,,,
مسملون أمريكيون يتحدثون لأبنائهم عن معنى أن تكون مسلماً,https://www.youtube.com/watch?v=W-hhk96lUrM,aj_kabrit,,,,
فن الشارع في تونس,https://www.youtube.com/watch?v=mykn7ewkGfY,aj_kabrit,,,,
مصر تؤجل التصويت على قرار أممي يدين إسرائيل,https://www.youtube.com/watch?v=ZQxB6dbTW7c,aj_kabrit,,,,
تطورات معركة الموصل,https://www.youtube.com/watch?v=4ar7fiasTO0,aj_kabrit,,,,
حملة شعبية في قطر لجمع التبرعات لحلب,https://www.youtube.com/watch?v=fJlzGBCqt3g,aj_kabrit,,,,
الياباني كوريتا مبتكر الرسوم التعبيرية,https://www.youtube.com/watch?v=HHlcvB7QIKo,aj_kabrit,,,,
اليوم العالمي للغة العربية,https://www.youtube.com/watch?v=ZR53kNj62_k,aj_kabrit,,,,
مدرسة بنيت من القمامة لتعليم الأطفال مجاناً,https://www.youtube.com/watch?v=ljbaCNYkeKE,aj_kabrit,,,,
أول مذيعة محجبة في الإعلام الكندي,https://www.youtube.com/watch?v=VNq9WIGGMaM,aj_kabrit,,,,
أيتام حلب ينشرون رسالتهم الأخيرة,https://www.youtube.com/watch?v=_1WiuNTtqow,aj_kabrit,,,,
تضامن عربي ودولي مع الوضع في حلب,https://www.youtube.com/watch?v=h2T9WVY9lI8,aj_kabrit,,,,
معنا معنى 2 | يا طخو يا كسر مخو,https://www.youtube.com/watch?v=vsxfG_e-QS8,aj_kabrit,,,,
إعدامات ميدانية وقصف لا يتوقف على حلب,https://www.youtube.com/watch?v=5VaPdkC2v48,aj_kabrit,,,,
إنترنت الأشياء,https://www.youtube.com/watch?v=sTIpDeXdvq8,aj_kabrit,,,,
كفيف في المغرب يعمل في مهنة الحياكة,https://www.youtube.com/watch?v=gZHI1WlRbTo,aj_kabrit,,,,
فنان فلسطيني من غزة ينحت التراث المسيحي,https://www.youtube.com/watch?v=Ng1K0d6vVNE,aj_kabrit,,,,
هل لروسيا يد في فوز ترمب؟,https://www.youtube.com/watch?v=2WAPCQY_c5o,aj_kabrit,,,,
الشيخوخة المبكرة لدى الأطفال,https://www.youtube.com/watch?v=gQPCRWSZnhI,aj_kabrit,,,,
الانتحار,https://www.youtube.com/watch?v=3MtDeD2wnK0,aj_kabrit,,,,
الاعتناء بقطط الشارع في قطر,https://www.youtube.com/watch?v=W8tRqJm1PaI,aj_kabrit,,,,
السيارة الطائرة,https://www.youtube.com/watch?v=YUrvZCJ3Xh8,aj_kabrit,,,,
برلمان كوريا الجنوبية يصوت لمساءلة الرئيسة,https://www.youtube.com/watch?v=6ZUl8jb7r-Q,aj_kabrit,,,,
رحيل الجزائري الطاهر الفرقاني,https://www.youtube.com/watch?v=5sdFoSviZZ8,aj_kabrit,,,,
وشوم على جسد دفيد بيكام لمحاربة عنف الأطفال,https://www.youtube.com/watch?v=rLeHuSHcpsc,aj_kabrit,,,,
جرائم الكراهية تزداد في نيويورك,https://www.youtube.com/watch?v=ZgBIu-HUYh4,aj_kabrit,,,,
معنا معنى 2 | فمو ماشي ليه,https://www.youtube.com/watch?v=KKiI13H3NkE,aj_kabrit,,,,
جامعة مصرية تخطئ في ترجمة أسماء كادرها,https://www.youtube.com/watch?v=b-f6xGSECLw,aj_kabrit,,,,
رهاب الأجانب الكلمة الأكثر انتشاراً في 2016,https://www.youtube.com/watch?v=CxeSzodEHC8,aj_kabrit,,,,
العقوبات الأمريكية على السودان,https://www.youtube.com/watch?v=w0X5_NnX-C0,aj_kabrit,,,,
حقائب لتخزين الطاقة الشمسية بجنوب أفريقيا,https://www.youtube.com/watch?v=d5puDUuWT4E,aj_kabrit,,,,
صعود اليمين,https://www.youtube.com/watch?v=o7sPh2ot1IE,aj_kabrit,,,,
اصرار امرأة مسنة في الحصول على رخصة للسياقة,https://www.youtube.com/watch?v=4Y9MOm-2ZQM,aj_kabrit,,,,
الأشقاء الأربعة ومايكروسوفت,https://www.youtube.com/watch?v=Di3cpd4v2oU,aj_kabrit,,,,
رحيل فنان الأغنية الشعبية الجزائرية,https://www.youtube.com/watch?v=-JIj7coR508,aj_kabrit,,,,
طائرة بدون طيار تكشف خيانة زوجة؟,https://www.youtube.com/watch?v=qR3qeB1DnOw,aj_kabrit,,,,
معنا معنى 2 | تف من بؤك,https://www.youtube.com/watch?v=pubDR2r6vrg,aj_kabrit,,,,
فرانسوا فيون يفوز في الانتخابات التمهيدية,https://www.youtube.com/watch?v=ig3S7nuijOY,aj_kabrit,,,,
وقفة لتأبين فيدل كاسترو في غزة,https://www.youtube.com/watch?v=nNPZ6yccxlc,aj_kabrit,,,,
حكايات التجنيد الإجباري في مصر,https://www.youtube.com/watch?v=1nHGCDipGP4,aj_kabrit,,,,
قانون الحشد الشعبي,https://www.youtube.com/watch?v=AXkzRual9b0,aj_kabrit,,,,
كيف تخفين آثار التعنيف بالمكياج,https://www.youtube.com/watch?v=a-AHwkulFq0,aj_kabrit,,,,
مركز يعالج مدمني المخدرات بطرق غير تقليدية,https://www.youtube.com/watch?v=Ym3ZpksUn18,aj_kabrit,,,,
رحيل كاسترو,https://www.youtube.com/watch?v=-JOiJbOFd-8,aj_kabrit,,,,
حملة لإلغاء قانون يبرئ المغتصب إذا تزوج ضحيته,https://www.youtube.com/watch?v=gFOMNbK6XuI,aj_kabrit,,,,
بناء البيوت بالقنينات البلاستيكية في أوغندا,https://www.youtube.com/watch?v=HExgefLjj0c,aj_kabrit,,,,
حرائق إسرائيل وردة فعل العرب,https://www.youtube.com/watch?v=NkYF_3XnoRk,aj_kabrit,,,,
وشم صور القطط,https://www.youtube.com/watch?v=qEPi8p7gEM4,aj_kabrit,,,,
السليط الإخباري الموسم الثاني - الحلقة الأخيرة,https://www.youtube.com/watch?v=JRvTc3yFlR4,aj_kabrit,,,,
السيسي في لقاء مع قناة برتغالية,https://www.youtube.com/watch?v=MeRC8YgAK2I,aj_kabrit,,,,
سرقة سيدتين قطريتين في باريس,https://www.youtube.com/watch?v=TeOHKp2tMfU,aj_kabrit,,,,
معنا معنى 2 | خف عقلي,https://www.youtube.com/watch?v=PUALR3vtbms,aj_kabrit,,,,
قصف في سوريا بغاز كلور عربي!,https://www.youtube.com/watch?v=gkqxAn5fQXQ,aj_kabrit,,,,
المغني الأمريكي كانيي ويست يعلن تأييده لترامب,https://www.youtube.com/watch?v=jshHYLJKe1U,aj_kabrit,,,,
فيسبوك يسعى لمحاربة الأخبار الخاطئة,https://www.youtube.com/watch?v=NhTU56D9Ab0,aj_kabrit,,,,
رحلة أطباء بلا حدود من عدن إلى جيبوتي,https://www.youtube.com/watch?v=BUG-qEGGdpE,aj_kabrit,,,,
قصة البطل اللبناني نبيل كرم وتجميعه للسيارات الصغيرة,https://www.youtube.com/watch?v=hx9QU828vnI,aj_kabrit,,,,
فتيات محجبات يتعلمن “التايكوندو” بسبب عنصرية ترامب,https://www.youtube.com/watch?v=BwdkFK92or0,aj_kabrit,,,,
أميرة لاتينية في ديزني,https://www.youtube.com/watch?v=uvMQkeKhC9c,aj_kabrit,,,,
عمال مصر,https://www.youtube.com/watch?v=28JZJPtgm8s,aj_kabrit,,,,
تشييد جدار حول مخيم للاجئين الفلسطينيين,https://www.youtube.com/watch?v=tMhPH7m6lo0,aj_kabrit,,,,
إضراب الصيادلة في السودان,https://www.youtube.com/watch?v=QLu_9qTNlnw,aj_kabrit,,,,
محكمة مصرية تقضي بحبس نقيب الصحفيين,https://www.youtube.com/watch?v=rs7iu23a8ig,aj_kabrit,,,,
مستشفيات حلب الشرقية خارج الخدمة,https://www.youtube.com/watch?v=br34_hprSRo,aj_kabrit,,,,
"بطل الـ ""Freestyle""  بالمغرب",https://www.youtube.com/watch?v=0rtLHtPabZc,aj_kabrit,,,,
حديث الأمهات وأطفالهن الرضع يساهم في تنمية العقل,https://www.youtube.com/watch?v=AwIyBLxEmg4,aj_kabrit,,,,
مجموعة تطوعية تزين شوارع بغداد,https://www.youtube.com/watch?v=TMZTE9Mury8,aj_kabrit,,,,
ركوب الدراجة في اليمن,https://www.youtube.com/watch?v=M6BJ2binpYg,aj_kabrit,,,,
طفلة تنشئُ مكتبة مجانية لأقرانها بالهند,https://www.youtube.com/watch?v=hCJSZRzFeCA,aj_kabrit,,,,
بريطاني يسجل رقماً قياسياً في غينيس عن أعلى قفزة لتغميس قطعة بسكويت,https://www.youtube.com/watch?v=hjM7VXAqfyA,aj_kabrit,,,,
ضحايا الانتهاكات والتعذيب في تونس يدلون بشهاداتهم,https://www.youtube.com/watch?v=AWb2CJqhwIs,aj_kabrit,,,,
صداقة تجمع بين قرد ومعزاة,https://www.youtube.com/watch?v=aBKcRblDFS0,aj_kabrit,,,,
رجل مكسيكي يبلغ وزنه 500 كلغ,https://www.youtube.com/watch?v=82yUdXVwU6k,aj_kabrit,,,,
جولات سياحية فلسطينية في الجولان المحتل,https://www.youtube.com/watch?v=6NWwD78X3GA,aj_kabrit,,,,
السليط الإخباري الموسم الثاني - الحلقة 18 - الربيع الأمريكي,https://www.youtube.com/watch?v=vtFRr1Qy7O8,aj_kabrit,,,,
ازدهار الكراهية بعد فوز ترامب,https://www.youtube.com/watch?v=cY3fxl69LhU,aj_kabrit,,,,
مسابقة صور الحيوانات البرية الأطرف,https://www.youtube.com/watch?v=-eLrIMrjbkQ,aj_kabrit,,,,
حلب تسبح في الدماء بعد انتهاء الهدنة,https://www.youtube.com/watch?v=5M5EJG78EBU,aj_kabrit,,,,
الطريق الياباني المنهار يعود للعمل في زمن قياسي,https://www.youtube.com/watch?v=PfB1XjvkHf8,aj_kabrit,,,,
لونا: الماسح الضوئي العجيب,https://www.youtube.com/watch?v=PyY2t8BPiJQ,aj_kabrit,,,,
أدنى مستويات إنتاج الغذاء تاريخياً في سوريا,https://www.youtube.com/watch?v=okW_AKldmd0,aj_kabrit,,,,
الرياضيات في خدمة القهوة,https://www.youtube.com/watch?v=QkoOQG2n0DA,aj_kabrit,,,,
جاغوار تغزو عالم السيارات الكهربائية,https://www.youtube.com/watch?v=-Acwg4Xm-_g,aj_kabrit,,,,
عمليات جراحية في الأردن للشفة الأرنبية,https://www.youtube.com/watch?v=PInOedPESHk,aj_kabrit,,,,
مجدي مكين، ضحية لعنف الشرطة في مصر,https://www.youtube.com/watch?v=N2p2wdKDNG4,aj_kabrit,,,,
بشار الأسد يرحب بالتحالف مع دونالد ترامب,https://www.youtube.com/watch?v=0y9MoCoiX8E,aj_kabrit,,,,
تحدي تماثيل الأزياء,https://www.youtube.com/watch?v=GUCcyUzB8PY,aj_kabrit,,,,
دراسة علمية تكشف أهمية هاتفك في طريقة حياتك,https://www.youtube.com/watch?v=T1FfhflP7VY,aj_kabrit,,,,
سخط مغربي بسبب أسعار المحروقات,https://www.youtube.com/watch?v=BI5r6gBpf14,aj_kabrit,,,,
معنا معنى 2 |صاحب بالين كضاب,https://www.youtube.com/watch?v=PFhFkkAFdCc,aj_kabrit,,,,
حرق منازل الروهينغيا في ميانمار,https://www.youtube.com/watch?v=x8piOfjpkRk,aj_kabrit,,,,
المستشار اللبناني للرئيس الأمريكي,https://www.youtube.com/watch?v=yedvT5tHYI8,aj_kabrit,,,,
طائرات شراعية تحط في مصر,https://www.youtube.com/watch?v=BfumMkznjtM,aj_kabrit,,,,
مسيرة بمدينة مراكش لنصرة قضية التغير المناخي,https://www.youtube.com/watch?v=oMSpXEoiTLc,aj_kabrit,,,,
القمر العملاق حول العالم,https://www.youtube.com/watch?v=XPR98OOBVYk,aj_kabrit,,,,
عائلات عراقية تغادر إلى سوريا,https://www.youtube.com/watch?v=Hi5_Y8gsDS8,aj_kabrit,,,,
مغامرة فريدة في عرض الأطلسي,https://www.youtube.com/watch?v=mR92zCKoG1Q,aj_kabrit,,,,
الجيش الحر يتقدم باتجاه الباب في حلب,https://www.youtube.com/watch?v=Rq3Lcq9cQU8,aj_kabrit,,,,
بيت الشمع في بروكلين,https://www.youtube.com/watch?v=-uOspuym8t8,aj_kabrit,,,,
دونالد ترامب في أول مقابلة تلفزيونية,https://www.youtube.com/watch?v=Uuwgd-XpSho,aj_kabrit,,,,
مهندس بريطاني يبتكر Pouncer,https://www.youtube.com/watch?v=ZoIQOrDIQ3g,aj_kabrit,,,,
لجنة إسرائيلية تقر منع الأذان بمكبرات الصوت,https://www.youtube.com/watch?v=5ch8IpbGuMI,aj_kabrit,,,,
مهرجان الماء في كمبوديا,https://www.youtube.com/watch?v=KlHbHLH5cXQ,aj_kabrit,,,,
حزب الله يستعرض في القصير,https://www.youtube.com/watch?v=zM_QAXAV1X0,aj_kabrit,,,,
البشمركة متهمة بجرائم حرب في العراق,https://www.youtube.com/watch?v=uY6Fx3_8xV8,aj_kabrit,,,,
فتاة تتحدى متلازمة داون لتحقق حلمها,https://www.youtube.com/watch?v=ixm6WTYEWJs,aj_kabrit,,,,
شابة أمريكية تسافر 196 دولة,https://www.youtube.com/watch?v=sy4IJ0rvyk4,aj_kabrit,,,,
سودان غير الذي تسمعون عنه,https://www.youtube.com/watch?v=tx2Vw1pzTOg,aj_kabrit,,,,
مظاهرات حاشدة في كوريا الجنوبية,https://www.youtube.com/watch?v=MTBVpZjVdQQ,aj_kabrit,,,,
حملة لمقاطعة الصحف المعادية للمهاجرين,https://www.youtube.com/watch?v=cyO3TUAP3Uc,aj_kabrit,,,,
فريق لإنقاذ الحيوانات في سوريا,https://www.youtube.com/watch?v=gIfojcfjvpc,aj_kabrit,,,,
وفاة الفنان المصري محمود عبد العزيز,https://www.youtube.com/watch?v=UcZzZdJTxqY,aj_kabrit,,,,
ابتكارات مجال النقل في خدمة المناخ,https://www.youtube.com/watch?v=aR3O168qWOQ,aj_kabrit,,,,
القمر في أقرب نقطة من الأرض,https://www.youtube.com/watch?v=PKxnvpCqmfU,aj_kabrit,,,,
نشطاء على مواقع التواصل يساعدون اللاجئين في المخيمات الأردنية,https://www.youtube.com/watch?v=jG0nQol69zA,aj_kabrit,,,,
ما هي الضرائب؟,https://www.youtube.com/watch?v=YB1HefXcHrM,aj_kabrit,,,,
فنان روسي يصنع دمى كأنها حقيقية,https://www.youtube.com/watch?v=iOPoOKD1TOk,aj_kabrit,,,,
"""Game of Thrones""  في أوكرانيا",https://www.youtube.com/watch?v=_FVwazwlsaw,aj_kabrit,,,,
شبان عراقيون يمارسون رياضة القفز بالمظلات,https://www.youtube.com/watch?v=cgal7DTnfoY,aj_kabrit,,,,
الرياضات الخطرة جمعت هؤلاء الشباب الفرنسيين,https://www.youtube.com/watch?v=dsnEgFaoqBc,aj_kabrit,,,,
مدرسة للسباحة بطريقة الحوريات في هولندا,https://www.youtube.com/watch?v=v_8LovOgRWE,aj_kabrit,,,,
السليط الإخباري الموسم الثاني - الحلقة 17 - قرّبت,https://www.youtube.com/watch?v=Lyc321iFdmE,aj_kabrit,,,,
حمام العليل وجهة سياحية في الموصل,https://www.youtube.com/watch?v=9ReW1ofhrhk,aj_kabrit,,,,
جريدة النهار وصيحة جديدة ضد السوريين,https://www.youtube.com/watch?v=9inWQo5jyT8,aj_kabrit,,,,
دمى لا تختلف عن الأطفال الحقيقيين,https://www.youtube.com/watch?v=eQPwcuuKEyk,aj_kabrit,,,,
متطوعون يلجؤون للموسيقى لجمع المال للاجئين,https://www.youtube.com/watch?v=kwjJxiBJ_3c,aj_kabrit,,,,
انتهاكات لحقوق الإنسان في معركة استعادة الموصل,https://www.youtube.com/watch?v=0BB0iO4Z9AE,aj_kabrit,,,,
علماء سويسريون ينجحون في علاج قردة من الشلل,https://www.youtube.com/watch?v=dXFQkun_smc,aj_kabrit,,,,
بيلاروسي يحول منزله إلى متحف عن لينين,https://www.youtube.com/watch?v=cP7P-mSPyko,aj_kabrit,,,,
خوذة هوائية لحماية أكبر,https://www.youtube.com/watch?v=7TTz1NMzKn4,aj_kabrit,,,,
بحث طبي جديد عن سرطان الثدي,https://www.youtube.com/watch?v=h_RIPrVfoOM,aj_kabrit,,,,
برنامج صح النوم يمنع الشيعة من الاستضافة,https://www.youtube.com/watch?v=Wk98s30Ad6Y,aj_kabrit,,,,
إنجازات عزيز,https://www.youtube.com/watch?v=vjdLrHeUKa0,aj_kabrit,,,,
أطباء في مواجهة الاعتقال والتعذيب,https://www.youtube.com/watch?v=4qIFewhyAZI,aj_kabrit,,,,
الحشد الشعبي يحصل على جائزة فنية في مصر,https://www.youtube.com/watch?v=RdZ-gR_7Oqg,aj_kabrit,,,,
ترامب الرئيس الـ45 للولايات المتحدة,https://www.youtube.com/watch?v=WFYzh9PlhH4,aj_kabrit,,,,
كريستيانو رونالدو يجدد عقده مع ريال مدريد,https://www.youtube.com/watch?v=BgfdqA6JMLs,aj_kabrit,,,,
تصويت في الانتخابات الأمريكية من الفضاء,https://www.youtube.com/watch?v=3EiSp77BG8c,aj_kabrit,,,,
المجمع الانتخابي في الولايات المتحدة.. ما هو؟,https://www.youtube.com/watch?v=nM8uQf69wE4,aj_kabrit,,,,
صلاة واحتفال لأجل فوز ترامب في الهند,https://www.youtube.com/watch?v=Ovqw-px2eo8,aj_kabrit,,,,
10 معلومات عن المرشح الجمهوري دونالد ترامب,https://www.youtube.com/watch?v=PRqGbFURFGw,aj_kabrit,,,,
مقاتل ومصلح أسلحة في البشمركة,https://www.youtube.com/watch?v=RgTDTS5aH_Y,aj_kabrit,,,,
شطائر هيلاري وترامب,https://www.youtube.com/watch?v=bD5FvIlSudM,aj_kabrit,,,,
أطفال يواجهون حكماً بالسجن في القدس,https://www.youtube.com/watch?v=yd5ehMzW8UI,aj_kabrit,,,,
طنجة تتزين بالألوان والنباتات,https://www.youtube.com/watch?v=XOu2UH_Fyjo,aj_kabrit,,,,
جائزة حرية الصحافة 2016 للسوري هادي العبدالله,https://www.youtube.com/watch?v=67OMorFknXs,aj_kabrit,,,,
سامسونغ تسحب 3 ملايين غسالة قابلة للانفجار من الأسواق الأمريكية,https://www.youtube.com/watch?v=lIsVWgYt7_M,aj_kabrit,,,,
حملة توزيع كتب في السجون التونسية,https://www.youtube.com/watch?v=fr5fjw6Jxok,aj_kabrit,,,,
متطوعون يلجؤون للموسيقى لجمع المال لللاجئين,https://www.youtube.com/watch?v=Df5IlNE0HYA,aj_kabrit,,,,
أطفال اليمن يروون معاناتهم مع الحرب,https://www.youtube.com/watch?v=NpuBzVee2E8,aj_kabrit,,,,
بطريق يكتشف خيانة شريكته,https://www.youtube.com/watch?v=BnwZpo7pBKg,aj_kabrit,,,,
مسلسل ذا سمبسون أطول مسلسل هزلي أمريكي,https://www.youtube.com/watch?v=W2Km2ehjJOk,aj_kabrit,,,,
تخرج وسط الدمار,https://www.youtube.com/watch?v=tthoJoa0Uy8,aj_kabrit,,,,
احتجاج في السودان بعد رفع الأسعار,https://www.youtube.com/watch?v=TcfYgQkmJ1g,aj_kabrit,,,,
قذيفة تغتال أطفال روضة بريف دمشق,https://www.youtube.com/watch?v=syy4_7DKSwU,aj_kabrit,,,,
البساط الأخير في مدينة أريحا بإدلب السورية,https://www.youtube.com/watch?v=1BrM8xKt2G8,aj_kabrit,,,,
وداعاً لأوجاع الظهر مع هذا الحذاء النسائي,https://www.youtube.com/watch?v=KrNUF2-Y1OA,aj_kabrit,,,,
الأجهزة المحمولة والتأثير السلبي على النوم,https://www.youtube.com/watch?v=YE5Z5XME0uo,aj_kabrit,,,,
علم إسرائيل يُرفع في مراكش,https://www.youtube.com/watch?v=H5H3c977fjQ,aj_kabrit,,,,
تايلور سويفت الأعلى أجراً,https://www.youtube.com/watch?v=_GzfpuikCOk,aj_kabrit,,,,
سجال بين حسين مرتضى وموسى العمر,https://www.youtube.com/watch?v=CYHTSk6-fRo,aj_kabrit,,,,
تبرير إعلامي للقرارات الاقتصادية في مصر,https://www.youtube.com/watch?v=3vyBKvqNKWc,aj_kabrit,,,,
حضانة الطفل في لبنان,https://www.youtube.com/watch?v=IA2HOp8U3ZI,aj_kabrit,,,,
السبانخ كاشفة للقنابل,https://www.youtube.com/watch?v=BGD2ic8qD2o,aj_kabrit,,,,
فريق سعودي للرحلات البرية,https://www.youtube.com/watch?v=lPLppjqogkY,aj_kabrit,,,,
مشروع لإعادة تدوير النفايات في غزة,https://www.youtube.com/watch?v=1SRsDd73V1I,aj_kabrit,,,,
مورو، مساعد لاعبي السومو,https://www.youtube.com/watch?v=evhuVUVD9ww,aj_kabrit,,,,
علماء يجدون معادلة جديدة لشوكولاتة لذيذة وصحية,https://www.youtube.com/watch?v=O4B9LJO_rtI,aj_kabrit,,,,
تعليم الإنكليزية للروهينغا بمخيمات في ميانمار,https://www.youtube.com/watch?v=ZauvpN8afgs,aj_kabrit,,,,
تعويم الجنيه وارتفاع في أسعار المحروقات في مصر,https://www.youtube.com/watch?v=Ytib-DEy_Yo,aj_kabrit,,,,
قطار للوجبات السريعة يجوب شوارع رام الله,https://www.youtube.com/watch?v=tYutEVVQjIo,aj_kabrit,,,,
كراسٍ ساحرة مخصصة للأطفال ذوي الإعاقة,https://www.youtube.com/watch?v=EcCWGod3kfQ,aj_kabrit,,,,
السليط الإخباري الموسم الثاني - الحلقة 16 - زعامة 101,https://www.youtube.com/watch?v=BGqr64na_1g,aj_kabrit,,,,
من منزل بائع السمك المغربي محسن فكري,https://www.youtube.com/watch?v=VGBGBmdBHY4,aj_kabrit,,,,
مدونة تجميل بإعاقة ملهمة,https://www.youtube.com/watch?v=EXWRcHS2RpM,aj_kabrit,,,,
عشرات القرارات بالمنع من السفر في مصر,https://www.youtube.com/watch?v=UBa2VRKpxbE,aj_kabrit,,,,
عائلة سورية تقضي وقت الدراسة واللعب في نفق,https://www.youtube.com/watch?v=uhewEr3Cotw,aj_kabrit,,,,
مقتل طالب سعودي في أمريكا,https://www.youtube.com/watch?v=IgyeX2t-GfQ,aj_kabrit,,,,
أسقف جذابة لتوليد الكهرباء فوق المنازل,https://www.youtube.com/watch?v=fx6S0fV65vY,aj_kabrit,,,,
تحرش في أيام قرطاج,https://www.youtube.com/watch?v=opfdyd11Bf0,aj_kabrit,,,,
البرادعي: تفاجأت باحتجاز مرسي,https://www.youtube.com/watch?v=WNAgbvvI_JA,aj_kabrit,,,,
أطفال عالقون في الموصل,https://www.youtube.com/watch?v=KwxfWD9YRUw,aj_kabrit,,,,
مهرجان النار في اسكتلندا,https://www.youtube.com/watch?v=VBGI5Pg6QKc,aj_kabrit,,,,
مدرسة الفنون القتالية في صنعاء,https://www.youtube.com/watch?v=4Xb8MKICnFo,aj_kabrit,,,,
فساتين بالشوكولاتة في باريس,https://www.youtube.com/watch?v=TNSRgdvvJSM,aj_kabrit,,,,
معنا معنى 2 | من سبق لبق,https://www.youtube.com/watch?v=CkBLHTWNHvc,aj_kabrit,,,,
شبكة الجزيرة تبلغ عامها العشرين,https://www.youtube.com/watch?v=ECRMDxRTuxk,aj_kabrit,,,,
سيد مشاغب يضرب عن الطعام,https://www.youtube.com/watch?v=8pNUYFelW-o,aj_kabrit,,,,
غاريث بيل يجدد عقده مع ريال مدريد,https://www.youtube.com/watch?v=aqYoCiCIbds,aj_kabrit,,,,
موسم الرحلات البرية يبدأ بمعرض لمحبيها,https://www.youtube.com/watch?v=AqfkPSzJgvc,aj_kabrit,,,,
شرطي فلسطيني يجرح 3 إسرائيليين في إطلاق نار,https://www.youtube.com/watch?v=q5rbB3t00Z0,aj_kabrit,,,,
سوري فقد ساقه فبدأ في تعلم البرمجة,https://www.youtube.com/watch?v=Z_UmLraUBOM,aj_kabrit,,,,
القراءة على الشاشات الإلكترونية تقلل الفهم,https://www.youtube.com/watch?v=DTRrNzh0mZg,aj_kabrit,,,,
من هو الرئيس اللبناني الجديد ميشيل عون؟,https://www.youtube.com/watch?v=3iC_EpmpdHY,aj_kabrit,,,,
رحلة قطة لاجئة,https://www.youtube.com/watch?v=xSkJzfpG6DI,aj_kabrit,,,,
الحسيمة غاضبة بمقتل محسن فكري,https://www.youtube.com/watch?v=ct7JJMF1erU,aj_kabrit,,,,
انتخاب ميشيل عون رئيساً للبنان,https://www.youtube.com/watch?v=4ETk1-wBrKU,aj_kabrit,,,,
حادثة غرق مهاجرين بعدسة بحار,https://www.youtube.com/watch?v=7zP6uDo5y7E,aj_kabrit,,,,
مظاهرات غاضبة في المغرب,https://www.youtube.com/watch?v=izuakAcMmEQ,aj_kabrit,,,,
أطفال حلب يرسمون الجدران المدمرة,https://www.youtube.com/watch?v=e1pDAAcS9p8,aj_kabrit,,,,
السلام الأخضر ومشروع ليلى في مهمة مشتركة,https://www.youtube.com/watch?v=r-3CxzA6GPw,aj_kabrit,,,,
أطباق شهية من الطباخة الصغيرة,https://www.youtube.com/watch?v=KfevqO4sjRU,aj_kabrit,,,,
احتفال بيوم الموتى في المكسيك,https://www.youtube.com/watch?v=HIXLEApYYU0,aj_kabrit,,,,
مدارس مصر وترشيد السكر,https://www.youtube.com/watch?v=aLViz1P_21w,aj_kabrit,,,,
بائع السمك المطحون,https://www.youtube.com/watch?v=VxPYxD2eLC0,aj_kabrit,,,,
معركة جديدة في حلب: ملحمة حلب الكبرى,https://www.youtube.com/watch?v=R6mFyCJ1W-Y,aj_kabrit,,,,
من هم البدون أو عديمو الجنسية؟,https://www.youtube.com/watch?v=aOEXjcQ_Or4,aj_kabrit,,,,
كيف أنقذ قط متشرد حياة شاب؟,https://www.youtube.com/watch?v=XEEttEgq6jQ,aj_kabrit,,,,
هل اليمن مقبل على مجاعة؟,https://www.youtube.com/watch?v=dRGxhRNcXXc,aj_kabrit,,,,
برنامج يبتكر شكل الأنف المثالي,https://www.youtube.com/watch?v=TQOjM848dC4,aj_kabrit,,,,
السليط الإخباري الموسم الثاني - الحلقة 15 - نهاية العالم,https://www.youtube.com/watch?v=Qef2mBNsWaE,aj_kabrit,,,,
مهرب ألعاب الأطفال إلى حلب,https://www.youtube.com/watch?v=jV_jAGMXb34,aj_kabrit,,,,
"ليلة القبض على ""المعلم""",https://www.youtube.com/watch?v=gLrjhWxmjTY,aj_kabrit,,,,
انتقادات لقانون حظر المشروبات الكحولية في العراق,https://www.youtube.com/watch?v=tnjK2Xo4Y0Y,aj_kabrit,,,,
اعتقال الموناليزا الأفغانية شربات غولا,https://www.youtube.com/watch?v=jg6Dz4OT9-8,aj_kabrit,,,,
مندوب إسرائيل يفقد صوابه في اليونسكو,https://www.youtube.com/watch?v=e5crwZ00cto,aj_kabrit,,,,
رسائل فنية على جدران عمان,https://www.youtube.com/watch?v=w9myNViNBCc,aj_kabrit,,,,
معاناة اللاجئين في مصر,https://www.youtube.com/watch?v=ksS01_T4XRE,aj_kabrit,,,,
غرفة للصراخ في إحدى المكتبات المصرية,https://www.youtube.com/watch?v=OIRA9ryA2Uw,aj_kabrit,,,,
خدمة الدراجات الهوائية للتوصيل,https://www.youtube.com/watch?v=kMl9FoMk9aw,aj_kabrit,,,,
نظام جديد للعمل في السويد,https://www.youtube.com/watch?v=200_sb1OI-Y,aj_kabrit,,,,
رحيل اللاعب البرازيلي كارلوس ألبرتو,https://www.youtube.com/watch?v=2gLhBCe9NDU,aj_kabrit,,,,
السيسي يتحدث عن ثلاجته في مؤتمر الشباب,https://www.youtube.com/watch?v=TeesYMA0OoA,aj_kabrit,,,,
خطاب ميشيل أوباما ضد ترامب,https://www.youtube.com/watch?v=VYV9O8IneaQ,aj_kabrit,,,,
الانتخابات الرئاسية الأمريكية من وجهة نظر الأطفال,https://www.youtube.com/watch?v=c1T2UAhwR8I,aj_kabrit,,,,
محاسن الحلو مروضة نمور مصرية,https://www.youtube.com/watch?v=oAReOcAYTho,aj_kabrit,,,,
معنا معنى 2 | بحشيشو بريشو,https://www.youtube.com/watch?v=ixv8NKH5pAA,aj_kabrit,,,,
جنين يولد مرتين,https://www.youtube.com/watch?v=oZ9FgUfxCTI,aj_kabrit,,,,
قرطاس.. مشروع لتحويل التراث إلى ألعاب,https://www.youtube.com/watch?v=09IQHGkTOkc,aj_kabrit,,,,
إحياء أكبر مكتبة في العالم,https://www.youtube.com/watch?v=x_6E5w1NHXY,aj_kabrit,,,,
لاجئون عراقيون إلى سوريا,https://www.youtube.com/watch?v=sbDyluzwfgs,aj_kabrit,,,,
مؤتمر شبابي إلكتروني مصري مواز لمؤتمر السيسي للشباب,https://www.youtube.com/watch?v=jA0hbVR0JnY,aj_kabrit,,,,
بدء إخلاء مخيم كاليه للاجئين,https://www.youtube.com/watch?v=-rEPYXwO1Ok,aj_kabrit,,,,
قط بوظيفة ممرض,https://www.youtube.com/watch?v=rgVjh9fZqQU,aj_kabrit,,,,
الحرية والتحرر في السعودية,https://www.youtube.com/watch?v=QZNBMVyEf6g,aj_kabrit,,,,
ماركات عالمية تستغل الأطفال اللاجئين,https://www.youtube.com/watch?v=ON8qfhs7jco,aj_kabrit,,,,
المالكي يعد بتحرير الرقة وحلب واليمن بعد نينوى,https://www.youtube.com/watch?v=ubNKzR1-4Ks,aj_kabrit,,,,
جدل العلم والنشيد بموريتانيا,https://www.youtube.com/watch?v=SLfuZd2QA4s,aj_kabrit,,,,
سائق التوكتوك المصري بخير,https://www.youtube.com/watch?v=kIbIi0b141E,aj_kabrit,,,,
بائع الشاي الباكستاني,https://www.youtube.com/watch?v=jR2nve8g238,aj_kabrit,,,,
مراسلة إسرائيلية تغطي معركة الموصل,https://www.youtube.com/watch?v=wDnyFOA_An8,aj_kabrit,,,,
قرار برفع الأذان من آيا صوفيا يومياً,https://www.youtube.com/watch?v=aYIBIGPy75Y,aj_kabrit,,,,
كيف تحمي خصوصيتك على الإنترنت,https://www.youtube.com/watch?v=4lSr6vuVeHs,aj_kabrit,,,,
الطباعة ثلاثية الأبعاد,https://www.youtube.com/watch?v=hZdZ3eUc2IU,aj_kabrit,,,,
عالم يؤلف موسيقى لتهدئة القطط المضطربة,https://www.youtube.com/watch?v=NImfLEY4dCQ,aj_kabrit,,,,
"""بيبسي"" تعلن نيتها خفض نسبة السكر في مشروباتها",https://www.youtube.com/watch?v=ghIePEgCcJg,aj_kabrit,,,,
المهرج الطبيب من قطاع غزة,https://www.youtube.com/watch?v=s6dsFgp2_jc,aj_kabrit,,,,
قارب خيزران يعبر المحيط,https://www.youtube.com/watch?v=fEw4sfUAA3U,aj_kabrit,,,,
اعتداء على رجل في قطار لندن,https://www.youtube.com/watch?v=RdoAOCdMnYo,aj_kabrit,,,,
سعد الحريري يرشح ميشيل عون لرئاسة لبنان,https://www.youtube.com/watch?v=1a7gaoTO2Bg,aj_kabrit,,,,
يوتيوب تطلق منصة للمبدعات العربيات,https://www.youtube.com/watch?v=Iw_eFGR6Qu4,aj_kabrit,,,,
لبنان يفتتح أول مركز تلقيح صناعي لملكات النحل في المنطقة,https://www.youtube.com/watch?v=DBjNeJT8U_I,aj_kabrit,,,,
السليط الإخباري الموسم الثاني - الحلقة 14 - كركبة,https://www.youtube.com/watch?v=rr-DYxDYhbI,aj_kabrit,,,,
حملة للتبرع بالأعضاء بعد الموت في المغرب,https://www.youtube.com/watch?v=5ImT-V65_lI,aj_kabrit,,,,
الجولة الثالثة من مناظرات رئاسة الولايات المتحدة بين ترامب وكلينتون,https://www.youtube.com/watch?v=bf03gUrva6c,aj_kabrit,,,,
إطلاق سراح الموريتاني محمدو ولد صلاحي من غوانتانامو,https://www.youtube.com/watch?v=X01El6w4MAc,aj_kabrit,,,,
ما مصير التقاعد النسبي؟,https://www.youtube.com/watch?v=8gXYsbQqgPg,aj_kabrit,,,,
ليوناردو ديكابريو في ورطة,https://www.youtube.com/watch?v=SdjSAMVtv-4,aj_kabrit,,,,
فحص نفسي قبل الزواج,https://www.youtube.com/watch?v=LMxvvUUP6pg,aj_kabrit,,,,
موسيقى الذكاء الصناعي,https://www.youtube.com/watch?v=dr0t-6rz2hk,aj_kabrit,,,,
مجموعة مواعدة في اليابان يتعارفون من وراء قناع,https://www.youtube.com/watch?v=6BKdbyQpJm8,aj_kabrit,,,,
قرار اليونسكو عن المسجد الأقصى واليهود,https://www.youtube.com/watch?v=qjDMUg0AKwU,aj_kabrit,,,,
أسماء الأسد ترفض عروضاً لمغادرة سوريا,https://www.youtube.com/watch?v=L8iKP5FVUG8,aj_kabrit,,,,
مظاهرات حاشدة في بورسعيد,https://www.youtube.com/watch?v=dYGQ4rRVEGA,aj_kabrit,,,,
منبه وجهاز تحضير قهوة في آن,https://www.youtube.com/watch?v=XeSb0-TP7r8,aj_kabrit,,,,
معنا معنى 2 | كسَّر مآديفه,https://www.youtube.com/watch?v=GPgwmpXappU,aj_kabrit,,,,
العيش وسط المقابر في الفلبين,https://www.youtube.com/watch?v=p2Od7IjJiok,aj_kabrit,,,,
إعلامي تونسي يدعو فتاة للزواج من مغتصبها,https://www.youtube.com/watch?v=uVh0B8xBzhQ,aj_kabrit,,,,
أول شرطية مرور في منبج السورية,https://www.youtube.com/watch?v=nI7OG2AsIIM,aj_kabrit,,,,
أكبر لوحات الفسيفساء عالمياً في فلسطين,https://www.youtube.com/watch?v=7xRlxF_hI-0,aj_kabrit,,,,
مخاوف من كارثة إنسانية في الموصل,https://www.youtube.com/watch?v=KQMEL8LSe8E,aj_kabrit,,,,
معروف.. الناجي الوحيد من مجزرة القاطرجي,https://www.youtube.com/watch?v=JReRvdfIwcQ,aj_kabrit,,,,
مجموعة صينية تقرصن سيارة تسلا,https://www.youtube.com/watch?v=1Sy6cs2HFns,aj_kabrit,,,,
موعد صرف الرواتب يتغير في السعودية,https://www.youtube.com/watch?v=pioSuMQYueE,aj_kabrit,,,,
عودة الألتراس المغربي,https://www.youtube.com/watch?v=1qQ5WVtJPis,aj_kabrit,,,,
وفد سوري في القاهرة,https://www.youtube.com/watch?v=beRP6iEgC54,aj_kabrit,,,,
انطلاق عملية استعادة الموصل من تنظيم الدولة,https://www.youtube.com/watch?v=FwitP-tULkc,aj_kabrit,,,,
طائرات دون طيار إلى مستشفيات رواندا,https://www.youtube.com/watch?v=PihN67bDBUo,aj_kabrit,,,,
راحة الجسد في رمال مرزوكة بالمغرب,https://www.youtube.com/watch?v=nzC_eTfKynY,aj_kabrit,,,,
نفاد الملابس السوداء من تايلند,https://www.youtube.com/watch?v=bpCEsk0bn3U,aj_kabrit,,,,
جزيرة الصم في إندونيسيا,https://www.youtube.com/watch?v=MN4wMV6sz4E,aj_kabrit,,,,
مخطط تفجير في كانساس,https://www.youtube.com/watch?v=FzTwxPSwrVQ,aj_kabrit,,,,
سيدة تشكو هم المصريين وشاب يحرق نفسه في مصر,https://www.youtube.com/watch?v=YK7d4Pno2sY,aj_kabrit,,,,
الحق في الخصوصية,https://www.youtube.com/watch?v=Z6lLDBuXjR4,aj_kabrit,,,,
نحات عراقي يحيي معالم بغداد,https://www.youtube.com/watch?v=Xbyq65ETfPM,aj_kabrit,,,,
توابيت بأشكال غريبة,https://www.youtube.com/watch?v=6TtqwbrrP1w,aj_kabrit,,,,
بوب ديلان الفائز بجائزة نوبل للآداب,https://www.youtube.com/watch?v=5hKABjYEqn4,aj_kabrit,,,,
مهرجان شواء اللحوم في الأرجنتين,https://www.youtube.com/watch?v=VNp94P6Dbyk,aj_kabrit,,,,
السليط الإخباري الموسم الثاني - الحلقة 13 - وقاحة,https://www.youtube.com/watch?v=gTGwYVtutkw,aj_kabrit,,,,
فلسطين تطالب الفيفا بمنع أندية المستوطنات الإسرائيلية,https://www.youtube.com/watch?v=BqJ_3zIQfHs,aj_kabrit,,,,
استهداف المستشفيات في حلب,https://www.youtube.com/watch?v=G1Q2HDSY3qQ,aj_kabrit,,,,
سائق توك توك يشكو حال مصر,https://www.youtube.com/watch?v=dYtjlypk99g,aj_kabrit,,,,
مطالبات بإغلاق قناة بداية في السعودية,https://www.youtube.com/watch?v=J574ZOHbtU0,aj_kabrit,,,,
سكان غزة يتجاوزون المليونين,https://www.youtube.com/watch?v=pAIUHMK5GWE,aj_kabrit,,,,
مشاركة فريق إسرائيلي ببطولة في قطر,https://www.youtube.com/watch?v=CahOvy8egZE,aj_kabrit,,,,
روبوت يطهو الطعام,https://www.youtube.com/watch?v=weg76zCxhxw,aj_kabrit,,,,
الحجاب إلزامي في بطولة الشطرنج في إيران,https://www.youtube.com/watch?v=enE4FShPy4g,aj_kabrit,,,,
"مصادرة ""بسطة"" شادي للكتب في الأردن",https://www.youtube.com/watch?v=a9Fqob5BvhU,aj_kabrit,,,,
خالد صلاح يدعو المصريين لترشيد لعمرة والحج,https://www.youtube.com/watch?v=INb5q4jfysw,aj_kabrit,,,,
قفاز يملك إمكانيات اليد البشرية,https://www.youtube.com/watch?v=84CtgSVN2zg,aj_kabrit,,,,
عامل يمارس الرياضة في مكان عمله,https://www.youtube.com/watch?v=WAp1prHS78U,aj_kabrit,,,,
معنا معنى 2 | منشور فوق السداري,https://www.youtube.com/watch?v=bG8SLbZsz7o,aj_kabrit,,,,
سجون فرنسية للبيع,https://www.youtube.com/watch?v=EtRCDl_Th6I,aj_kabrit,,,,
""" فادي لازم يتزوج"" والبحث عن عروس",https://www.youtube.com/watch?v=9JCOAdyB0fY,aj_kabrit,,,,
سجون فرنسية للبيع,https://www.youtube.com/watch?v=zOfkldhKUQQ,aj_kabrit,,,,
موقف مصر من مشروع القرار الروسي,https://www.youtube.com/watch?v=KL_g25w9jHQ,aj_kabrit,,,,
أطفال اليمن خارج المدارس,https://www.youtube.com/watch?v=HeWLfHL9ixA,aj_kabrit,,,,
سامسونغ توقف مؤقتاً بيع واستبدال نوت 7,https://www.youtube.com/watch?v=1FuzI1a7wFA,aj_kabrit,,,,
مهرجان الغرافيتي في المكسيك,https://www.youtube.com/watch?v=l7MdxPX-rqA,aj_kabrit,,,,
فرقة للحفاظ على التراث الموسيقي في العراق,https://www.youtube.com/watch?v=A887qg2_un0,aj_kabrit,,,,
مناظرة هيلاري وترامب الثانية,https://www.youtube.com/watch?v=mkANXkvSV18,aj_kabrit,,,,
بوتين في أول زيارة لتركيا بعد إسقاط الطائرة,https://www.youtube.com/watch?v=wzIXYBsNGBM,aj_kabrit,,,,
اعطيلي مخك,https://www.youtube.com/watch?v=v5oTBnfX8v8,aj_kabrit,,,,
استنساخ سنابشات,https://www.youtube.com/watch?v=xJ0OdG2AF5A,aj_kabrit,,,,
استشهاد فلسطيني عقب عملية إطلاق نار في القدس,https://www.youtube.com/watch?v=Hj1eOpX_51Q,aj_kabrit,,,,
الصديق الآلي,https://www.youtube.com/watch?v=2JBA9CLU4gA,aj_kabrit,,,,
وزير الثقافة الفلسطيني السابق يتنكر للدحية,https://www.youtube.com/watch?v=k2KE3bKMD6w,aj_kabrit,,,,
مهرجون خطرون,https://www.youtube.com/watch?v=FqakOKi5aR8,aj_kabrit,,,,
مواليد اللاجئين في لبنان بلا جنسية,https://www.youtube.com/watch?v=XbeZ2MDHSFw,aj_kabrit,,,,
مسافر يعيد طائرة إلى المطار بطريقة مبتكرة,https://www.youtube.com/watch?v=zpwjIST_GRg,aj_kabrit,,,,
استياء واسع من دونالد ترامب,https://www.youtube.com/watch?v=XQb6FFJ0QqM,aj_kabrit,,,,
انتقادات لمصر إثر تصويتها في مجلس الأمن,https://www.youtube.com/watch?v=Dc9Wb09-2Q4,aj_kabrit,,,,
نتائج الانتخابات البرلمانية المغربية,https://www.youtube.com/watch?v=jt5iORhwumQ,aj_kabrit,,,,
مئات القتلى والجرحى في هجوم باليمن,https://www.youtube.com/watch?v=qOR1sbsmunc,aj_kabrit,,,,
كيف تصبح رئيساً لأمريكا؟,https://www.youtube.com/watch?v=FQDu3mIzeUI,aj_kabrit,,,,
عجائز يواجهن الاغتصاب في كينيا,https://www.youtube.com/watch?v=VsEFkgazaLg,aj_kabrit,,,,
القط الأكبر سناً في العالم,https://www.youtube.com/watch?v=v5Fw5hiAS-g,aj_kabrit,,,,
أحلام السوريين تجسدها دمى مطرزة,https://www.youtube.com/watch?v=1UauR2_wq1Q,aj_kabrit,,,,
حملة لمواجهة سرطان المبيض في المكسيك,https://www.youtube.com/watch?v=JwVtzg7_KtI,aj_kabrit,,,,
الانتخابات البرلمانية تنطلق في المغرب,https://www.youtube.com/watch?v=Rblcl2Bggog,aj_kabrit,,,,
روبوت مدرب لكرة تنس الطاولة,https://www.youtube.com/watch?v=KWQrwjWv4UY,aj_kabrit,,,,
قطط تكرم حول العالم,https://www.youtube.com/watch?v=0w6gs4zsCK8,aj_kabrit,,,,
ميشيل أوباما تدعم هيلاري كلينتون وترد على ترامب,https://www.youtube.com/watch?v=ZqKOrFQn9lo,aj_kabrit,,,,
السليط الإخباري الموسم الثاني - الحلقة 12 - كيف تعشق الزعيم؟,https://www.youtube.com/watch?v=3vugEBTSpqo,aj_kabrit,,,,
رواد مواقع التواصل يدعون لإنقاذ المدارس العراقية,https://www.youtube.com/watch?v=a2LIsYdbuKY,aj_kabrit,,,,
سفارة روسيا في الولايات المتحدة تغرد على تويتر وتشير إلى البيت الأبيض,https://www.youtube.com/watch?v=mu2XIZXXUg8,aj_kabrit,,,,
فنان أمريكي رسوماته أشبه بالصور الفوتوغرافية,https://www.youtube.com/watch?v=0NTgy-BqlxQ,aj_kabrit,,,,
طابق الوفيات الغامضة يحير الشرطة اليابانية,https://www.youtube.com/watch?v=OAGwtvJVvW8,aj_kabrit,,,,
إسرائيل تمنع ناشطات من كسر الحصار,https://www.youtube.com/watch?v=m1AxnUBYkLI,aj_kabrit,,,,
استخدام الطاقة الشمسية في مخيم الزعتري,https://www.youtube.com/watch?v=JD03M_e2wTg,aj_kabrit,,,,
ذكرى احتجاجات 1988 في الجزائر,https://www.youtube.com/watch?v=YDlCLNnXvsM,aj_kabrit,,,,
جدل حول الأجانب في السعودية,https://www.youtube.com/watch?v=GlggzWPUz2w,aj_kabrit,,,,
ياهو تتجسس على عملائها لصالح الاستخبارات,https://www.youtube.com/watch?v=wJP7x1LZiX0,aj_kabrit,,,,
طفلة بريطانية توجه رسالة إلى رئيسة وزراء بلادها,https://www.youtube.com/watch?v=WWYcM06AnNo,aj_kabrit,,,,
نصوص مسيئة بحق الفلسطينيين في مناهج مدراس الشويفات,https://www.youtube.com/watch?v=_6NBq4kEowc,aj_kabrit,,,,
غوغل تطرح مجموعة أجهزة إلكترونية جديدة,https://www.youtube.com/watch?v=3Dvs6fA3qlI,aj_kabrit,,,,
بنكيران يبكي مرة أخرى,https://www.youtube.com/watch?v=p1Heg0mAUxI,aj_kabrit,,,,
معنا معنى 2 | فتل راسي,https://www.youtube.com/watch?v=e1I7pPhKpUI,aj_kabrit,,,,
مسؤول إداري يتعرض للضرب من قبل زميلته في تونس,https://www.youtube.com/watch?v=1N9_OKN3ptg,aj_kabrit,,,,
تداعيات قانون جاستا الأمريكي,https://www.youtube.com/watch?v=m2zXL_9bLNM,aj_kabrit,,,,
مشروع للزعفران الإيراني في ألمانيا,https://www.youtube.com/watch?v=B5z7Oz2wUQs,aj_kabrit,,,,
البنتاغون يصنّع مشاهد مفبركة للقاعدة!,https://www.youtube.com/watch?v=zjFg4028U54,aj_kabrit,,,,
عالم ياباني يفوز بجائزة نوبل في مجال الطب,https://www.youtube.com/watch?v=cenvAS9qud4,aj_kabrit,,,,
ضحية الإهمال الطبي في سجون مصر,https://www.youtube.com/watch?v=FvMw6_24T9o,aj_kabrit,,,,
هاتف ذكي حسي,https://www.youtube.com/watch?v=2nKdqDqnQeE,aj_kabrit,,,,
منقذو الجزر اليونانية مرشحون لنوبل للسلام,https://www.youtube.com/watch?v=X8ktmjvl3hs,aj_kabrit,,,,
معرض فني تكنولوجي في اليابان,https://www.youtube.com/watch?v=A0jmVui65Tw,aj_kabrit,,,,
التزلج على البراكين في نيكاراغوا,https://www.youtube.com/watch?v=vORBXUagQVQ,aj_kabrit,,,,
إطفاء الأضواء في الأردن احتجاجاً على اتفاقية الغاز مع إسرائيل,https://www.youtube.com/watch?v=StWogdsXuNQ,aj_kabrit,,,,
اللاجئون ينجون من مقصلة تصويت المجر,https://www.youtube.com/watch?v=fSAIgSXepmA,aj_kabrit,,,,
المهرجان السنوي الدولي للمناطيد,https://www.youtube.com/watch?v=wVKL3evym5I,aj_kabrit,,,,
مصممة مصرية في أسبوع الموضة في باريس,https://www.youtube.com/watch?v=Xn3DLfDo_fg,aj_kabrit,,,,
تعزية عباس في بيريز,https://www.youtube.com/watch?v=yHLqm-fiv3M,aj_kabrit,,,,
حملات الانتخابات البرلمانية في المغرب,https://www.youtube.com/watch?v=da5NvrT46go,aj_kabrit,,,,
تصريحات البرلماني المصري إلهامي عجينة المثيرة للجدل,https://www.youtube.com/watch?v=LejbRZ22r0g,aj_kabrit,,,,
النظام السوري يروج للسياحة في حلب؟!,https://www.youtube.com/watch?v=ZPpIfjUlpG8,aj_kabrit,,,,
المنشطات الرياضية,https://www.youtube.com/watch?v=FlMiMuuQ5lg,aj_kabrit,,,,
قصر سابق لصدام حسين يتحول إلى متحف,https://www.youtube.com/watch?v=wuS0kadTOkI,aj_kabrit,,,,
"أول مركز في اليونان لتدريب ""الكلب الدليل""",https://www.youtube.com/watch?v=hzspzen4WFQ,aj_kabrit,,,,
عيادة في قرية فرنسية للعلاج عن بعد,https://www.youtube.com/watch?v=QOLAu24hklA,aj_kabrit,,,,
غطاس لبناني يهوى جمع المفقودات في بحر صيدا,https://www.youtube.com/watch?v=971rA3Pl574,aj_kabrit,,,,
مغردة سورية من حلب بعمر 7 سنوات,https://www.youtube.com/watch?v=R1p-pzCZjWk,aj_kabrit,,,,
الكونغرس يمرر قانون جاستا,https://www.youtube.com/watch?v=1w_28IoFN4w,aj_kabrit,,,,
وفود عربية في تشييع شمعون بيريز,https://www.youtube.com/watch?v=IH-pgJf88Fo,aj_kabrit,,,,
السليط الإخباري الموسم الثاني - الحلقة ١١ - حاميها حراميها,https://www.youtube.com/watch?v=AKzZNTRB9Tw,aj_kabrit,,,,
أول مقهى جليدي في الكويت هو الأكبر في العالم,https://www.youtube.com/watch?v=Zg2iC5foZ2U,aj_kabrit,,,,
معاناة الصيادين في قطاع غزة,https://www.youtube.com/watch?v=IR5_0-Wry1A,aj_kabrit,,,,
طفل يبكي بطريقة هستيرية لرؤيته قناع ترامب,https://www.youtube.com/watch?v=epozwdRa4pE,aj_kabrit,,,,
خطاب مؤثر لطفلة أمريكية,https://www.youtube.com/watch?v=ufffvDUiZWk,aj_kabrit,,,,
سينما فلسطينية بالهواء الطلق,https://www.youtube.com/watch?v=vUJI0QgiLn4,aj_kabrit,,,,
"لاجئ سوري يصنع حلوى ""الراحة"" في مخيم الزعتري",https://www.youtube.com/watch?v=w8WcnQMf9u8,aj_kabrit,,,,
تناقص أعداد الفيلة في أفريقيا,https://www.youtube.com/watch?v=2suPRdSU_ZU,aj_kabrit,,,,
معالم بغداد من أعواد الثقاب,https://www.youtube.com/watch?v=kUN4EkW101E,aj_kabrit,,,,
صفحات مؤيدة للنظام السوري تشمت في معارض يبيع القهوة,https://www.youtube.com/watch?v=ZnQetA5oiXA,aj_kabrit,,,,
فنانان أوكرانيان يحولان الأسلحة لأعمال فنية,https://www.youtube.com/watch?v=OmckFX7vmQs,aj_kabrit,,,,
جدل في تونس بعد تصريحات المفتي بترك الاحتجاجات,https://www.youtube.com/watch?v=zJxnXzZc2IY,aj_kabrit,,,,
صحف لبنانية تفصل موظفيها,https://www.youtube.com/watch?v=lLxBpivjCzw,aj_kabrit,,,,
التلوث يقتل الملايين سنوياً,https://www.youtube.com/watch?v=rMh4m2Su7Uc,aj_kabrit,,,,
شمعون بيرز .. رئيس الحروب,https://www.youtube.com/watch?v=DZXKLuhxAh0,aj_kabrit,,,,
معنا معنى 2 | أبو الهول نطق,https://www.youtube.com/watch?v=PJD7PfkEQtM,aj_kabrit,,,,
دمى جنسية تروج بالمغرب,https://www.youtube.com/watch?v=l0rzhHrXmLc,aj_kabrit,,,,
زعيم حركة النجباء الشيعية العراقية يزور مدينة حلب,https://www.youtube.com/watch?v=XDFRO0G7USc,aj_kabrit,,,,
المناظرة الرئاسية الأولى بين ترامب وكلينتون,https://www.youtube.com/watch?v=NC_i8bgTNBw,aj_kabrit,,,,
السيسي يطلب من المواطنين الفكة,https://www.youtube.com/watch?v=huERSDH_VVE,aj_kabrit,,,,
اتفاقية اقتصادية بين الأردن وإسرائيل,https://www.youtube.com/watch?v=HyFvSHTV--Y,aj_kabrit,,,,
رسم على الجسد,https://www.youtube.com/watch?v=AvBVb8m3Dus,aj_kabrit,,,,
كلاب تركب الأمواج في كاليفورنيا,https://www.youtube.com/watch?v=B8COkjNY3X0,aj_kabrit,,,,
تزايد حوادث العنصرية في بريطانيا,https://www.youtube.com/watch?v=6JLJdsZ_ydQ,aj_kabrit,,,,
مراهق سعودي في قبضة الأمن,https://www.youtube.com/watch?v=nBFgFkPIgC8,aj_kabrit,,,,
غلاف مجلة “ناشيونال جيوغرافيك” يثير سخط البعض,https://www.youtube.com/watch?v=68MQwKcTqEg,aj_kabrit,,,,
بطولة المناطيد للمسافات الطويلة 2016,https://www.youtube.com/watch?v=xE982iC7k8Q,aj_kabrit,,,,
الفيسبوك يحجب صفحات فلسطينية,https://www.youtube.com/watch?v=wKpdhbzpuzM,aj_kabrit,,,,
أول نظارات ينتجها سناب شات,https://www.youtube.com/watch?v=cYUv9tWuQMk,aj_kabrit,,,,
سفينتا زيتونة وأمل 2 في محطتهما الأخيرة قبل غزة,https://www.youtube.com/watch?v=KNnV5HY-tUQ,aj_kabrit,,,,
عطلة نهاية أسبوع مميتة في حلب,https://www.youtube.com/watch?v=myAw9Fjvtmk,aj_kabrit,,,,
اغتيال الكاتب الأردني ناهض حتر في عمان,https://www.youtube.com/watch?v=7odp1P2FUNo,aj_kabrit,,,,
فيسبوك والمواقع الإباحية في الجزائر,https://www.youtube.com/watch?v=xiKtoIPuAg4,aj_kabrit,,,,
أخطار تقنية,https://www.youtube.com/watch?v=xvfmfxukSew,aj_kabrit,,,,
تطبيق لقياس فقر الدم,https://www.youtube.com/watch?v=a2OTYX72z4s,aj_kabrit,,,,
برنامج يقلّد خط اليد,https://www.youtube.com/watch?v=y5hbArvsp1g,aj_kabrit,,,,
لاجئة سورية تؤسس مشروعاً ناجحاً,https://www.youtube.com/watch?v=J8MHxQzmyXA,aj_kabrit,,,,
اختراق ضخم في ياهو,https://www.youtube.com/watch?v=7Q8bpy7ROXE,aj_kabrit,,,,
طفل أمريكي يريد مساعدة الطفل السوري عمران,https://www.youtube.com/watch?v=2DSnt68_LdY,aj_kabrit,,,,
إيرانيات يتحدين فتوى تمنعهن من ركوب الدراجات,https://www.youtube.com/watch?v=yeEwmQxzyqk,aj_kabrit,,,,
نجوم هوليوود ضد دونالد ترامب,https://www.youtube.com/watch?v=FkBZ20HddLE,aj_kabrit,,,,
السليط الإخباري الموسم الثاني - الحلقة 10 - مهدد بالانقراض,https://www.youtube.com/watch?v=E5yHveiH_04,aj_kabrit,,,,
مارك زوكربرغ يكافح أمراض الأطفال,https://www.youtube.com/watch?v=EKDSuDIQGhM,aj_kabrit,,,,
معركة الضرائب بين تونس والجزائر,https://www.youtube.com/watch?v=T01Xm5xF_FY,aj_kabrit,,,,
حالة طوارئ في ولاية كارولينا الشمالية الأمريكية,https://www.youtube.com/watch?v=7hi_1YLSNo8,aj_kabrit,,,,
مركب للاجئين ينقلب قرابة السواحل المصرية,https://www.youtube.com/watch?v=eQTs0vyK4RQ,aj_kabrit,,,,
حذاء BMW وPuma,https://www.youtube.com/watch?v=vbPZnvplU8s,aj_kabrit,,,,
قصف قافلة إغاثة ينسف الهدنة,https://www.youtube.com/watch?v=GGURgCkGsEQ,aj_kabrit,,,,
دونالد ترامب الابن وسكيتلز واللاجئون السوريون,https://www.youtube.com/watch?v=JlyW6qBzNzU,aj_kabrit,,,,
حملة لإسقاط الولاية في السعودية,https://www.youtube.com/watch?v=bGZV4hyf25U,aj_kabrit,,,,
البيت الأبيض يحمي بشار الأسد؟,https://www.youtube.com/watch?v=XHfAF1fxDSI,aj_kabrit,,,,
براد بيت وأنجلينا جولي على طريق الطلاق,https://www.youtube.com/watch?v=BZChWCP8gd0,aj_kabrit,,,,
38 مليار دولار مساعدات عسكرية من الولايات المتحدة لإسرائيل,https://www.youtube.com/watch?v=3QapAqO915M,aj_kabrit,,,,
أكشاك الهاتف الحمراء تتحول إلى مكاتب ذكية,https://www.youtube.com/watch?v=AKfXpulazuo,aj_kabrit,,,,
معنا معنى 2 | ما على خيّر متخيّر,https://www.youtube.com/watch?v=UOmIfw-qHuA,aj_kabrit,,,,
عزّاب من اليابان,https://www.youtube.com/watch?v=fUgXtMDxJCA,aj_kabrit,,,,
سفينتا أمل وزيتونة لكسر الحصار عن غزة,https://www.youtube.com/watch?v=92vfiR40kPU,aj_kabrit,,,,
أكبر مصعد في العالم للسفن,https://www.youtube.com/watch?v=Iam-T-pUXWU,aj_kabrit,,,,
الأردنيون ينتخبون مجلس النواب 18,https://www.youtube.com/watch?v=eHWc51JumdQ,aj_kabrit,,,,
معاناة عائلة سورية في لبنان,https://www.youtube.com/watch?v=UxpVM5O0nGk,aj_kabrit,,,,
الأقباط في مقدمة مستقبلي السيسي بنيويورك,https://www.youtube.com/watch?v=Tu6oEb112nw,aj_kabrit,,,,
سيارة هجينة من تصميم طلاب مصريين,https://www.youtube.com/watch?v=rcO1KW2iMko,aj_kabrit,,,,
نسور لأجل اصطياد الطائرات بدون طيار,https://www.youtube.com/watch?v=T9ESM-VTEwU,aj_kabrit,,,,
الاتجار بالبشر,https://www.youtube.com/watch?v=cj0SsWuT_uI,aj_kabrit,,,,
معاناة اللاجئين السوريين على الحدود الأردنية,https://www.youtube.com/watch?v=zOfPMaeY3wo,aj_kabrit,,,,
محكمة مصرية تجمد أموال مؤسسات مدنية,https://www.youtube.com/watch?v=1lPH7dhs3Tw,aj_kabrit,,,,
بنيامين نتنياهو والتطهير العرقي,https://www.youtube.com/watch?v=nJ7j0p_ewX0,aj_kabrit,,,,
متحف للأمريكيين من أصل أفريقي,https://www.youtube.com/watch?v=8vItwyr0tMM,aj_kabrit,,,,
"سيارات ""أوبر"" بدون سائق",https://www.youtube.com/watch?v=Xzxfb8qagtc,aj_kabrit,,,,
بريطانيا تسلم بلجيكا 3000 عينة دماغ لمرضى نفسيين,https://www.youtube.com/watch?v=T2yPKUk_LvU,aj_kabrit,,,,
طفلان يصنعان ألعاباً باستخدام الأجهزة القديمة والنفايات,https://www.youtube.com/watch?v=PGZ1EETY5zI,aj_kabrit,,,,
جماعات حقوقية تطلق حملة لحث أوباما على العفو عن إدوارد سنودن,https://www.youtube.com/watch?v=9P6S3Wk1HKA,aj_kabrit,,,,
طفلة سعودية تقترح إيموجي بالحجاب,https://www.youtube.com/watch?v=4HuU_b7TEi4,aj_kabrit,,,,
تعذيب الأرانب في فرنسا من أجل فروها,https://www.youtube.com/watch?v=9ArGNdDF3Hk,aj_kabrit,,,,
وعكة صحية تهدد كلينتون,https://www.youtube.com/watch?v=O8-7PHpYXRw,aj_kabrit,,,,
البلجيكيون يطاردون الكتب بدلاً من شخصيات بوكيمون,https://www.youtube.com/watch?v=jNPBFAzNuek,aj_kabrit,,,,
فيسبوك يفرض الحصار بأمر من إسرائيل,https://www.youtube.com/watch?v=Zv6iKR-Jxmo,aj_kabrit,,,,
مصطفى.. قصة لاجئ آخر,https://www.youtube.com/watch?v=RQHaIlejFPk,aj_kabrit,,,,
ديربي مصارعة السيارات في أمريكا,https://www.youtube.com/watch?v=B9QUG74c2Mc,aj_kabrit,,,,
حشود إسبانية للتعاطف مع الثيران,https://www.youtube.com/watch?v=gkS0_T0PdOc,aj_kabrit,,,,
تقليد سنوي إندونيسي لسباق الجواميس,https://www.youtube.com/watch?v=kxRWQGUqrWA,aj_kabrit,,,,
أسطورة كرة الطاولة إبراهيم حمدتو,https://www.youtube.com/watch?v=jWy8Hm_DI6I,aj_kabrit,,,,
حياة مقاتل سوري,https://www.youtube.com/watch?v=EQeHzIYU5rg,aj_kabrit,,,,
بنيامين نتنياهو والتطهير العرقي,https://www.youtube.com/watch?v=6lgxXtfXESg,aj_kabrit,,,,
صلاة عيد الأضحى في دول مختلفة حول العالم,https://www.youtube.com/watch?v=wHWilDnpue0,aj_kabrit,,,,
السليط الإخباري الموسم الثاني - الحلقة 9 - الحلم العربي,https://www.youtube.com/watch?v=6GRiaKTB9TY,aj_kabrit,,,,
أولمبياد رياضي لذوي الإعاقة الجسدية,https://www.youtube.com/watch?v=1_CRKuaqtuw,aj_kabrit,,,,
أنجلينا جولي تزور مخيم الأزرق,https://www.youtube.com/watch?v=3vUtn2juYrw,aj_kabrit,,,,
للمرأة دور في اغتصابها.. تصريح لأحد النواب اللبنانيين,https://www.youtube.com/watch?v=Wk3GiFR79dc,aj_kabrit,,,,
السوار الإلكتروني أحد شروط فريضة الحج لهذا العام,https://www.youtube.com/watch?v=V6kZ_8ZTOms,aj_kabrit,,,,
كيري ولافروف وإعلان خطة سلام في سوريا,https://www.youtube.com/watch?v=EFL8BMvzIpw,aj_kabrit,,,,
أطفال يتعلمون الرياضيات بأسلوب Shichida,https://www.youtube.com/watch?v=mKifanyN_1M,aj_kabrit,,,,
بت كوين.. العملة الرقمية,https://www.youtube.com/watch?v=zT27tZIk-Qg,aj_kabrit,,,,
البناء التقليدي في اليمن مستمر رغم الحرب,https://www.youtube.com/watch?v=kKF0UAylGmU,aj_kabrit,,,,
مدارس مجانية والتعليم رديء,https://www.youtube.com/watch?v=Q2VdeLsk-E4,aj_kabrit,,,,
معمرو العالم في إيطاليا,https://www.youtube.com/watch?v=4XdayxEBydQ,aj_kabrit,,,,
جهاز استشعار لكشف الأمراض المستعصية,https://www.youtube.com/watch?v=CX2_bK050sc,aj_kabrit,,,,
منزل فاخر في لبنان,https://www.youtube.com/watch?v=-jCsT2VB-uw,aj_kabrit,,,,
أول سباق للطائرات دون طيار في فرنسا,https://www.youtube.com/watch?v=bwzJBThQzrw,aj_kabrit,,,,
موقع صيني يوفر خدمة استئجار حبيب,https://www.youtube.com/watch?v=fg7lJJ_FDdE,aj_kabrit,,,,
نوال تحارب الختان في مصر,https://www.youtube.com/watch?v=Bppcyij-5LU,aj_kabrit,,,,
أرقام قياسية جديدة في كتاب غينيس 2017,https://www.youtube.com/watch?v=y_mBaSwMexA,aj_kabrit,,,,
مصارعة الكباش في بلدان مغاربية,https://www.youtube.com/watch?v=bvJvDLcn_pY,aj_kabrit,,,,
أول مأوى للكلاب في غزة,https://www.youtube.com/watch?v=XzQwLJhF8bA,aj_kabrit,,,,
السليط الإخباري الموسم الثاني - الحلقة 8 - دراما,https://www.youtube.com/watch?v=YSOCbxy1Cio,aj_kabrit,,,,
PlayStation 4 بنسخ جديدة في الأسواق,https://www.youtube.com/watch?v=snP00lE_7bE,aj_kabrit,,,,
فيلم بلال في دور السينما العربية,https://www.youtube.com/watch?v=QETNXg_-yDU,aj_kabrit,,,,
سياسي هولندي يرفض مصافحة نتنياهو,https://www.youtube.com/watch?v=tUX6XPUZNG0,aj_kabrit,,,,
"أبل تكشف عن هاتف ""أي فون 7""",https://www.youtube.com/watch?v=Kdd0mO9YYU4,aj_kabrit,,,,
فنانة مصرية ترسم بالأكل,https://www.youtube.com/watch?v=1Bb3FRbZ5Qw,aj_kabrit,,,,
شركة تقنيات أميركية تعطي المتوحدين فرصة للعمل,https://www.youtube.com/watch?v=tvn_AOZy4NY,aj_kabrit,,,,
جدل في الجزائر بسبب تصوير معلمة لتلاميذها,https://www.youtube.com/watch?v=gM9TNmmCI7w,aj_kabrit,,,,
مساجد صديقة للبيئة بالمغرب,https://www.youtube.com/watch?v=1Mma2YXsFmI,aj_kabrit,,,,
قصة الطفلة ملاك في ألمانيا,https://www.youtube.com/watch?v=hEe1OUpCNfA,aj_kabrit,,,,
تطبيق يساعد في حمايتك لحظة اعتقالك في مصر,https://www.youtube.com/watch?v=qQvNBvHAfeA,aj_kabrit,,,,
كنافة في أستراليا مع الغناء والرقص,https://www.youtube.com/watch?v=GOCUOi3c5hs,aj_kabrit,,,,
معنا معنى 2 | ونّي بيك,https://www.youtube.com/watch?v=k2APa6zhjw8,aj_kabrit,,,,
رشى لأجل عبور معبر رفح,https://www.youtube.com/watch?v=9NTmb0zAZbk,aj_kabrit,,,,
صدامات بين حلفاء الولايات المتحدة في سوريا,https://www.youtube.com/watch?v=Ee2YkzgXVOM,aj_kabrit,,,,
تمثال أم الشهيد يثير الجدل,https://www.youtube.com/watch?v=Ap3C_Ra7NaM,aj_kabrit,,,,
قتلى بتفجير تبناه تنظيم الدولة وسط بغداد,https://www.youtube.com/watch?v=K8WAT095CwY,aj_kabrit,,,,
القهوة قد تنقرض من العالم,https://www.youtube.com/watch?v=z3S_xST0QpM,aj_kabrit,,,,
ثلاجة ذكية من LG,https://www.youtube.com/watch?v=PIEs0kaXSSc,aj_kabrit,,,,
مهرجان معاصر لإحياء ذكرى حريق لندن الكبير,https://www.youtube.com/watch?v=_2VGR1W-ShQ,aj_kabrit,,,,
#كلنا_معيدين من المغرب إلى الجزائر وتونس,https://www.youtube.com/watch?v=2X-2jNjXxVs,aj_kabrit,,,,
مواقف مضحكة في اجتماعات القادة الرسمية,https://www.youtube.com/watch?v=KrpLFR0HEus,aj_kabrit,,,,
فريق رياضي بمتلازمة داون,https://www.youtube.com/watch?v=GMHSGyUvbB8,aj_kabrit,,,,
حلب تحت الحصار من جديد,https://www.youtube.com/watch?v=1mSEvrVFDDk,aj_kabrit,,,,
مختبرات لتجسيم قضايا حقوق الإنسان في بريطانيا,https://www.youtube.com/watch?v=FneCHzOTTl0,aj_kabrit,,,,
حظر الصابون المضاد للبكتيريا في أمريكا,https://www.youtube.com/watch?v=ST2DMDDZAWs,aj_kabrit,,,,
اتفاق المناخ بين الصين والولايات المتحدة,https://www.youtube.com/watch?v=S7yv5ftKwKw,aj_kabrit,,,,
حملة في الفلبين ضد تجار ومدمني المخدرات,https://www.youtube.com/watch?v=kuaaXOgmj-g,aj_kabrit,,,,
الجيش المصري يضيف حليب الأطفال إلى استثماراته,https://www.youtube.com/watch?v=GpxyHNS9VAA,aj_kabrit,,,,
أول مسلمة محجبة في شرطة ولاية متشيغن,https://www.youtube.com/watch?v=68P9EcSYZHU,aj_kabrit,,,,
فيديو من وزارة السياحة السورية تشجيعاً للسياحة,https://www.youtube.com/watch?v=UScFCj-2OP4,aj_kabrit,,,,
استخدام جرذان في الكشف عن الألغام والسل,https://www.youtube.com/watch?v=SrQhSDonKNk,aj_kabrit,,,,
الجلسة الكوميدية الأولى ضمن مهرجان الدوحة للكوميديا,https://www.youtube.com/watch?v=PINmzQbmt4o,aj_kabrit,,,,
منبه يوقظ بالرائحة,https://www.youtube.com/watch?v=b08b5cGFFRk,aj_kabrit,,,,
الطاقة الشمسية في لبنان,https://www.youtube.com/watch?v=_i-ueKAz6N0,aj_kabrit,,,,
"اكتشاف ""أكبر لؤلؤة في العالم"" في الفلبين",https://www.youtube.com/watch?v=ntiuHUKcWOE,aj_kabrit,,,,
تجربة التواصل عبر النظر بديل التكنولوجيا,https://www.youtube.com/watch?v=X4LVxtma8wU,aj_kabrit,,,,
اندلاع حرب الطماطم,https://www.youtube.com/watch?v=610UmGCM69w,aj_kabrit,,,,
طلاب في غزة يبتكرون سيارة تعمل بالطاقة الشمسية,https://www.youtube.com/watch?v=J3NjPWxJxfY,aj_kabrit,,,,
السليط الإخباري الموسم الثاني - الحلقة 7 - الحب والخيانة,https://www.youtube.com/watch?v=x3_wENJyaJs,aj_kabrit,,,,
تغليظ عقوبة ختان الإناث في مصر,https://www.youtube.com/watch?v=emwndwkgFfk,aj_kabrit,,,,
القصرين: إرهاب وتمهيش,https://www.youtube.com/watch?v=PQChoX-2HlI,aj_kabrit,,,,
اتفاق بين النظام السوري والمعارضة بحي الوعر في حمص,https://www.youtube.com/watch?v=SG-BiU5QTWM,aj_kabrit,,,,
تماثيل زعماء العالم,https://www.youtube.com/watch?v=VZlx1ixS_Hk,aj_kabrit,,,,
موسيقى الراي ضمن قائمة التراث الثقافي,https://www.youtube.com/watch?v=FWFut6DXmWs,aj_kabrit,,,,
الاتحاد الأوروبي يفرض عقوبات على آبل,https://www.youtube.com/watch?v=tBrD1loGrUg,aj_kabrit,,,,
ارتفاع كبير بأعداد القتلى في اليمن,https://www.youtube.com/watch?v=0bP8WagZ79s,aj_kabrit,,,,
انتهاك لحقوق الناشطين والصحفيين بفلسطين,https://www.youtube.com/watch?v=Oyd1UXoS3gs,aj_kabrit,,,,
الأمم المتحدة تدعم نظام الأسد بملايين الدولارات,https://www.youtube.com/watch?v=5eP5lSaA79w,aj_kabrit,,,,
مقتل أبو محمد العدناني الناطق باسم تنظيم الدولة,https://www.youtube.com/watch?v=TQlEDF1k2sY,aj_kabrit,,,,
السيارة الطائرة أصبحت ممكنة,https://www.youtube.com/watch?v=AQ3E1VtXuQs,aj_kabrit,,,,
هواية التزلج بالعجلات في غزة,https://www.youtube.com/watch?v=7rhZZTYqWxo,aj_kabrit,,,,
معنا معنى 2 | عمل من البحر طحينة,https://www.youtube.com/watch?v=M24sf0XxqDo,aj_kabrit,,,,
إيران تدشن شبكة إنترنت وطنية خاصة بها,https://www.youtube.com/watch?v=2244RJbZXVw,aj_kabrit,,,,
ZEEQ وسادة متطورة لنوم أفضل,https://www.youtube.com/watch?v=6WV3uvP8YLI,aj_kabrit,,,,
إسرائيل تهدم منزل الأسير محمد العمايرة,https://www.youtube.com/watch?v=-2LDHjxz4EA,aj_kabrit,,,,
معتقلون لدى السلطة الفلسطينية يضربون على الطعام,https://www.youtube.com/watch?v=d-5HQVjQibs,aj_kabrit,,,,
أزمة النفايات في لبنان تعود,https://www.youtube.com/watch?v=X9v_GhuPatk,aj_kabrit,,,,
روبوت خاص بالمرضى يتفاعل ويتحدث,https://www.youtube.com/watch?v=B4gv3DzUfeA,aj_kabrit,,,,
أول مدرسة لتعليم الباليه في صعيد مصر,https://www.youtube.com/watch?v=6HlX4BnvtvI,aj_kabrit,,,,
طرد مسلمتين من مطعم في باريس,https://www.youtube.com/watch?v=zWlI7xBp4TI,aj_kabrit,,,,
البنيان المرصوص تقتحم آخر معاقل تنظيم الدولة في سرت,https://www.youtube.com/watch?v=aexA8fNpR0c,aj_kabrit,,,,
حرب الطرقات بالجزائر,https://www.youtube.com/watch?v=7uYaniz9OOU,aj_kabrit,,,,
طفل سوري يتذوق الحلوى أول مرة,https://www.youtube.com/watch?v=jGZmC8_A_vs,aj_kabrit,,,,
روبوت يرعى الأغنام والمواشي,https://www.youtube.com/watch?v=J9M8v-z7sbo,aj_kabrit,,,,
أمريكي يعلم الأطفال الموسيقى في أفغانستان,https://www.youtube.com/watch?v=AhszrKc7nnY,aj_kabrit,,,,
الرجل الوطواط يدخل غينيس,https://www.youtube.com/watch?v=CGlanYByajw,aj_kabrit,,,,
فريق روبن هود يساعد الفقراء,https://www.youtube.com/watch?v=rDlXOicz-0E,aj_kabrit,,,,
منتجع مصري يمنع ارتداء البوركيني,https://www.youtube.com/watch?v=LqbAcQN_UVU,aj_kabrit,,,,
سيطرة المعارضة السورية على قرى جديدة في جرابلس,https://www.youtube.com/watch?v=EmbVAKu7ocQ,aj_kabrit,,,,
الخصوصية وتطبيقات الهاتف,https://www.youtube.com/watch?v=XGGeQLvu1-8,aj_kabrit,,,,
فلسطينيات من غزة على أمل المشاركة في TechWomen,https://www.youtube.com/watch?v=IkAKm5li_Ts,aj_kabrit,,,,
انطلاق بطولة التانغو في الأرجنتين,https://www.youtube.com/watch?v=WKwD7xz59TI,aj_kabrit,,,,
رقم قياسي جديد في العزف على الطبل,https://www.youtube.com/watch?v=ZHnl-3K-n4o,aj_kabrit,,,,
اتفاق بين الجيش السوري والمعارضة لإنهاء حصار داريا,https://www.youtube.com/watch?v=grv28Y1hveI,aj_kabrit,,,,
السليط الإخباري الموسم الثاني - الحلقة 6 - براعم الإرهاب,https://www.youtube.com/watch?v=wp5xp6rYNNY,aj_kabrit,,,,
خديجة السويدي.. اغتصاب وعدالة متأخرة,https://www.youtube.com/watch?v=PK3-D8ZpjKA,aj_kabrit,,,,
عروض باليه في شوارع القاهرة,https://www.youtube.com/watch?v=mg3E0oAWiiw,aj_kabrit,,,,
المعارضة السورية تسيطر على جرابلس,https://www.youtube.com/watch?v=bk_t_-TAgs8,aj_kabrit,,,,
زلزال يضرب وسط إيطاليا,https://www.youtube.com/watch?v=Ink3IxqcVN8,aj_kabrit,,,,
"فريق ""المخالب الأربعة"" ينقذ حيوانات غزة",https://www.youtube.com/watch?v=F_x38QmgFs4,aj_kabrit,,,,
مرور عام على أول عملية لزرع يدين,https://www.youtube.com/watch?v=3ZPpvtpJkow,aj_kabrit,,,,
صورة لمختطفي حماس بمقر احتجاز مصري,https://www.youtube.com/watch?v=sCygaPTJ1qI,aj_kabrit,,,,
الاحتلال يمنع الماء,https://www.youtube.com/watch?v=393wdV_AKDA,aj_kabrit,,,,
مزيد من التضييق على المسلمات في فرنسا,https://www.youtube.com/watch?v=awcVPhp56SI,aj_kabrit,,,,
الاحتلال يمنع الماء,https://www.youtube.com/watch?v=izE7GVyEC4Y,aj_kabrit,,,,
Pokémon GO النسخة الروسية,https://www.youtube.com/watch?v=mIOvoSswhV0,aj_kabrit,,,,
Bandaloop فرقة رقص رائدة,https://www.youtube.com/watch?v=ElQlZ5n73d4,aj_kabrit,,,,
وداعاً ريو 2016 .. أهلاً طوكيو 2020,https://www.youtube.com/watch?v=CLxZm66iFr4,aj_kabrit,,,,
شعاب مرجانية في البحر,https://www.youtube.com/watch?v=8731qUWPZ8o,aj_kabrit,,,,
رسومات الأطفال اللاجئين تطبع على القمصان,https://www.youtube.com/watch?v=fwPOOvyDTe4,aj_kabrit,,,,
معنا معنى 2 | خيطي زيطي,https://www.youtube.com/watch?v=eu8PK4lmbdg,aj_kabrit,,,,
الحمامات التركية في الأردن,https://www.youtube.com/watch?v=peaew0rHGAU,aj_kabrit,,,,
فرقة موسيقية دنماركية تعزف تحت الماء,https://www.youtube.com/watch?v=Vyxu70ISVoE,aj_kabrit,,,,
فتاة أفغانية ترسم بفمها,https://www.youtube.com/watch?v=dftQTtHkFpk,aj_kabrit,,,,
صابر الرباعي يواجه تهمة التطبيع,https://www.youtube.com/watch?v=0ac1YT5RfiI,aj_kabrit,,,,
مدينة دوما المنكوبة والمقابر الطابقية,https://www.youtube.com/watch?v=gRW_WdMEzRI,aj_kabrit,,,,
مدينة جلولاء بعد رحيل تنظيم الدولة,https://www.youtube.com/watch?v=H5ChFIUq5VA,aj_kabrit,,,,
أغلى بدلة في العالم,https://www.youtube.com/watch?v=s-rE6Fgsnuk,aj_kabrit,,,,
اعتمادنا على محركات البحث يضعف الذاكرة,https://www.youtube.com/watch?v=tJz1wWHwqFg,aj_kabrit,,,,
توفيق مخلوفي وفضيتا ريو 2016,https://www.youtube.com/watch?v=JVeizoaR4qI,aj_kabrit,,,,
إعدامات جماعية بالعراق لمدانين بمجزرة سبايكر,https://www.youtube.com/watch?v=u_MVRohYDE4,aj_kabrit,,,,
إسرائيل تقصف غزة,https://www.youtube.com/watch?v=KAaUosmHTh8,aj_kabrit,,,,
رافعات أثقال يتدربن في شوارع القاهرة,https://www.youtube.com/watch?v=egkmmkV7xbk,aj_kabrit,,,,
جداريات من أجل الطفولة في اليمن,https://www.youtube.com/watch?v=dqEyWmdl0nM,aj_kabrit,,,,
مركبة لذوي الإعاقة والعجزة تسير في طرق مختلفة,https://www.youtube.com/watch?v=Qu1OkZkb9V0,aj_kabrit,,,,
شطرنج زراعي لدعم الزراعة,https://www.youtube.com/watch?v=w1ZF9GDSH2M,aj_kabrit,,,,
عشرات القتلى بتفجير في صالة أفراح جنوب تركيا,https://www.youtube.com/watch?v=j7Xkq-NCQKo,aj_kabrit,,,,
فنانة عراقية تبدع بالمؤثرات الخاصة,https://www.youtube.com/watch?v=aXpgfJEy8TM,aj_kabrit,,,,
جنوب السودان,https://www.youtube.com/watch?v=DIVQ05rBR20,aj_kabrit,,,,
مرضى التوحد ومعاناتهم في سوريا,https://www.youtube.com/watch?v=vi3Z_Zq_hHU,aj_kabrit,,,,
للسياحة اللبنانية مذاق آخر,https://www.youtube.com/watch?v=mTss2zW1o7g,aj_kabrit,,,,
أطفال يواجهون صراع الشارع بتعلم الموسيقى,https://www.youtube.com/watch?v=ftDHhZhzOdQ,aj_kabrit,,,,
طائر يحصل على منقار ثلاثي الأبعاد,https://www.youtube.com/watch?v=iR_ouCb81rU,aj_kabrit,,,,
السباحة قرب البركان,https://www.youtube.com/watch?v=e4KGOIh0FEE,aj_kabrit,,,,
توثيق تفاعلي لسجن صيدنايا,https://www.youtube.com/watch?v=UYQ-OJ0MvRQ,aj_kabrit,,,,
مستقبل الألعاب الأولمبية الصيفية,https://www.youtube.com/watch?v=_sWcuB_zNJU,aj_kabrit,,,,
"تكنولوجيا ""الدرون"" لإنقاذ الغرقى في البحار",https://www.youtube.com/watch?v=d46df0DoA4o,aj_kabrit,,,,
جولة بعربة أطفال لكنها للكبار,https://www.youtube.com/watch?v=RXuiL8Sj58s,aj_kabrit,,,,
السليط الإخباري الموسم الثاني - الحلقة 5 - حرية أو حورية؟,https://www.youtube.com/watch?v=BU2Mk6Qkyd0,aj_kabrit,,,,
معاناة لاجئين أفريقيين في ليبيا,https://www.youtube.com/watch?v=2dofODZeJBA,aj_kabrit,,,,
غولدز جيم يسيئ للنساء,https://www.youtube.com/watch?v=b3inB0Re5lI,aj_kabrit,,,,
غارات متجددة من النظام السوري على إدلب وحلب,https://www.youtube.com/watch?v=7D2aLir-u_Y,aj_kabrit,,,,
جماهير سلتيك ترفع علم فلسطين,https://www.youtube.com/watch?v=ZZYOKGc6PD8,aj_kabrit,,,,
غوانتانامو معتقل الموت,https://www.youtube.com/watch?v=SY8iYfQsgw4,aj_kabrit,,,,
متطوعو الخوذ البيضاء,https://www.youtube.com/watch?v=0Oew1CazDSk,aj_kabrit,,,,
طائرات فرنسية للرئاسة المصرية,https://www.youtube.com/watch?v=zAc2S1426kw,aj_kabrit,,,,
عداءة الباهاما تربح السباق بقفزة,https://www.youtube.com/watch?v=6_F_vesVlSw,aj_kabrit,,,,
خالد جبارة ضحية العنصرية في أمريكا,https://www.youtube.com/watch?v=ueRSLcVtrHA,aj_kabrit,,,,
لاجئون يبتكرون تطبيقا لمساعدة اللاجئين,https://www.youtube.com/watch?v=deD34XGMdTU,aj_kabrit,,,,
معنا معنى 2 | ورجيني عرض كتافك,https://www.youtube.com/watch?v=E5g_zCrWiEI,aj_kabrit,,,,
العداء الأسرع في العالم,https://www.youtube.com/watch?v=cfxyLd1biOg,aj_kabrit,,,,
الادمان على المواد الاباحية يهدد الحياة الجنسية للشباب,https://www.youtube.com/watch?v=kuOXSIHRbB0,aj_kabrit,,,,
"""البوركيني"" يُمنع على شواطئ فرنسية",https://www.youtube.com/watch?v=9G9kpxCKe-k,aj_kabrit,,,,
داريا السورية تطالب بتدخل دولي لوقف الحرب عليها,https://www.youtube.com/watch?v=1ZvVZG8EzjU,aj_kabrit,,,,
روبوتات راقصة تدخل موسوعة غينيس,https://www.youtube.com/watch?v=bPDMnvVfJLY,aj_kabrit,,,,
السن المقدسة في سريلانكا,https://www.youtube.com/watch?v=5shLrJPe8x4,aj_kabrit,,,,
خبيرة تجميل مصرية تدافع عن حقوق الحيوانات,https://www.youtube.com/watch?v=EcrmkLR09TM,aj_kabrit,,,,
المختطفات في نيجيريا يظهرن في فيديو,https://www.youtube.com/watch?v=rjJWEUmz9i0,aj_kabrit,,,,
"3 سنوات على اعتقال المصور المصري ""شوكان""",https://www.youtube.com/watch?v=aS9lLv9T5lk,aj_kabrit,,,,
دار أيتام في حلب,https://www.youtube.com/watch?v=8uRH_FzXqaE,aj_kabrit,,,,
غرينلاند أطول أسماك القرش عمراً,https://www.youtube.com/watch?v=Y9PbPLTfZGk,aj_kabrit,,,,
زراعة مائية في غزة,https://www.youtube.com/watch?v=aNQGr-1ht9o,aj_kabrit,,,,
سجادة الزهور في بروكسل,https://www.youtube.com/watch?v=sVYoeAIsIcU,aj_kabrit,,,,
سيطرة قوات سوريا الديمقراطية على منبج بعد طرد تنظيم الدولة,https://www.youtube.com/watch?v=qMFMOANiyAk,aj_kabrit,,,,
باتمان في مخيم اللاجئين في لبنان,https://www.youtube.com/watch?v=yFeHZukOnqk,aj_kabrit,,,,
مقتل إمام مسجد ومساعده في إطلاق نار بنيويورك,https://www.youtube.com/watch?v=Vwk6j0WlQ2U,aj_kabrit,,,,
أطول سيجار في العالم في كوبا,https://www.youtube.com/watch?v=cdMJ_N9jmmQ,aj_kabrit,,,,
الذكرى الثالثة لمجزرة رابعة,https://www.youtube.com/watch?v=wwKaphlyD6M,aj_kabrit,,,,
قوات سوريا الديمقراطية,https://www.youtube.com/watch?v=fDN6qMIrd4Q,aj_kabrit,,,,
تلميذ هندي يبتكر بذلة الرجل الحديدي,https://www.youtube.com/watch?v=52dvfztAWNw,aj_kabrit,,,,
مسرح الدمى في لبنان,https://www.youtube.com/watch?v=TdmcwPNKJ8k,aj_kabrit,,,,
شاب يقلد دونالد ترامب بطريقة احترافية,https://www.youtube.com/watch?v=_qmgVsbjdBc,aj_kabrit,,,,
نساء مصريات يعملن في محطات الوقود,https://www.youtube.com/watch?v=8bXEBsa0vOs,aj_kabrit,,,,
كرسي ذكي لذوي الاحتياجات الخاصة,https://www.youtube.com/watch?v=aE5jAAJ1ECY,aj_kabrit,,,,
السليط الإخباري الموسم الثاني - الحلقة 4 - أولمبياد المرض,https://www.youtube.com/watch?v=a5QpMQEQVlM,aj_kabrit,,,,
رسومات على كرفانات مخيم الأزرق للاجئين السوريين,https://www.youtube.com/watch?v=YbipEABsv3g,aj_kabrit,,,,
ميداليات ريو يحرزها العرب,https://www.youtube.com/watch?v=ls-0DHhV9dM,aj_kabrit,,,,
حريق مستشفى اليرموك في بغداد,https://www.youtube.com/watch?v=KyYsaJEGzos,aj_kabrit,,,,
الطائرات الروسية تقصف إدلب,https://www.youtube.com/watch?v=26-x75pcNf0,aj_kabrit,,,,
فنان عراقي يحول الخردة إلى فن,https://www.youtube.com/watch?v=rqFIj6Xk5Fc,aj_kabrit,,,,
مايكل فيلبس نجم السباحة في الأولمبياد,https://www.youtube.com/watch?v=H5WlDJzCq18,aj_kabrit,,,,
إيروم شارميلا تنهي إضرابها عن الطعام بعد 16 عاماً,https://www.youtube.com/watch?v=7wrQ454UhVc,aj_kabrit,,,,
غوغل لم تُزل فلسطين من خرائطها,https://www.youtube.com/watch?v=AgOGXkvIt_Y,aj_kabrit,,,,
أبطال ريو 2016 يستخدمون الحجامة,https://www.youtube.com/watch?v=bHQlqcBns0k,aj_kabrit,,,,
ابتكار دوامة زرقاء للتخلص من تسرب النفط,https://www.youtube.com/watch?v=tbTp4YhRrf0,aj_kabrit,,,,
معنا معنى 2 | شين وقوي عين,https://www.youtube.com/watch?v=Cxa4BxJGBo4,aj_kabrit,,,,
خريجو غزة يعملون في الزراعة,https://www.youtube.com/watch?v=AwRL7D3fQjc,aj_kabrit,,,,
أزياء اللاعبات المشاركات في الأولمبياد,https://www.youtube.com/watch?v=bDpxQyI7-PI,aj_kabrit,,,,
الطفلة نهال اختطفت وقتلت,https://www.youtube.com/watch?v=Hh8YkEHN1go,aj_kabrit,,,,
تجارة الدراجات في مخيم الزعتري,https://www.youtube.com/watch?v=ML3zwj_pATk,aj_kabrit,,,,
فندق مجاني باليونان,https://www.youtube.com/watch?v=Url1lq5_CIA,aj_kabrit,,,,
رسوم تعبيرية من سجن روسي,https://www.youtube.com/watch?v=-CkNd_5eO7A,aj_kabrit,,,,
أكراد يبحثون عن اللجوء في اليابان,https://www.youtube.com/watch?v=6UP7M9FLBu4,aj_kabrit,,,,
ملعقة وسكين هما كل ما يحتاجه لإبداعه,https://www.youtube.com/watch?v=7OM73RcsJyw,aj_kabrit,,,,
مظاهرات للإفراج عن محمد الحلبي في غزة,https://www.youtube.com/watch?v=CX2m_p8geNg,aj_kabrit,,,,
ضربات جوية على مستشفى في إدلب,https://www.youtube.com/watch?v=ZvEpPol2AuE,aj_kabrit,,,,
من مياه اللجوء إلى تألق الأولمبياد,https://www.youtube.com/watch?v=fpVR6a5fEh8,aj_kabrit,,,,
مطعم للطعام بتقنية الطباعة ثلاثية الأبعاد في لندن,https://www.youtube.com/watch?v=mO0dvpXIeRM,aj_kabrit,,,,
الروبوت العازف,https://www.youtube.com/watch?v=vuBiJnxwoi0,aj_kabrit,,,,
احتجاجات ترافق الدورة الأولمبية,https://www.youtube.com/watch?v=7gDqRPG2PpI,aj_kabrit,,,,
المعارضة السورية تفك الحصار عن حلب,https://www.youtube.com/watch?v=PZJ3P6WIBGM,aj_kabrit,,,,
سجن في الفلبين يشبه سجوننا العربية,https://www.youtube.com/watch?v=_Sy69TZi_Fo,aj_kabrit,,,,
جائزة Goggle X,https://www.youtube.com/watch?v=3un9IFM6mfY,aj_kabrit,,,,
"جدارية ""الأعراق"" 2016",https://www.youtube.com/watch?v=URsEhaBvQl4,aj_kabrit,,,,
عربة سندريلا في مصر لحفلات الزفاف,https://www.youtube.com/watch?v=qKMUO9f5A6A,aj_kabrit,,,,
السليط الإخباري الموسم الثاني - الحلقة 3 - التحرش لا دين له,https://www.youtube.com/watch?v=dI4WQJeafI0,aj_kabrit,,,,
تحديات في وجه الألعاب الأولمبية,https://www.youtube.com/watch?v=dwMMLJ42_UU,aj_kabrit,,,,
إضراب الأسير الفلسطيني بلال كايد مستمر,https://www.youtube.com/watch?v=v-YRlnUQfQM,aj_kabrit,,,,
مسؤولو الكهرباء في سوريا يخاطرون بحياتهم,https://www.youtube.com/watch?v=jNmkTB8iVNs,aj_kabrit,,,,
إعاقته الجسدية لم تمنعه من مزاولة هوايته المفضلة,https://www.youtube.com/watch?v=jGdjZ2OTCfI,aj_kabrit,,,,
طفلة ممنوعة من اللعب,https://www.youtube.com/watch?v=pAyXWpt3MTk,aj_kabrit,,,,
إعاقته الجسدية لم تمنعه من مزاولة هوايته المفضلة,https://www.youtube.com/watch?v=qfJj9qqztiE,aj_kabrit,,,,
حادث مأساوي في السعودية,https://www.youtube.com/watch?v=d_8bmHNhK24,aj_kabrit,,,,
آبل تضيف مجموعة من الإيموجي الجديدة لهواتف الآيفون,https://www.youtube.com/watch?v=jfd49Wvfsbs,aj_kabrit,,,,
أراضٍ بأسعار زهيدة لـ ‫#‏خدام_الدولة‬,https://www.youtube.com/watch?v=TBSPwU2JhEQ,aj_kabrit,,,,
وفاة عالم الكيمياء أحمد زويل,https://www.youtube.com/watch?v=wHVnBR40Vkc,aj_kabrit,,,,
رسامة أميركية تحول رسمها إلى واقع,https://www.youtube.com/watch?v=XpaIYYwcGCw,aj_kabrit,,,,
منزل صديق للبيئة فوق الشجرة,https://www.youtube.com/watch?v=TGTIcaDyB8M,aj_kabrit,,,,
معنا معنى 2 | أمورك في الجبن,https://www.youtube.com/watch?v=fYdcbdaIu98,aj_kabrit,,,,
حيدر العبادي يمنع سفر نواب واحتجاجات في العراق ضد فساد البرلمانيين,https://www.youtube.com/watch?v=Fb3wqmoJAaU,aj_kabrit,,,,
حملة في تونس ضد الرئيس وابنه!,https://www.youtube.com/watch?v=9oxCBpN6JNs,aj_kabrit,,,,
ترامب وتصريحاته ضد غزالة خان,https://www.youtube.com/watch?v=hTmn_lGE7xI,aj_kabrit,,,,
مقترح لاعتماد الفرنسية في التعليم بالجزائر,https://www.youtube.com/watch?v=7xxHGJVRCQw,aj_kabrit,,,,
عمالة الأطفال في اليمن,https://www.youtube.com/watch?v=qajq3q4Zip4,aj_kabrit,,,,
زواج معلق بالهواء,https://www.youtube.com/watch?v=bU6J3_IyTvY,aj_kabrit,,,,
اليابانيون يدفعون له مالاً ليستمع إليهم,https://www.youtube.com/watch?v=mMnxfIRLQPo,aj_kabrit,,,,
تغييرات واسعة في تركيا,https://www.youtube.com/watch?v=69G8gUsVunI,aj_kabrit,,,,
حان وقت الحركة لعمر أطول,https://www.youtube.com/watch?v=u4j3E-84Cvo,aj_kabrit,,,,
لوحات فنية جميلة مرسومة بطريقة الكشط,https://www.youtube.com/watch?v=LSJrcxw1ecw,aj_kabrit,,,,
قفز جوي بدون مظلة,https://www.youtube.com/watch?v=fpdAc-HD7gM,aj_kabrit,,,,
تونس تسحب الثقة من رئيس حكومتها,https://www.youtube.com/watch?v=HaD_xmaEg5k,aj_kabrit,,,,
أزمة اقتصادية باليمن,https://www.youtube.com/watch?v=wmCEfaYs1sQ,aj_kabrit,,,,
النوبة,https://www.youtube.com/watch?v=Ng1FEbsb7GM,aj_kabrit,,,,
حمير تتحدث وتقنية تشرح كلامها,https://www.youtube.com/watch?v=vLY4wcswxZE,aj_kabrit,,,,
نقص النمو يهدد أطفال العالم,https://www.youtube.com/watch?v=q7LfiFPYTZs,aj_kabrit,,,,
حلب السورية: قصف مشدد وحصار مؤبد,https://www.youtube.com/watch?v=V9vygitNVm0,aj_kabrit,,,,
فريق اللاجئين في أولمبياد ريو لأول مرة,https://www.youtube.com/watch?v=cZuG80Jxyb4,aj_kabrit,,,,
سوار يبعد القروش,https://www.youtube.com/watch?v=7I_SgxHcsTg,aj_kabrit,,,,
السليط الإخباري الموسم الثاني - الحلقة 2 - قمة الخيبة,https://www.youtube.com/watch?v=pvOjVe_4MVQ,aj_kabrit,,,,
مساكن مؤقتة لعائلات من غزة,https://www.youtube.com/watch?v=9xujkzguRcs,aj_kabrit,,,,
بيل كلينتون يشجع المسلمين على التصويت لهيلاري,https://www.youtube.com/watch?v=KXlyD-rwtZQ,aj_kabrit,,,,
قرارات بفصل عشرات العسكريين والموظفين بعد انقلاب تركيا الفاشل,https://www.youtube.com/watch?v=5C2VucCW-vU,aj_kabrit,,,,
حملة إلكترونية ضد استخدام بنادق الصيد في كشمير,https://www.youtube.com/watch?v=WnF2oZphMjQ,aj_kabrit,,,,
إعادة إعمار في حمص القديمة,https://www.youtube.com/watch?v=4GnNlXPtNXs,aj_kabrit,,,,
مظاهرات وغضب بين أنصار بيرني ساندرز,https://www.youtube.com/watch?v=UI7W0vs1LxM,aj_kabrit,,,,
قوات الاحتلال تقتل المقاوم محمد الفقيه بالخليل,https://www.youtube.com/watch?v=yHHqWQEkcC4,aj_kabrit,,,,
"قمة عربية ""قصيرة"" في موريتانيا",https://www.youtube.com/watch?v=L7DVKrNLAuw,aj_kabrit,,,,
نازحون من جنوب السودان يبحثون عن مأوى مناسب,https://www.youtube.com/watch?v=vm1_hig_Rf0,aj_kabrit,,,,
الشرطة الفرنسية تهاجم لاجئة,https://www.youtube.com/watch?v=phK7dq7JIUs,aj_kabrit,,,,
طريق أطفال لطلب العلم,https://www.youtube.com/watch?v=nI9k6WuUGhA,aj_kabrit,,,,
حرائق ضخمة في كاليفورنيا,https://www.youtube.com/watch?v=n25Os-qxfSw,aj_kabrit,,,,
وفاة المخرج السينمائي المصري محمد خان,https://www.youtube.com/watch?v=nuf7pOq9GHo,aj_kabrit,,,,
مظاهرات ضد قانون المصالحة الاقتصادية في تونس,https://www.youtube.com/watch?v=BnU85mJXHTI,aj_kabrit,,,,
مظاهرات ضد قانون المصالحة الاقتصادية في تونس,https://www.youtube.com/watch?v=_dbxlIyg-1I,aj_kabrit,,,,
ذكريات وأمنيات عراقيين,https://www.youtube.com/watch?v=UtFk9mXVfeM,aj_kabrit,,,,
الحمير تعمل في النظافة بالجزائز,https://www.youtube.com/watch?v=pQFre_MvImo,aj_kabrit,,,,
سفاح النرويج ملهمٌ لقاتل ميونخ,https://www.youtube.com/watch?v=Tt0eujnZyKc,aj_kabrit,,,,
لواء سعودي متقاعد في إسرائيل,https://www.youtube.com/watch?v=DqN7GqrW__M,aj_kabrit,,,,
أشد الأعوام حرارة على الإطلاق,https://www.youtube.com/watch?v=glaj60WkHgM,aj_kabrit,,,,
اعتداء آخر على المسيحيين بصعيد مصر,https://www.youtube.com/watch?v=6KNg6tviwV8,aj_kabrit,,,,
من هو العم سام؟,https://www.youtube.com/watch?v=TspDVMfCt1A,aj_kabrit,,,,
قارب للاجئين يستخدم في جولات سياحية,https://www.youtube.com/watch?v=FMIrTW1c09Y,aj_kabrit,,,,
من مخيم الأزرق في الأردن يغني الراب لسوريا,https://www.youtube.com/watch?v=8KHSHhh86L8,aj_kabrit,,,,
أّهوار العراق في قائمة التراث العالمي,https://www.youtube.com/watch?v=2V3pScyvRAU,aj_kabrit,,,,
رسومات غريبة على يد إنسان,https://www.youtube.com/watch?v=l6uUPFBM8iI,aj_kabrit,,,,
السليط الإخباري الموسم الثاني - الحلقة 1 - إرهاب وانقلاب,https://www.youtube.com/watch?v=Tc32q-OdtDo,aj_kabrit,,,,
عمالة أطفال أفغانستان,https://www.youtube.com/watch?v=PRJ97iCQIrg,aj_kabrit,,,,
Pokémon Go ليست مجرد لعبة,https://www.youtube.com/watch?v=6RIJG6Pi1uM,aj_kabrit,,,,
ليبية تحترف السباحة,https://www.youtube.com/watch?v=iZ56lQ_XZO4,aj_kabrit,,,,
تركيا بعد محاولة الانقلاب,https://www.youtube.com/watch?v=m9vkGGFc7HQ,aj_kabrit,,,,
لاجئات سوريات في لبنان يتعلمن الزراعة,https://www.youtube.com/watch?v=mToFXy9mklI,aj_kabrit,,,,
شوكان يفوز بجائزة حرية الصحافة من وراء القضبان,https://www.youtube.com/watch?v=8SBvqFd-ruU,aj_kabrit,,,,
زوجة دونالد ترامب تأخذ من خطاب سابق لميشيل أوباما,https://www.youtube.com/watch?v=65gX-JtTkzI,aj_kabrit,,,,
عالمنا الكبير يتحول إلى مشروع صغير,https://www.youtube.com/watch?v=nvPrQfLJmCc,aj_kabrit,,,,
فضح المماطلين بالصور والأسماء,https://www.youtube.com/watch?v=hU5sJM5dXU0,aj_kabrit,,,,
أحذية عربية.. وطموح عالمي,https://www.youtube.com/watch?v=dSW7o7ceCV4,aj_kabrit,,,,
الأطفال اللاجئون في لبنان لا يذهبون إلى المدرسة,https://www.youtube.com/watch?v=QWsJNW_0cqw,aj_kabrit,,,,
الفنزويليون يعبرون إلى كولومبيا من أجل الغذاء,https://www.youtube.com/watch?v=_9gPHLYI_Io,aj_kabrit,,,,
راحة واستجمام في أحد السجون الأمريكية الأكثر حراسة,https://www.youtube.com/watch?v=wNQL-6SbZuw,aj_kabrit,,,,
"طائرة بدون طيار للاعبي ""Pokémon Go""",https://www.youtube.com/watch?v=tvKx9Snt5VU,aj_kabrit,,,,
حذاء أديداس الجديد مصنوع من مواد أعيد تدويرها,https://www.youtube.com/watch?v=-mXFT2EHH8U,aj_kabrit,,,,
إنقاذ حوت في الأرجنتين,https://www.youtube.com/watch?v=gOX98-RfkQs,aj_kabrit,,,,
من قتل ماري كولفن؟,https://www.youtube.com/watch?v=YL6-BkPjj1k,aj_kabrit,,,,
مخدرات تهدد المجتمع الأردني,https://www.youtube.com/watch?v=QxScnsjyCeE,aj_kabrit,,,,
القتل باسم الشرف,https://www.youtube.com/watch?v=DQQ2012Dp5E,aj_kabrit,,,,
طارق رمضان يُرحل من موريتانيا,https://www.youtube.com/watch?v=oi6jLiBsaic,aj_kabrit,,,,
سجال بين إعلاميين وشخصيات حول محاولة الانقلاب في تركيا,https://www.youtube.com/watch?v=2YhGby6zhLs,aj_kabrit,,,,
دولة أقامتها مليشيات,https://www.youtube.com/watch?v=lKHj-TsI1Qw,aj_kabrit,,,,
ما هو الكيان الموازي في تركيا؟,https://www.youtube.com/watch?v=7cmw77N0qEE,aj_kabrit,,,,
تاريخ الانقلابات في تركيا,https://www.youtube.com/watch?v=2TZfuDtsQuI,aj_kabrit,,,,
ارتفاع حالات الطلاق في دول الخليج,https://www.youtube.com/watch?v=RQMl9qDKYOE,aj_kabrit,,,,
شركة يابانية تزرع الخضراوات داخل مقرها,https://www.youtube.com/watch?v=bV2e65bK2lw,aj_kabrit,,,,
مؤيدو الصدر يعودون للتظاهر في بغداد,https://www.youtube.com/watch?v=qU8JJ-kHgS0,aj_kabrit,,,,
هجوم في نيس الفرنسية بشاحنة دهست العشرات,https://www.youtube.com/watch?v=7G7DIT2cco4,aj_kabrit,,,,
قفزة من الطائرة بلا مظلة,https://www.youtube.com/watch?v=HhdJWaLA0Go,aj_kabrit,,,,
عراقيون نازحون يقيمون عرساً في مخيم,https://www.youtube.com/watch?v=wBngoobj72Q,aj_kabrit,,,,
"السليط الإخباري - ""أسلط"" لحظات الموسم الأول",https://www.youtube.com/watch?v=0fvA2O3gqPI,aj_kabrit,,,,
ديناصور بملايين السنوات,https://www.youtube.com/watch?v=l_8ozPHxv18,aj_kabrit,,,,
صحيفة مصرية تطبع مع إسرائيل؟,https://www.youtube.com/watch?v=AClHDPQstnI,aj_kabrit,,,,
مستشفيات صعدة اليمنية بين الكهوف,https://www.youtube.com/watch?v=K0TloeyUrCs,aj_kabrit,,,,
من هون بوريس جونسون؟,https://www.youtube.com/watch?v=5OPP1BEL4g4,aj_kabrit,,,,
القط لاري صائد الفئران,https://www.youtube.com/watch?v=KQK3wO_ShNs,aj_kabrit,,,,
دراجات أجرة سريعة ورخيصة,https://www.youtube.com/watch?v=jvw28j2jR0M,aj_kabrit,,,,
العفو الدولية: موجة من القمع الوحشي في مصر,https://www.youtube.com/watch?v=8X65M3ysuw4,aj_kabrit,,,,
الاشتباكات في جنوب السودان تفاقم الوضع الإنساني,https://www.youtube.com/watch?v=PkpT1lXQpkY,aj_kabrit,,,,
اعتماد ألمانيا على الطاقة البديلة,https://www.youtube.com/watch?v=qzBGiFHnO8M,aj_kabrit,,,,
السماح بدخول المساعدات للاجئين عالقين,https://www.youtube.com/watch?v=w5h6YX-vkgM,aj_kabrit,,,,
مناظرة بين مرشحي منصب الأمين العام للأمم المتحدة,https://www.youtube.com/watch?v=S6Fen-yR7sA,aj_kabrit,,,,
تريزا ماي.. رئيسة الحكومة البريطانية,https://www.youtube.com/watch?v=PDVQC8x1j-U,aj_kabrit,,,,
مباريات قدم للروبوتات,https://www.youtube.com/watch?v=hTQgQ0_JR90,aj_kabrit,,,,
ماذا حدث في سربرنيتسا؟,https://www.youtube.com/watch?v=rnlYy40ZCJc,aj_kabrit,,,,
هولوغرام التشريح,https://www.youtube.com/watch?v=8DTe91dr-pY,aj_kabrit,,,,
رفات 127 جثة جديدة في ذكرى سربرنيتسا الـ21,https://www.youtube.com/watch?v=Joezrh7NqBQ,aj_kabrit,,,,
مصاريف الزواج في مدينة سكيكدة الجزائرية,https://www.youtube.com/watch?v=giLViJJvL5Q,aj_kabrit,,,,
لعبة بوكيمون و ومخاطر الخصوصية,https://www.youtube.com/watch?v=uwJLBqa3GsE,aj_kabrit,,,,
عنتر وعبلة أول أوبرا لبنانية,https://www.youtube.com/watch?v=k3T70xpQrjE,aj_kabrit,,,,
النظام السوري يتوغل في داريا للمرة الأولى منذ 4 سنوات,https://www.youtube.com/watch?v=mTU2oJdLM8c,aj_kabrit,,,,
لعبة البوكيمون الرسمية على الهواتف,https://www.youtube.com/watch?v=mqZzWVAYMsU,aj_kabrit,,,,
فوز البرتغالي بكأس أمم أوروبا,https://www.youtube.com/watch?v=QP0cXc1LOSU,aj_kabrit,,,,
عمالة الأطفال في العراق,https://www.youtube.com/watch?v=syhbTfnHdLU,aj_kabrit,,,,
صراع الروبوتات في حلبة الموت,https://www.youtube.com/watch?v=wV94yfQ5gLw,aj_kabrit,,,,
وزير الخارجية المصري في زيارة لإسرائيل,https://www.youtube.com/watch?v=VGgIGu0juFU,aj_kabrit,,,,
الروبوت تشارلي يساعد الأطفال المرضى بداء السكري,https://www.youtube.com/watch?v=yEeAHYDiJ3k,aj_kabrit,,,,
جدل حول احتكار تغطية بطولة أمم أوروبا,https://www.youtube.com/watch?v=XhqnjJFdNmY,aj_kabrit,,,,
دعم عسكري لحفتر,https://www.youtube.com/watch?v=2V-ixr2mudM,aj_kabrit,,,,
مؤتمر للمعارضة الإيرانية في باريس,https://www.youtube.com/watch?v=dCSlZYpp5w0,aj_kabrit,,,,
مصارعة للثيران تنتهي بمقتل الماتادور,https://www.youtube.com/watch?v=pFhNazZP2BI,aj_kabrit,,,,
أهمية طريق الكاستيلو في حلب,https://www.youtube.com/watch?v=o9TcG-AC4C0,aj_kabrit,,,,
هل سمعتم عن أمراض التكنولوجيا؟,https://www.youtube.com/watch?v=DBoN2fV98LY,aj_kabrit,,,,
التمارين الرياضية تخرج من النوادي إلى الشوارع في تونس,https://www.youtube.com/watch?v=9L0kfYjAiKo,aj_kabrit,,,,
رجال شرطة دالاس في مرمى القناصين,https://www.youtube.com/watch?v=BQyK8Uaaz3c,aj_kabrit,,,,
تقنية جديدة مستمدة من الدلافين,https://www.youtube.com/watch?v=5t6c1tMah40,aj_kabrit,,,,
عيد مدينة الخليل,https://www.youtube.com/watch?v=p4JdVFD0UeY,aj_kabrit,,,,
ماذا قال تقرير تشيلكوت عن غزو العراق؟,https://www.youtube.com/watch?v=3XZWGeNtguk,aj_kabrit,,,,
مدارس مخيمات اليونان بلا عطل صيفية!,https://www.youtube.com/watch?v=FO0GgobS6XE,aj_kabrit,,,,
رجل صناعية جديدة للفيلة موشا,https://www.youtube.com/watch?v=NyZIAoQX6cc,aj_kabrit,,,,
تقرير تشيلكوت يحمّل بلير مسؤولية غزو العراق,https://www.youtube.com/watch?v=pwaoFrXU9GA,aj_kabrit,,,,
أطفال غزة ضحايا قنابل لم تنفجر,https://www.youtube.com/watch?v=xsmMIuOF4KE,aj_kabrit,,,,
أتباع محمد حسين فضل الله يمنعون من الصلاة,https://www.youtube.com/watch?v=_vAVcFzvAnQ,aj_kabrit,,,,
خاصية فيسبوك للتحقق من السلامة.. للغربيين فقط؟,https://www.youtube.com/watch?v=qKJsz7BYjho,aj_kabrit,,,,
نتنياهو في جولة أفريقية,https://www.youtube.com/watch?v=XNQ_eDA_nPs,aj_kabrit,,,,
عيد الفطر 2016,https://www.youtube.com/watch?v=oE_RZngT2b4,aj_kabrit,,,,
منافسة أكل النقانق في الولايات المتحدة,https://www.youtube.com/watch?v=OLbFfAP7Dmk,aj_kabrit,,,,
معنا معنى - طَراطيع,https://www.youtube.com/watch?v=avJlGKZMQpc,aj_kabrit,,,,
إنقاذ لاجئين من الغرق في البحر المتوسط,https://www.youtube.com/watch?v=ASlX9aVqMI4,aj_kabrit,,,,
عيادة كورية تستنسخ الكلاب,https://www.youtube.com/watch?v=O5WbyF8nDNM,aj_kabrit,,,,
استقلال الجزائر وجماجم الشهداء,https://www.youtube.com/watch?v=radtdT6-354,aj_kabrit,,,,
"لطفي بوشناق يغني ابتهالات دينية بالـ""ميتال""",https://www.youtube.com/watch?v=ELVRnO2e-Gk,aj_kabrit,,,,
راقص عراقي ضحية تفجيرات الكرادة,https://www.youtube.com/watch?v=HmHcn3qWRzc,aj_kabrit,,,,
على نار | سمك كنعد,https://www.youtube.com/watch?v=MmeFdUzudHQ,aj_kabrit,,,,
تفجير انتحاري في المدينة المنورة,https://www.youtube.com/watch?v=0vw9S_bjjkY,aj_kabrit,,,,
اختبار الصيام للمرة الأولى,https://www.youtube.com/watch?v=55FagWOnnlo,aj_kabrit,,,,
سفراء أوربيون يتناولون الإفطار مع لاجئين سوريين بالأردن,https://www.youtube.com/watch?v=VFlQifK_ZiY,aj_kabrit,,,,
استعدادات بائعي الحلوى للعيد في نابلس,https://www.youtube.com/watch?v=jVSIonQw5fo,aj_kabrit,,,,
"""إيلي"" اسم أمازيغي يثير ضجة في المغرب",https://www.youtube.com/watch?v=b5wfAktD67c,aj_kabrit,,,,
تقاذف بالمياه في شوارع أرمينيا,https://www.youtube.com/watch?v=7nH_m2m_h9E,aj_kabrit,,,,
يجوب شوارع برلين على بساطه الطائر,https://www.youtube.com/watch?v=61cmpcHCOJw,aj_kabrit,,,,
الشرطة الأمريكية تعتقل إماراتيا بسبب زيّه ولغته,https://www.youtube.com/watch?v=roz29lZx11Y,aj_kabrit,,,,
على نار | أرز بخاري,https://www.youtube.com/watch?v=kKTz9H41PMg,aj_kabrit,,,,
تفجير في الكرادة وسط بغداد يوقع عشرات القتلى,https://www.youtube.com/watch?v=f7js-YQjgw0,aj_kabrit,,,,
فيلة تتنزه في شوارع برلين,https://www.youtube.com/watch?v=so6hYAfUBJ0,aj_kabrit,,,,
المسحراتي في قطاع غزة,https://www.youtube.com/watch?v=liy-AfICr28,aj_kabrit,,,,
ما رأيكم بأن تكسروا معنا رقماً قياسياً؟,https://www.youtube.com/watch?v=FKC9TPsHH6s,aj_kabrit,,,,
مدفع الإفطار في البوسنة والهرسك,https://www.youtube.com/watch?v=7KU7Fl0nsDQ,aj_kabrit,,,,
وحيد قرن يعود إلى بلده الأم عبر DHL,https://www.youtube.com/watch?v=kplfsCslCiA,aj_kabrit,,,,
Game of Thrones من مخيمات اللجوء,https://www.youtube.com/watch?v=X2HaAmPTfek,aj_kabrit,,,,
رمضان مسلمي المكسيك,https://www.youtube.com/watch?v=QcXcNrfS0pU,aj_kabrit,,,,
أمريكا تعترف بقتل 116 مدنياً بالخطأ,https://www.youtube.com/watch?v=STgiCvkDagQ,aj_kabrit,,,,
على نار | معكرونة بيني,https://www.youtube.com/watch?v=5Hzs46NBHck,aj_kabrit,,,,
"حادث ""تسلا"" المروري",https://www.youtube.com/watch?v=9jgdwnKhMX0,aj_kabrit,,,,
حصار إسرائيلي على مدينة الخليل,https://www.youtube.com/watch?v=3MIx_yPnJ1o,aj_kabrit,,,,
فتاة فلبيبنية تعتنق الإسلام وتصوم للمرة الأولى,https://www.youtube.com/watch?v=NeDcYrf21N4,aj_kabrit,,,,
خدمة غسيل السيارات آتية إلى منزلك,https://www.youtube.com/watch?v=4uTKr63Llb0,aj_kabrit,,,,
عرض الكسكس الكوميدي في كندا,https://www.youtube.com/watch?v=QxXxYAYTmAw,aj_kabrit,,,,
فتحي بيوض شهيد تونس في تركيا,https://www.youtube.com/watch?v=-jJfFpGXOLQ,aj_kabrit,,,,
معبد للبوذيين يقدم وجبات إفطار للمسلمين,https://www.youtube.com/watch?v=-csheFnjZh8,aj_kabrit,,,,
ما هو الحساب الفلكي للهلال؟,https://www.youtube.com/watch?v=NC4vyW8toLQ,aj_kabrit,,,,
شاب باكستاني يلعب الكريكيت بعد أن فقد ذراعيه,https://www.youtube.com/watch?v=_LZpD4al9ZM,aj_kabrit,,,,
المغرب يحظر الأكياس البلاستيكية,https://www.youtube.com/watch?v=2wkShtCcuiw,aj_kabrit,,,,
تشيلي تشرع قانوناً ضد البدانة,https://www.youtube.com/watch?v=j8ldSCuRS54,aj_kabrit,,,,
طرد لاجئين عراقيين من كنيسة في آيسلندا,https://www.youtube.com/watch?v=f6gMuL335GA,aj_kabrit,,,,
على نار | دجاج بالطحينة,https://www.youtube.com/watch?v=-orOZ8BhBN8,aj_kabrit,,,,
السليط في رمضان - الحلقة 4 - نصائح من السليط للعيد,https://www.youtube.com/watch?v=qbGRDutgRnc,aj_kabrit,,,,
المسحراتي يوقظ الناس بالأناشيد في باكستان,https://www.youtube.com/watch?v=1qwx0hdicZo,aj_kabrit,,,,
نكهات وألوان جديدة للقطايف في غزة,https://www.youtube.com/watch?v=cQkxynHRa4A,aj_kabrit,,,,
الفلسطينيون ومعاناة الرصاص المطاطي,https://www.youtube.com/watch?v=kXIVKmGEEZQ,aj_kabrit,,,,
على نار | كعكة الجبن,https://www.youtube.com/watch?v=L7dkqRsGJ9Q,aj_kabrit,,,,
مظاهرات في مصر بسبب إلغاء اختبارات الثانوية العامة,https://www.youtube.com/watch?v=VLnJ5hJOKcg,aj_kabrit,,,,
فوز رئاسي وكعك مجاني,https://www.youtube.com/watch?v=ohfNA4C8nJg,aj_kabrit,,,,
جراحة العمود الفقري بالتقنية ثلاثية الأبعاد,https://www.youtube.com/watch?v=fCUXLS15DNY,aj_kabrit,,,,
تجربة اجتماعية لتسليط الضوء على الأطفال الفقراء,https://www.youtube.com/watch?v=xv_EOsfRhSk,aj_kabrit,,,,
مستشفى كويتي لا يعالج المقيمين,https://www.youtube.com/watch?v=_bX4d-aFxks,aj_kabrit,,,,
على نار | كشري,https://www.youtube.com/watch?v=UR-l5e93JxA,aj_kabrit,,,,
أزمة نازحي الفلوجة الإنسانية,https://www.youtube.com/watch?v=65PP2isJTN0,aj_kabrit,,,,
ايكيا تسحب أحد منتجاتها من السوق الأمريكية,https://www.youtube.com/watch?v=uXgqnLlWCSw,aj_kabrit,,,,
3 انتحاريين يفجرون أنفسهم في مطار أتاتورك بإسطنبول,https://www.youtube.com/watch?v=iAvY8JyY82A,aj_kabrit,,,,
معنا معنى | تَهجُّد,https://www.youtube.com/watch?v=SONHK0cQDeU,aj_kabrit,,,,
طعام مجاني في شوارع الإمارات,https://www.youtube.com/watch?v=vSCcvHStHs4,aj_kabrit,,,,
سماء الولايات المتحدة مفتوحة أمام الطائرات بدون طيار,https://www.youtube.com/watch?v=lI8AwjY73xM,aj_kabrit,,,,
العنزة الأجمل,https://www.youtube.com/watch?v=uwM6tAD0kpM,aj_kabrit,,,,
مصر ترحّل الإعلامية اللبنانية ليليان داوود,https://www.youtube.com/watch?v=MzG8G30mGzs,aj_kabrit,,,,
على نار | كبدة,https://www.youtube.com/watch?v=65nTiRrAsEY,aj_kabrit,,,,
ملايين الأطفال معرضون للموت بحلول عام 2030,https://www.youtube.com/watch?v=qIVhHmnQlDk,aj_kabrit,,,,
هجمات انتحارية على بلدة القاع اللبنانية,https://www.youtube.com/watch?v=mht1kYpa8Qg,aj_kabrit,,,,
مطاعم تقدم الطعام لفقراء غزة في رمضان,https://www.youtube.com/watch?v=FFlIHUnFrrI,aj_kabrit,,,,
مصالحة تركية إسرائيلية,https://www.youtube.com/watch?v=_wbd0GNYF2s,aj_kabrit,,,,
صحفي صومالي يتحدى الإعاقة والوضع الأمني,https://www.youtube.com/watch?v=TL7efW1vn78,aj_kabrit,,,,
مسرح الشارع في لبنان,https://www.youtube.com/watch?v=vvxq_idnRrw,aj_kabrit,,,,
على نار | شوربة الأرز والدجاج,https://www.youtube.com/watch?v=rHf_l_MYlv0,aj_kabrit,,,,
اعتداءات على المصلين في الأقصى في العشر الأواخر,https://www.youtube.com/watch?v=_90LxsirOEs,aj_kabrit,,,,
مدونة فرنسية عن اللياقة والغذاء الصحي في رمضان,https://www.youtube.com/watch?v=CqfyDdek4TQ,aj_kabrit,,,,
مشاركة الإفطار في السودان مع العابرين,https://www.youtube.com/watch?v=YXO39lVbr4w,aj_kabrit,,,,
تقرير الأمم المتحدة للمخدرات 2016,https://www.youtube.com/watch?v=-kXtDJ293Gc,aj_kabrit,,,,
"هل سيتغير اسم بابل العراقية إلى ""الإمام الحسن""؟",https://www.youtube.com/watch?v=5W6p3qb8TAY,aj_kabrit,,,,
احتجاجات في المغرب ضد تجريم الإفطار العلني برمضان,https://www.youtube.com/watch?v=3hbwAnhP0zw,aj_kabrit,,,,
موضة الأزياء المضادة للرصاص,https://www.youtube.com/watch?v=WI7rejZoebM,aj_kabrit,,,,
على نار | فريكة,https://www.youtube.com/watch?v=oP7abCEQcLk,aj_kabrit,,,,
قنابل فسفورية وحارقة على سوريا,https://www.youtube.com/watch?v=EM1iEHd7ztY,aj_kabrit,,,,
مسابقة الكلب الأقبح في كاليفورنيا,https://www.youtube.com/watch?v=ruFsGROwKg4,aj_kabrit,,,,
ما هي أمراض القلب الوعائية؟,https://www.youtube.com/watch?v=nBOotkwUSco,aj_kabrit,,,,
على نار | كعكة الشوكولاتة,https://www.youtube.com/watch?v=JTXX0DE6u2k,aj_kabrit,,,,
فساتين زفاف من ورق الحمام,https://www.youtube.com/watch?v=k1Rv4IR0tPc,aj_kabrit,,,,
بريطانيا تودع الاتحاد الأوروبي رسمياً,https://www.youtube.com/watch?v=NJudKa4jNF8,aj_kabrit,,,,
على نار | جريش مع الدجاج,https://www.youtube.com/watch?v=EMSbA6txsvU,aj_kabrit,,,,
مرسيدس فلسطينية الصنع,https://www.youtube.com/watch?v=s0f97GWkNN0,aj_kabrit,,,,
انتشار الأسلحة في أمريكا,https://www.youtube.com/watch?v=8287H-PBaEI,aj_kabrit,,,,
بالجزائر رانا حكمناك VIP,https://www.youtube.com/watch?v=DRaQYw28A3k,aj_kabrit,,,,
اليوم العالمي لبكاء الرجل,https://www.youtube.com/watch?v=e1Kg51NdWuo,aj_kabrit,,,,
السليط في رمضان - الحلقة ٣ - عجينة درامية,https://www.youtube.com/watch?v=oUQUxJOZ4fw,aj_kabrit,,,,
تأثير ساعات العمل الطويلة على الجنسين,https://www.youtube.com/watch?v=gcqSZ4YSiwY,aj_kabrit,,,,
مسابقة الابتكار لمساعدة اللاجئين حول العالم,https://www.youtube.com/watch?v=07lE2b9ABcw,aj_kabrit,,,,
على نار | أصابع الدجاج,https://www.youtube.com/watch?v=KeCky4PVcUQ,aj_kabrit,,,,
جهاز جديد من مايكروسوفت للبحث في فيروس زيكا,https://www.youtube.com/watch?v=6lsxVWr-YEs,aj_kabrit,,,,
آلاف المحتاجين للغداء في اليمن,https://www.youtube.com/watch?v=62ZkCJBwpss,aj_kabrit,,,,
صنافير وتيران والحكم القضائي من مصر,https://www.youtube.com/watch?v=vy0MWHfV3Sc,aj_kabrit,,,,
تفجير الركبان يغيّر معادلة اللاجئين في الأردن,https://www.youtube.com/watch?v=Ni9kzL0Wa4Q,aj_kabrit,,,,
مسحراتي فريد في شوارع مدينة عكّا,https://www.youtube.com/watch?v=rJC-qm7usVY,aj_kabrit,,,,
السلاح ينعش الصناعة العسكرية البلغارية,https://www.youtube.com/watch?v=6e5tgLXOFNQ,aj_kabrit,,,,
أطباء بلا حدود: لا لمساعدات الاتحاد الأوروبي,https://www.youtube.com/watch?v=fmGIFOBTykM,aj_kabrit,,,,
بريطانيا على موعد مع الاستفتاء,https://www.youtube.com/watch?v=mrHgf_RX4RQ,aj_kabrit,,,,
على نار | حريرة,https://www.youtube.com/watch?v=R31xFjOuEw4,aj_kabrit,,,,
معظم روابط تويتر لا يتم تصفحها,https://www.youtube.com/watch?v=c0e6GK6pR20,aj_kabrit,,,,
معنا معنى - خُشاف,https://www.youtube.com/watch?v=t5yBPCU47hI,aj_kabrit,,,,
مهرجان سنوي لأكل لحوم الكلاب,https://www.youtube.com/watch?v=6EZjwgjh5Bw,aj_kabrit,,,,
فن عابر للأجيال,https://www.youtube.com/watch?v=yAzS4VdnXAA,aj_kabrit,,,,
حفلة موسيقية بجمهور جليدي,https://www.youtube.com/watch?v=6qJ2lgHcug8,aj_kabrit,,,,
البحرين تجرد الشيخ عيسى قاسم من جنسيته,https://www.youtube.com/watch?v=mHbMfJqpksw,aj_kabrit,,,,
على نار | جلاب,https://www.youtube.com/watch?v=A9RB9gWZOtA,aj_kabrit,,,,
النحت بالمرايا,https://www.youtube.com/watch?v=iUO6-8EK_-g,aj_kabrit,,,,
فلسطينون يصومون رمضان في ظل المعاناة,https://www.youtube.com/watch?v=sGZvPtuRAo4,aj_kabrit,,,,
فيسبوك وتويتر ممنوعان في الجزائر,https://www.youtube.com/watch?v=i10x_F0-CKE,aj_kabrit,,,,
تقرير المفوضية العليا للاجئين التابعة للأمم المتحدة,https://www.youtube.com/watch?v=gaLDLJZJX84,aj_kabrit,,,,
مجموعة تمارس رياضة تسلق الجبال في رمضان,https://www.youtube.com/watch?v=pP3y5xAD2VU,aj_kabrit,,,,
المصابون بالبرص يقتلون في ملاوي,https://www.youtube.com/watch?v=VPgurOtKbgw,aj_kabrit,,,,
طبخة رمضانية من يد سفير أمريكي,https://www.youtube.com/watch?v=gTtArfrSIsc,aj_kabrit,,,,
على نار | رقائق الشوكولاتة,https://www.youtube.com/watch?v=e2HzG80g61I,aj_kabrit,,,,
تهديد لطالبات جامعيات في لبنان,https://www.youtube.com/watch?v=B8HoKWiI6zo,aj_kabrit,,,,
معاناة اللاجئين في لبنان,https://www.youtube.com/watch?v=M9mErQCniAI,aj_kabrit,,,,
نساء على دراجات نارية  في شوارع مصر,https://www.youtube.com/watch?v=uI-5I3jAKfc,aj_kabrit,,,,
LinkedIn بيد مايكروسوفت,https://www.youtube.com/watch?v=wC1zJctTHvY,aj_kabrit,,,,
نهال طباخ بوصفات للصغار,https://www.youtube.com/watch?v=IFiBjfTO-_U,aj_kabrit,,,,
"تواصل الإدانات للأحكام المصرية في قضية ""التخابر مع قطر""",https://www.youtube.com/watch?v=YNXkfS5rkU0,aj_kabrit,,,,
اعتداءات على لاجئين سوريين في ريف إدلب,https://www.youtube.com/watch?v=Luz9BptiQxo,aj_kabrit,,,,
حملة ضد التمور الإسرائيلية في المغرب,https://www.youtube.com/watch?v=t16DaYdBmBE,aj_kabrit,,,,
رحلة العودة إلى الأرض,https://www.youtube.com/watch?v=dj2rGttUpew,aj_kabrit,,,,
حكاية السينما,https://www.youtube.com/watch?v=9T9B10JUEcE,aj_kabrit,,,,
"""فرس البحر العائم""..مشروع منازل طافية في دبي",https://www.youtube.com/watch?v=cALFR9xDsAQ,aj_kabrit,,,,
على نار | أجنحة الدجاج,https://www.youtube.com/watch?v=joPLQVPEAMA,aj_kabrit,,,,
لوح طائر للمستقبل,https://www.youtube.com/watch?v=Dm5U1SUXLH0,aj_kabrit,,,,
مقتل جو كوكس نائب في البرلمان البريطاني,https://www.youtube.com/watch?v=nO7EbGE3OOU,aj_kabrit,,,,
على نار | شوربة البصل,https://www.youtube.com/watch?v=J2ZdwQjJ7R0,aj_kabrit,,,,
الدجاجة مونيك رفيقته في رحلاته,https://www.youtube.com/watch?v=_yg0XiHVDTg,aj_kabrit,,,,
السليط في رمضان - الحلقة ٢ - سلَطة تعذيبية!,https://www.youtube.com/watch?v=dII86mDsar4,aj_kabrit,,,,
نساء على دراجات نارية  في شوارع مصر,https://www.youtube.com/watch?v=fTBvURMFok0,aj_kabrit,,,,
اضطرابات  تعصف بمؤسسات الأخبار,https://www.youtube.com/watch?v=Q3B3ib0oJgQ,aj_kabrit,,,,
"""ليان"" حملة شبابية تطوعية تحقق أحلام أطفال سوريين",https://www.youtube.com/watch?v=4RarC_QL35g,aj_kabrit,,,,
ديزني بالصين يرحب ويهجر,https://www.youtube.com/watch?v=moqcaTE0lkc,aj_kabrit,,,,
تنظيم الدولة يقطع يد مراهق بتهمة السرقة,https://www.youtube.com/watch?v=f8gC-mjWYTc,aj_kabrit,,,,
على نار | خشاف بالمكسرات,https://www.youtube.com/watch?v=xKgizOvWxHY,aj_kabrit,,,,
قس أمريكي يحتفي بهجوم أورلاندو,https://www.youtube.com/watch?v=gESUTlMeC2g,aj_kabrit,,,,
إيرباص تستعين بالطحالب لتزويد طائراتها بالوقود,https://www.youtube.com/watch?v=hm__nWQTfwU,aj_kabrit,,,,
أكبر طالب بمدرسة في نيبال عمره 68 عاماً,https://www.youtube.com/watch?v=ViuS7FoIeKw,aj_kabrit,,,,
عيد ميلاد دونالد ترامب,https://www.youtube.com/watch?v=BTfveBsJe5I,aj_kabrit,,,,
الأزمة العراقية وتداعياتها على الشعب العراقي,https://www.youtube.com/watch?v=GglgDYuYOb0,aj_kabrit,,,,
شغب الشوارع في فرنسا,https://www.youtube.com/watch?v=EiYi9FOc8lM,aj_kabrit,,,,
برنامج للتكهن بالشخصيات في إسرائيل,https://www.youtube.com/watch?v=7cIIgeY9png,aj_kabrit,,,,
على نار | مهلبية,https://www.youtube.com/watch?v=qS6J68xIhTY,aj_kabrit,,,,
الأغاني تساعد الفيلة على النوم,https://www.youtube.com/watch?v=lnm0XVJDbvQ,aj_kabrit,,,,
ضابط سابق في الاستخبارات الأمريكية تجيب عن بعض الأسئلة,https://www.youtube.com/watch?v=0cZ_a4-eTjs,aj_kabrit,,,,
تحويل الفرُش القديمة إلى أعمال فنية,https://www.youtube.com/watch?v=8VCvPSs3RJY,aj_kabrit,,,,
معنا معنى - قرقيعان,https://www.youtube.com/watch?v=OlBAKbhgrYw,aj_kabrit,,,,
أيادٍ مسيحية تقدم إفطارات رمضانية,https://www.youtube.com/watch?v=rMEotPEZDBo,aj_kabrit,,,,
إسرائيل تنتخب لرئاسة اللجنة القانونية في الأمم المتحدة!,https://www.youtube.com/watch?v=R3jUWB6eawc,aj_kabrit,,,,
سعر السمك في المغرب في ارتفاع,https://www.youtube.com/watch?v=Kr6T6YTZ6q4,aj_kabrit,,,,
تطبيق لمساعدة الأطفال اللاجئين,https://www.youtube.com/watch?v=PriykQYEwFs,aj_kabrit,,,,
على نار | محاشي,https://www.youtube.com/watch?v=ZlkQZDB760s,aj_kabrit,,,,
اكتشاف مسرح أثري ضخم في مدينة البتراء,https://www.youtube.com/watch?v=zYMys3PQsyQ,aj_kabrit,,,,
نباتات تتحدث,https://www.youtube.com/watch?v=2DHzi6WliJA,aj_kabrit,,,,
أحب الكلمات لقلوبكم.. +AJ عربي,https://www.youtube.com/watch?v=6rXT1vWzIFQ,aj_kabrit,,,,
القطايف.. حلويات رمضان,https://www.youtube.com/watch?v=KKI7Fw3HSv0,aj_kabrit,,,,
40 قتيلاً على الأقل في قصف على إدلب,https://www.youtube.com/watch?v=bJdg8htcl3s,aj_kabrit,,,,
"انفجار في بيروت بالقرب من بنك ""لبنان والمهجر""",https://www.youtube.com/watch?v=firYGp04Sfw,aj_kabrit,,,,
على نار | فتة حمص,https://www.youtube.com/watch?v=lrI63_fHdXU,aj_kabrit,,,,
مطعم الرحمة بالجزائر مجاني وللصائمين فقط,https://www.youtube.com/watch?v=JGQOf8SyL00,aj_kabrit,,,,
50 قتيلاً في أسوأ حادث إطلاق نار في الولايات المتحدة,https://www.youtube.com/watch?v=cfhYjB7CJ6U,aj_kabrit,,,,
طلبة جامعة الخرطوم,https://www.youtube.com/watch?v=Mn3oeGSXul4,aj_kabrit,,,,
كوالا يتوقع نتائج كأس أمم أوروبا 2016,https://www.youtube.com/watch?v=kGaqO5__76A,aj_kabrit,,,,
بن علي يعود إلى الشاشة التونسية,https://www.youtube.com/watch?v=9ql8JB74bQU,aj_kabrit,,,,
تدمير منشآت في فلسطين من قبل السلطات الإسرائيلية,https://www.youtube.com/watch?v=seN0ApY1el4,aj_kabrit,,,,
آراء ترامب حول هيلاري تبدلت بين الأمس واليوم,https://www.youtube.com/watch?v=Rtlp_3G2lD4,aj_kabrit,,,,
بنك أغذية للحيوانت المشردة في صربيا,https://www.youtube.com/watch?v=Z2baXq753Ak,aj_kabrit,,,,
على نار | لسان العصفور بالبطاطا,https://www.youtube.com/watch?v=ceFxhju-hKY,aj_kabrit,,,,
يوم مكافحة عمل الأطفال,https://www.youtube.com/watch?v=c_OBV0-0j-Y,aj_kabrit,,,,
مباراة إنكلترا وروسيا في يورو 2016,https://www.youtube.com/watch?v=SGK1VeKiIb4,aj_kabrit,,,,
تاريخ رؤساء أمريكا مع الحروب,https://www.youtube.com/watch?v=uhJmEUsVZOY,aj_kabrit,,,,
على نار | ليمونية,https://www.youtube.com/watch?v=EyOYx9jn9PY,aj_kabrit,,,,
جهاز يربي النحل بطريقة ذكية,https://www.youtube.com/watch?v=C0Hw3ASFGzY,aj_kabrit,,,,
طيارات ومطارات سريعة بحلول عام 2040,https://www.youtube.com/watch?v=jqIpbvgKaQM,aj_kabrit,,,,
مؤسس ويكيليكس يتهم غوغل بدعم هيلاري كلينتون في الانتخابات,https://www.youtube.com/watch?v=dUBm6bwpA5Y,aj_kabrit,,,,
السفيرة الأمريكية تعتذر لقطر على خلفية إساءة جنديين أمريكيين,https://www.youtube.com/watch?v=h6qsTJwKPv4,aj_kabrit,,,,
على نار | كبة الفستق,https://www.youtube.com/watch?v=4faEzMEMrCA,aj_kabrit,,,,
فوانيس رمضان تضيء منازل غزة,https://www.youtube.com/watch?v=ls8BcjLaGa0,aj_kabrit,,,,
السليط في رمضان - الحلقة 1 - طبخات وفتاوى,https://www.youtube.com/watch?v=CHO39K9ZchU,aj_kabrit,,,,
حفل في ذكرى رحيل سيد درويش,https://www.youtube.com/watch?v=el7e2yx4_BQ,aj_kabrit,,,,
"معارك في سرت الليبية مع انطلاق ""البنيان المرصوص""",https://www.youtube.com/watch?v=_YXlQ7v3rxk,aj_kabrit,,,,
أمين معلوف.. على التلفزيون الإسرائيلي,https://www.youtube.com/watch?v=5tKKG0CaV-c,aj_kabrit,,,,
أحد أكبر مهربي البشر يُحاكم,https://www.youtube.com/watch?v=l4rqbTtp7gg,aj_kabrit,,,,
عملية فدائية رمضانية في قلب تل أبيب,https://www.youtube.com/watch?v=DjasJxjobj4,aj_kabrit,,,,
على نار | لفائف الدجاج,https://www.youtube.com/watch?v=yfSVcD0qC5E,aj_kabrit,,,,
رمضان يحل على اليمنيين وسط تدهور اقتصادي,https://www.youtube.com/watch?v=EPDHfZVIV9U,aj_kabrit,,,,
ملاهي للأطفال لا تعمل بالكهرباء في إيطاليا,https://www.youtube.com/watch?v=aVu0S7WIIRU,aj_kabrit,,,,
الكاريكاتير: سلاح للسخرية من تنظيم الدولة,https://www.youtube.com/watch?v=JvVHmFRcByo,aj_kabrit,,,,
كلاب اصطناعية تملك قلباً ورئتين,https://www.youtube.com/watch?v=WDq9W_x7-HQ,aj_kabrit,,,,
تعليم الباليه في نيجيريا,https://www.youtube.com/watch?v=09bsCAt3FLA,aj_kabrit,,,,
مسلسل سيلفي ينتقد الطائفية بطريقة كوميدية,https://www.youtube.com/watch?v=WyQDJyHI3Dc,aj_kabrit,,,,
"""لن نسكت بعد الآن"" وقفة تضامنية ضد الاغتصاب في البرازيل",https://www.youtube.com/watch?v=DJKRb1V0C9Y,aj_kabrit,,,,
"على نار | ""بريك""",https://www.youtube.com/watch?v=N3ZlAXwtioY,aj_kabrit,,,,
سكان الفلوجة بين حصار تنظيم الدولة وانتهاكات الحشد الشعبي,https://www.youtube.com/watch?v=UVNKdWkDU_Q,aj_kabrit,,,,
صيصان خارج البيضة؟,https://www.youtube.com/watch?v=Gdboc-m_DhE,aj_kabrit,,,,
معنا معنى - رمضان,https://www.youtube.com/watch?v=zw-vTvyLABI,aj_kabrit,,,,
أول طفلة في زيمبابوي تحصد بطولة للدراجات النارية,https://www.youtube.com/watch?v=NzPob1GNgjA,aj_kabrit,,,,
تسريب امتحانات الثانوية العامة في مصر,https://www.youtube.com/watch?v=FcvhVStpwfY,aj_kabrit,,,,
لاجئون يستقبلون رمضان بأوضاع صعبة,https://www.youtube.com/watch?v=Y3HvpgzxaN4,aj_kabrit,,,,
على نار | شوربة العدس,https://www.youtube.com/watch?v=ATVdGGSL7rQ,aj_kabrit,,,,
رؤية السحاب أصبحت ممكنة,https://www.youtube.com/watch?v=HdgvDY69_FU,aj_kabrit,,,,
ولاية نيويورك تمنع مقاطعة إسرائيل,https://www.youtube.com/watch?v=SPBq4uMnrjQ,aj_kabrit,,,,
جرائم حرب في فلسطين,https://www.youtube.com/watch?v=eufUC_C6JMM,aj_kabrit,,,,
فنان من انكلترا يرمم صور تاريخية لدول عربية,https://www.youtube.com/watch?v=eq8QC8lCnLo,aj_kabrit,,,,
إيرباص.. تسبح في تركيا,https://www.youtube.com/watch?v=TqOaYvcOaBw,aj_kabrit,,,,
صناعة قطع حُلي من شعر مرضى بالسرطان,https://www.youtube.com/watch?v=jMOe6Qvtu8c,aj_kabrit,,,,
حالة تأهب بسبب فهد طليق,https://www.youtube.com/watch?v=hXOuezM0sJo,aj_kabrit,,,,
على نار | عصير الشمندر (بنجر) والجزر,https://www.youtube.com/watch?v=Q_Ybf1H98Qc,aj_kabrit,,,,
احتفالات بشوارع القدس من مستوطنين إسرائيليين,https://www.youtube.com/watch?v=P7NDf6Hm7KI,aj_kabrit,,,,
طلاب يتحدون الروبوتات,https://www.youtube.com/watch?v=jCNGGs4n_Vs,aj_kabrit,,,,
احتفالات رمضان,https://www.youtube.com/watch?v=mNWQexi-6b0,aj_kabrit,,,,
قرد يسرق محل مجوهرات,https://www.youtube.com/watch?v=RE35WHPnci0,aj_kabrit,,,,
وفاة محمد علي أسطورة الملاكمة,https://www.youtube.com/watch?v=xok8DVUcReU,aj_kabrit,,,,
متحف في الهند لوسائل النقل التراثية,https://www.youtube.com/watch?v=9DYhHQoesAA,aj_kabrit,,,,
فنان تونسي يرسم بالخط العربي لتجميل الشوارع,https://www.youtube.com/watch?v=bOXzidQ9ZHU,aj_kabrit,,,,
قفزة أكبر لاعبة جمباز,https://www.youtube.com/watch?v=MwslP6rX4BU,aj_kabrit,,,,
تسريبات في ثانويات الجزائر,https://www.youtube.com/watch?v=HXLWaLVjzG0,aj_kabrit,,,,
أكثر من 800 لاجئ لقوا حتفهم في البحر المتوسط,https://www.youtube.com/watch?v=U6Dshc6P__s,aj_kabrit,,,,
حيوان الباندا من القلة إلى الكثرة,https://www.youtube.com/watch?v=-Pmh9aE6l60,aj_kabrit,,,,
ما هي حركة الـ BDS؟,https://www.youtube.com/watch?v=J6PUY4p_9_w,aj_kabrit,,,,
حافلات مدرسية يُعاد تصنيعها بشكل جذاب,https://www.youtube.com/watch?v=BKLZUpQDE6U,aj_kabrit,,,,
سلفي والحرامي خلفي.. +AJ عربي,https://www.youtube.com/watch?v=NMrbVDccCjY,aj_kabrit,,,,
طريق خطر لمدرسة في الصين,https://www.youtube.com/watch?v=AtO6gVtuMsc,aj_kabrit,,,,
Zenbo ألطف روبوت منزلي,https://www.youtube.com/watch?v=X-L4IbA-Qz0,aj_kabrit,,,,
حملة لجمع التبرعات بالدراجة الهوائية,https://www.youtube.com/watch?v=nbx2qOf5tGI,aj_kabrit,,,,
فريق +AJ عربي..  نروي القصة معاً,https://www.youtube.com/watch?v=FBupgMZ0-z0,aj_kabrit,,,,
رحلة +AJ عربي الحقيقية - الافتراضية,https://www.youtube.com/watch?v=v2GzfZYJuU8,aj_kabrit,,,,
SubPac للإحساس بالموسيقى,https://www.youtube.com/watch?v=txBqMaK2LxU,aj_kabrit,,,,
الصبي العنكبوت وطموح غيينس,https://www.youtube.com/watch?v=sSEoudNVPeA,aj_kabrit,,,,
فتيات يعملن في الحراسات الخاصة في الصين,https://www.youtube.com/watch?v=vBRZgXDsW74,aj_kabrit,,,,
إقصاء بنزيمة من اليورو 2016,https://www.youtube.com/watch?v=FytNMfhj5d0,aj_kabrit,,,,
"تقرير هيومن رايتس ووتش عن ""جرائم"" الحشد الشعبي",https://www.youtube.com/watch?v=u1zw2VSDGZY,aj_kabrit,,,,
إدراج اللغة العربية في المدارس الفرنسية,https://www.youtube.com/watch?v=66Sqg6Idz6U,aj_kabrit,,,,
مشهدان متناقضان من حلب في يوم واحد,https://www.youtube.com/watch?v=ss0pIO8LjvM,aj_kabrit,,,,
مزاد كريستي يبيع أغلى ألماسة خضراء في العالم,https://www.youtube.com/watch?v=qheLc2m-i-k,aj_kabrit,,,,
العنكبوت الراقص,https://www.youtube.com/watch?v=kU8Gnd9wcCg,aj_kabrit,,,,
جامعة لبنانية متهمة بالطبقية,https://www.youtube.com/watch?v=m1mSQbNaG2U,aj_kabrit,,,,
رسم، فتصميم فانطلاقة,https://www.youtube.com/watch?v=Yt5GV1nL9uE,aj_kabrit,,,,
إعلان BMW يغضب الإماراتيين,https://www.youtube.com/watch?v=UcjjzWXQub0,aj_kabrit,,,,
وفاة زعيم البوليساريو,https://www.youtube.com/watch?v=LLkIWB5F9sc,aj_kabrit,,,,
حملة #طلقها للإقلاع عن التدخين في السعودية,https://www.youtube.com/watch?v=S3T9GWXxkwg,aj_kabrit,,,,
"التعرض لإشعاع نووي يساوي ""صباعين موز""",https://www.youtube.com/watch?v=IpgNIBrNkiw,aj_kabrit,,,,
إخلاء معبد بوذي في تايلاند من النمور,https://www.youtube.com/watch?v=80RJjgDNdaI,aj_kabrit,,,,
واجهات منازل حلب بدون زجاج,https://www.youtube.com/watch?v=bMxcptd4g2I,aj_kabrit,,,,
معنا معنى - شعبنة,https://www.youtube.com/watch?v=nKza9Yxwbc0,aj_kabrit,,,,
معاناة نازحي اليمن بين المخيمات ونقص المواد الأساسية,https://www.youtube.com/watch?v=9Q7SiLrrtvA,aj_kabrit,,,,
إنقاذ فيل صغير سقط في حفرة للصرف الصحي,https://www.youtube.com/watch?v=tFx-xI9N6Cc,aj_kabrit,,,,
قصف على إدلب يستهدف مستشفيين,https://www.youtube.com/watch?v=eDezFvZ4Pjc,aj_kabrit,,,,
العبودية في العالم,https://www.youtube.com/watch?v=qohMVKgi4F4,aj_kabrit,,,,
تقوية الروابط بين لاجئين ومواطنين ألمان,https://www.youtube.com/watch?v=AnSlQ2ogc0Q,aj_kabrit,,,,
تدريب كرة سلة للمقعدات في غزة,https://www.youtube.com/watch?v=PGPDzytT1hA,aj_kabrit,,,,
زراعة في مخيم الزعتري,https://www.youtube.com/watch?v=zI5msJtK508,aj_kabrit,,,,
مشاريع متعثرة,https://www.youtube.com/watch?v=T-9GaLvOg-c,aj_kabrit,,,,
ابتكار هندي للطاقة البديلة,https://www.youtube.com/watch?v=8IRys9HdiCU,aj_kabrit,,,,
اليوم العالمي لوقف التدخين,https://www.youtube.com/watch?v=dVttyCl7F1w,aj_kabrit,,,,
صحفيون في اليمن يضربون عن الطعام,https://www.youtube.com/watch?v=S_4188MW38k,aj_kabrit,,,,
48 ساعة من القصف على حلب,https://www.youtube.com/watch?v=I2F6TCwBJug,aj_kabrit,,,,
الصين تشارك بالانتخابات الأمريكية بالأقنعة,https://www.youtube.com/watch?v=jaOamdwkgE0,aj_kabrit,,,,
سلْفي أعماق البحر,https://www.youtube.com/watch?v=zmUC2yXVO54,aj_kabrit,,,,
الموسيقى ليست حراماً,https://www.youtube.com/watch?v=ubHeZh7Sk-I,aj_kabrit,,,,
جماعات كراهية أمريكية,https://www.youtube.com/watch?v=mN8CyUd8Dvw,aj_kabrit,,,,
فنان فلسطيني يرسم بالقهوة,https://www.youtube.com/watch?v=REu8QfRq7Jw,aj_kabrit,,,,
إضرابات في سجن حماة المركزي,https://www.youtube.com/watch?v=feL6k6_x6f8,aj_kabrit,,,,
ريال مدريد يبهر الجماهير في دوري أبطال أوروبا,https://www.youtube.com/watch?v=idOqLfsXAtI,aj_kabrit,,,,
أوباما أول رئيس أمريكي يزور هيروشيما,https://www.youtube.com/watch?v=dHGsjPf4RRs,aj_kabrit,,,,
طفلة فلسطينية تفوز بجائزة في لندن,https://www.youtube.com/watch?v=u3axcSwbnKE,aj_kabrit,,,,
كرسي متحرك خارج عن المألوف,https://www.youtube.com/watch?v=JKMB4GDr_Kc,aj_kabrit,,,,
باص صيني يحل أزمة السير,https://www.youtube.com/watch?v=5-77SVjpymo,aj_kabrit,,,,
مساعدات أمريكية في الرقة ضد تنظيم تنظيم الدولة,https://www.youtube.com/watch?v=cK0AL4G_3Pk,aj_kabrit,,,,
هنا أو هناك.. أنتم معنا ونحن معكم,https://www.youtube.com/watch?v=o3Rr-RYekuw,aj_kabrit,,,,
كيف تبدو الحياة مع الذئاب؟,https://www.youtube.com/watch?v=FucgOmp_lTo,aj_kabrit,,,,
"""أطفال لا جنود"" حملة ضد تجنيد الأطفال في سوريا",https://www.youtube.com/watch?v=GIPPpe6Wwmg,aj_kabrit,,,,
كبسولة النجاة من الكوارث,https://www.youtube.com/watch?v=-8zMJkl9PBg,aj_kabrit,,,,
تطوير كاميرا حرارية تكشف مشاعر الحُب,https://www.youtube.com/watch?v=AniS-d6MJUA,aj_kabrit,,,,
السليط الإخباري في رمضان,https://www.youtube.com/watch?v=i2W09Z4a_hc,aj_kabrit,,,,
مشروع مقبرة البحر لدعم اللاجئين السوريين,https://www.youtube.com/watch?v=5_NrSKPWYRs,aj_kabrit,,,,
سعودي يطلق النار على طبيب زوجته,https://www.youtube.com/watch?v=RTVEGGmkqMs,aj_kabrit,,,,
حملة جزائرية ضد اللغة الفرنسية,https://www.youtube.com/watch?v=_dCyRc7rtaw,aj_kabrit,,,,
اليميني المتطرف أفيغدور ليبرمان وزيراً للدفاع في إسرائيل,https://www.youtube.com/watch?v=81SNvUkVvNI,aj_kabrit,,,,
شاب سوري يُبهر الحاضرين في جلسة للبرلمان الأوروبي,https://www.youtube.com/watch?v=ALYpwjePsog,aj_kabrit,,,,
مزيد من الضرائب في مصر,https://www.youtube.com/watch?v=JibMYdMn7Ow,aj_kabrit,,,,
روبوت شاعري,https://www.youtube.com/watch?v=FjT7pJYz_wo,aj_kabrit,,,,
مخاوف من عمليات انتقام طائفية في الفلوجة,https://www.youtube.com/watch?v=3Ers8Jd8Scg,aj_kabrit,,,,
قصة طفل زينب الخواجة,https://www.youtube.com/watch?v=pofQ1P9jJnI,aj_kabrit,,,,
جريمة ثأر في لبنان,https://www.youtube.com/watch?v=mCngmOppVUw,aj_kabrit,,,,
تحريك كراسي مرضى الشلل بتعابير الوجه,https://www.youtube.com/watch?v=md2IyEqae2k,aj_kabrit,,,,
صندوق للحفاظ على الرئتين,https://www.youtube.com/watch?v=ojkZgoTXdj8,aj_kabrit,,,,
فن تشيكيلي مختلف,https://www.youtube.com/watch?v=e00WnBg-IOE,aj_kabrit,,,,
مستشفى الأمل للسرطان في اليمن,https://www.youtube.com/watch?v=9nslRbh9FoI,aj_kabrit,,,,
إيفرست.. بالتصوير الافتراضي,https://www.youtube.com/watch?v=Tl2zaN058_A,aj_kabrit,,,,
معنا معنى - عظَم,https://www.youtube.com/watch?v=jyrDcvw_CUc,aj_kabrit,,,,
تمثال بورقيبة يعود بعد أكثر من ربع قرن,https://www.youtube.com/watch?v=AaDu0mS83Mo,aj_kabrit,,,,
إخلاء مخيم إيدوميني,https://www.youtube.com/watch?v=yF5Zy3OHvkI,aj_kabrit,,,,
الشقيقان عشرواي.. ذهبية وتفجير,https://www.youtube.com/watch?v=3eopgsam3Os,aj_kabrit,,,,
تفجيرات في طرطوس وجبلة,https://www.youtube.com/watch?v=3naZLt3vsnY,aj_kabrit,,,,
صالح كامل متهم بالاعتداء على الأملاك العامة,https://www.youtube.com/watch?v=4lqWWNkcekA,aj_kabrit,,,,
جلسات تصوير لأطفال بورونديين لاجئين في تنزانيا,https://www.youtube.com/watch?v=ZJ_ty3ksuCM,aj_kabrit,,,,
السجناء والعلاج بالدراما,https://www.youtube.com/watch?v=sH71Q40c-P4,aj_kabrit,,,,
فريق النينجا الفلسطيني,https://www.youtube.com/watch?v=ETinjUEZCyE,aj_kabrit,,,,
حملة ضد تجارة جلود الحيوانات,https://www.youtube.com/watch?v=loGY6_7tCnw,aj_kabrit,,,,
الانتحار بين الأسُود,https://www.youtube.com/watch?v=JTiFtqRDi3U,aj_kabrit,,,,
قوات حكومية تعلن انطلاق عملية استعادة الفلوجة,https://www.youtube.com/watch?v=x0nvPR6ZcZM,aj_kabrit,,,,
برنامج فصاحة على تلفزيون قطر,https://www.youtube.com/watch?v=zpHUhY3uxtU,aj_kabrit,,,,
البرازيل والرئيس الجديد,https://www.youtube.com/watch?v=6AYOiLaSY8k,aj_kabrit,,,,
تقرير الإحصاءات الصحية العالمية لعام 2016,https://www.youtube.com/watch?v=K_G6wR8GHmY,aj_kabrit,,,,
عصام زهر الدين يتباهى بصوره مع الأشلاء,https://www.youtube.com/watch?v=bo-Pem0u6A4,aj_kabrit,,,,
أطفال متلازمة داون يتعلمون الكاراتيه,https://www.youtube.com/watch?v=CewKuri5-YY,aj_kabrit,,,,
بيت حاضن للفنون,https://www.youtube.com/watch?v=UM-gHTHAh-4,aj_kabrit,,,,
ألعاب الإنترنت محظورة في المغرب,https://www.youtube.com/watch?v=K33p_I7W3pY,aj_kabrit,,,,
"فيديو قناع ""تشوباكا"" يفجر الإنترنت",https://www.youtube.com/watch?v=W2HJfzsr1_A,aj_kabrit,,,,
"ما هي شركات ""الأوفشور""؟",https://www.youtube.com/watch?v=m5dUULhmQ9U,aj_kabrit,,,,
روبوت لإزالة البطاريات من المعدة,https://www.youtube.com/watch?v=EkMhIkQpeeg,aj_kabrit,,,,
"صناعة ""البابور""",https://www.youtube.com/watch?v=wbqiS-NtNBs,aj_kabrit,,,,
السليط الإخباري - الحلقة 25,https://www.youtube.com/watch?v=qG5FssPXuvA,aj_kabrit,,,,
نادين نجيم وتصريحاتها عن العلاقات الجنسية,https://www.youtube.com/watch?v=9VgYp8yk-Ac,aj_kabrit,,,,
عرض أزياء عاملات المنازل في لبنان,https://www.youtube.com/watch?v=E2ujTqQsxPs,aj_kabrit,,,,
تحطم طائرة مصر للطيران المتجهة من باريس إلى القاهرة,https://www.youtube.com/watch?v=W8wt_mwCncQ,aj_kabrit,,,,
مشروع قانون يسمح بمقاضاة السعودية في الولايات المتحدة,https://www.youtube.com/watch?v=qwjYuudpwZs,aj_kabrit,,,,
سلام السيسي الدافئ مع إسرائيل,https://www.youtube.com/watch?v=Nr8xU_oFhDM,aj_kabrit,,,,
لباس وزينة تونسية للحفاظ على القيم الثقافية,https://www.youtube.com/watch?v=Pf5AHS1DR3s,aj_kabrit,,,,
لماذا تستخدمون سناب شات؟,https://www.youtube.com/watch?v=qp_NRHs_Sus,aj_kabrit,,,,
كيم كاردشيان ونساء إيران,https://www.youtube.com/watch?v=jes5mxlVpGE,aj_kabrit,,,,
السكان الأصليون في البرازيل يتحدثون عن التغيير في الحكم,https://www.youtube.com/watch?v=R0rgfRkJ0Ws,aj_kabrit,,,,
فريق نسائي عراقي لتسلق الجبال,https://www.youtube.com/watch?v=BuLtiyIpes0,aj_kabrit,,,,
معنا معنى - الرّالة,https://www.youtube.com/watch?v=LA27kduLtaw,aj_kabrit,,,,
"أسبوع للموضة ""المحتشمة"" في تركيا",https://www.youtube.com/watch?v=j0CNXw8zXP8,aj_kabrit,,,,
الورد الدمشقي,https://www.youtube.com/watch?v=cf2eZ-yZMNA,aj_kabrit,,,,
طفلان سوريان يرسمان في شوارع بيروت,https://www.youtube.com/watch?v=RduKo90jIRI,aj_kabrit,,,,
ركوب أمواج.. على الإنترنت,https://www.youtube.com/watch?v=L1jAFmg1_5c,aj_kabrit,,,,
تسلق رغم الإعاقة,https://www.youtube.com/watch?v=vLCoZvt_Ols,aj_kabrit,,,,
داريا.. حصار وجوع,https://www.youtube.com/watch?v=bR4yXHuRPDI,aj_kabrit,,,,
"فوز الأوكرانية ""جمالا"" يُغضب الروس",https://www.youtube.com/watch?v=YaSB1WeLVng,aj_kabrit,,,,
تدشين أكبر مفتاح في العالم بذكرى النكبة,https://www.youtube.com/watch?v=78Whzv4lwQ8,aj_kabrit,,,,
حملة للتضامن مع المعتقلين في مصر,https://www.youtube.com/watch?v=WiyO0K7N_Mc,aj_kabrit,,,,
نظارات للمكفوفين,https://www.youtube.com/watch?v=M-6ppgIsbso,aj_kabrit,,,,
رسوم على مكالمات الإنترنت في الأردن,https://www.youtube.com/watch?v=VHIm8htbjSg,aj_kabrit,,,,
فيسبوك في قفص الاتهام,https://www.youtube.com/watch?v=OnrjYfpyIGQ,aj_kabrit,,,,
تونسي على أعلى قمة في العالم,https://www.youtube.com/watch?v=e8gSaCdFCwU,aj_kabrit,,,,
قرار بمنع القات في عدن اليمنية,https://www.youtube.com/watch?v=lQliBDqvHIo,aj_kabrit,,,,
حملة نتنياهو للإجابة على أسئلة المتابعين,https://www.youtube.com/watch?v=oWgvfnOILbI,aj_kabrit,,,,
فريق ملاكمة نسائية في السودان,https://www.youtube.com/watch?v=ryg6lEUANuw,aj_kabrit,,,,
هو أحد أسباب الخلاف بين المغرب والجزائر، هل تعرفون قصة النزاع على الصحراء الغربية؟,https://www.youtube.com/watch?v=NTeD8FDKtYk,aj_kabrit,,,,
تقنيات جديدة لتدريب الصقور,https://www.youtube.com/watch?v=fZ1UsR1jzX4,aj_kabrit,,,,
السليط الإخباري - الحلقة 24,https://www.youtube.com/watch?v=oidIEz1jBhY,aj_kabrit,,,,
"""الله أكبر"" جزء من تدريبات مكافحة الإرهاب في بريطانيا",https://www.youtube.com/watch?v=HosOIRxcD-Q,aj_kabrit,,,,
منظمة حقوقية تتهم تركيا بقتل لاجئين سوريين,https://www.youtube.com/watch?v=Deue74NULm4,aj_kabrit,,,,
أوباما يبحث عن عمل,https://www.youtube.com/watch?v=wk5cApftikA,aj_kabrit,,,,
"حملة تضامنية في مصر مع ""أطفال شوارع""",https://www.youtube.com/watch?v=_iZcU0L8Fb0,aj_kabrit,,,,
لوحة من 4 ملايين عبوة بلاستيكية,https://www.youtube.com/watch?v=0tNk8Q6dIlY,aj_kabrit,,,,
أقدم مطعم في العالم بمدريد,https://www.youtube.com/watch?v=IsPoN4BeCpo,aj_kabrit,,,,
تصريحات متبادلة بين دونالد ترامب وصديق خان,https://www.youtube.com/watch?v=rnkJRczMO-8,aj_kabrit,,,,
حرائق في العتبة والغورية في القاهرة,https://www.youtube.com/watch?v=8m8JwSCaoRk,aj_kabrit,,,,
إعاقته لم تمنعه من تنمية هوايته,https://www.youtube.com/watch?v=xU_r_9afZ8s,aj_kabrit,,,,
الخصوصية على الإنترنت,https://www.youtube.com/watch?v=Eif143YhJZo,aj_kabrit,,,,
مأوى للأطفال اللاجئين في اليونان,https://www.youtube.com/watch?v=lEHly1xaXFM,aj_kabrit,,,,
معنا معنى - نفنوف,https://www.youtube.com/watch?v=E1hpaUwevE8,aj_kabrit,,,,
جولة سياحية بالقدس المحتلة,https://www.youtube.com/watch?v=16ZgMHzE07o,aj_kabrit,,,,
سلْفي الجزائر,https://www.youtube.com/watch?v=6pdiLnYuFqM,aj_kabrit,,,,
فرز الأصوات.. بطيء,https://www.youtube.com/watch?v=drCIeQCfPVQ,aj_kabrit,,,,
فن الشارع في دبي,https://www.youtube.com/watch?v=5uIKnqt31-o,aj_kabrit,,,,
عراقي يهوى جمع آلات السينما,https://www.youtube.com/watch?v=H-hxTk1VWaw,aj_kabrit,,,,
حكم نهائي بإعدام زعيم الحركة الإسلامية في بنغلاديش,https://www.youtube.com/watch?v=SCBzkTG5mdg,aj_kabrit,,,,
"ما هي ""شنغن""؟",https://www.youtube.com/watch?v=fl0qHYW2NNA,aj_kabrit,,,,
الشانزليزيه بلا سيارات,https://www.youtube.com/watch?v=6dxnctQgbZI,aj_kabrit,,,,
"أغاني ""أطفال شوارع"" تقلق السيسي",https://www.youtube.com/watch?v=MjNwe-2bxDQ,aj_kabrit,,,,
الانتخابات البلدية في لبنان,https://www.youtube.com/watch?v=22uAPm3r2mM,aj_kabrit,,,,
جدل عربي بسبب فوز صديق خان,https://www.youtube.com/watch?v=GmtCc_4QCpg,aj_kabrit,,,,
مراهق أمريكي يجمع حواسيب Apple,https://www.youtube.com/watch?v=FGweuo3X7as,aj_kabrit,,,,
إعدام الصحفيين في مصر,https://www.youtube.com/watch?v=IKZ91ujp04k,aj_kabrit,,,,
اتفاقية سايكس بيكو,https://www.youtube.com/watch?v=DNbFyjyvIe4,aj_kabrit,,,,
مجازر 8 مايو/ أيار 1945 بالجزائر,https://www.youtube.com/watch?v=mIozWATeVBE,aj_kabrit,,,,
تنظيم النسل.. أحد التحديات الاجتماعية في أفغانستان,https://www.youtube.com/watch?v=a7hC2HB-uQA,aj_kabrit,,,,
عصابات المخدرات في المملكة المتحدة,https://www.youtube.com/watch?v=QXrF5UMUqww,aj_kabrit,,,,
التصويت للانتخابات بالتسوق,https://www.youtube.com/watch?v=jWzcIMGtThA,aj_kabrit,,,,
فكرة مبتكرة لمساعدة المشردات,https://www.youtube.com/watch?v=L-jvuzF44iw,aj_kabrit,,,,
طبيب شيّع أخاه ثم أكمل مداواة المرضى,https://www.youtube.com/watch?v=cXUbPAx-fTg,aj_kabrit,,,,
تسيعينية تقفز بالمظلة,https://www.youtube.com/watch?v=J3Cp3muRyAk,aj_kabrit,,,,
السليط الإخباري - الحلقة 23,https://www.youtube.com/watch?v=2vnOx7FFR5Y,aj_kabrit,,,,
أمريكا وروسيا تتفقان على هدنة في حلب,https://www.youtube.com/watch?v=WJccVPntUo0,aj_kabrit,,,,
توم وجيري متهمان بالإرهاب,https://www.youtube.com/watch?v=TTZy386LhHQ,aj_kabrit,,,,
تأثير إغراق أنفاق غزة على التربة,https://www.youtube.com/watch?v=Wplq6JEF_CE,aj_kabrit,,,,
مهرجان القفز فوق السيارات,https://www.youtube.com/watch?v=Do5-9crT724,aj_kabrit,,,,
زراعة أذن صناعية,https://www.youtube.com/watch?v=GLlVW-RYnfw,aj_kabrit,,,,
مركز كريمات لتمكين السوريات,https://www.youtube.com/watch?v=OyCtKMBCtVU,aj_kabrit,,,,
ازدياد الفساد في الدول العربية,https://www.youtube.com/watch?v=JYQYRCsOdIs,aj_kabrit,,,,
عاشقات سباق السيارات,https://www.youtube.com/watch?v=qW8XgYJoXro,aj_kabrit,,,,
السفير البريطاني وشم النسيم,https://www.youtube.com/watch?v=UGkf9RsvDhc,aj_kabrit,,,,
كروز ينسحب من السباق الرئاسي الأمريكي,https://www.youtube.com/watch?v=JGshmdMsHFk,aj_kabrit,,,,
Salman al-Awda and the ruling on homosexuality in Islam,https://www.youtube.com/watch?v=64cQh9rEpg0,aj_kabrit,,,,
اكتشاف 3 كواكب تشبه الأرض,https://www.youtube.com/watch?v=fABCpRpeslc,aj_kabrit,,,,
العبودية الحديثة وغسيل السيارات,https://www.youtube.com/watch?v=cnlT6NMdW98,aj_kabrit,,,,
معنا معنى - شادي,https://www.youtube.com/watch?v=lv1BBbgBJNw,aj_kabrit,,,,
خطة اقتحام النقابة,https://www.youtube.com/watch?v=A5-h1iNP8aI,aj_kabrit,,,,
الاستخبارات الأمريكية تنشر عملية مقتل بن لادن,https://www.youtube.com/watch?v=sqd20v2MFB8,aj_kabrit,,,,
مهرجان الحمير في المكسيك,https://www.youtube.com/watch?v=oZHRixN3ZUo,aj_kabrit,,,,
حرق حافلات بن لادن السعودية,https://www.youtube.com/watch?v=waC-ZzngcDw,aj_kabrit,,,,
أفلام سينمائية تجوب القرى المصرية,https://www.youtube.com/watch?v=0lWniJl0JNk,aj_kabrit,,,,
فيسبوك بالأحمر,https://www.youtube.com/watch?v=Dm2xxuW4naQ,aj_kabrit,,,,
ضد الممارسات العنصرية في موريتانيا,https://www.youtube.com/watch?v=2hIRe_tpUMY,aj_kabrit,,,,
الغطس الحر,https://www.youtube.com/watch?v=Kp4ko-6YF9M,aj_kabrit,,,,
قصة يوم العمال,https://www.youtube.com/watch?v=oRKEioLJFD0,aj_kabrit,,,,
حلب تحترق,https://www.youtube.com/watch?v=hqPY-LmDfx0,aj_kabrit,,,,
مظاهرات في العراق اقتحمت مجلس النواب,https://www.youtube.com/watch?v=Zx2OVavz-M4,aj_kabrit,,,,
مهنة النجارة للنساء أيضاً,https://www.youtube.com/watch?v=uHcvy9-1yGU,aj_kabrit,,,,
الاستعباد الجنسي في المملكة المتحدة,https://www.youtube.com/watch?v=UqRN8u03Cls,aj_kabrit,,,,
التنقيب عن الذهب في موريتانيا,https://www.youtube.com/watch?v=9imRP-bBQlA,aj_kabrit,,,,
نجاح طبي: الضوء لقتل الورم الخبيث,https://www.youtube.com/watch?v=ovrEi7t1gzs,aj_kabrit,,,,
في اليابان: مكتبة بحُجَر نوم,https://www.youtube.com/watch?v=JtNByEd3Xak,aj_kabrit,,,,
الطيران بالتركيز,https://www.youtube.com/watch?v=rSnZEeCB63k,aj_kabrit,,,,
طبقات الفساد في العراق,https://www.youtube.com/watch?v=xK7cN9uCxrE,aj_kabrit,,,,
السليط الإخباري - الحلقة 22,https://www.youtube.com/watch?v=-jC0sLLM8fA,aj_kabrit,,,,
لبنانيات يصممن موقعاً إلكترونياً لتعقب التحرش,https://www.youtube.com/watch?v=WRFamdYvJVA,aj_kabrit,,,,
توهجات شمسية بدقة عالية,https://www.youtube.com/watch?v=6Khnoe8PZAk,aj_kabrit,,,,
طائرة تعمل بالطاقة الشمسية,https://www.youtube.com/watch?v=v-MLT6CJgpQ,aj_kabrit,,,,
قصف مستشفى القدس في حلب,https://www.youtube.com/watch?v=h8tFKAdD2DY,aj_kabrit,,,,
تشجيع القراءة عبر اليوتيوب,https://www.youtube.com/watch?v=hY6SwqS8Nyc,aj_kabrit,,,,
مركبات بلا سائقين في دبي,https://www.youtube.com/watch?v=6ZNpj67S40k,aj_kabrit,,,,
لبنان: أعمال يدوية من النفايات,https://www.youtube.com/watch?v=Y9tR9D-SXZg,aj_kabrit,,,,
"إلغاء حفل لفرقة ""مشروع ليلى"" في الأردن",https://www.youtube.com/watch?v=cOzv-jhYvmY,aj_kabrit,,,,
إعادة تدوير قش الأرز وتحويله إلى ورق,https://www.youtube.com/watch?v=9yUzWcTM5uE,aj_kabrit,,,,
معنا معنى - مفرهد,https://www.youtube.com/watch?v=kjTKqe15YBc,aj_kabrit,,,,
مظاهرات في ذكرى تحرير سيناء,https://www.youtube.com/watch?v=QWafL0R8e6I,aj_kabrit,,,,
العاصمة الأردنية الأكثر غلاءً عربياً,https://www.youtube.com/watch?v=1-6wE4G4M_A,aj_kabrit,,,,
غزة ووعود الإعمار,https://www.youtube.com/watch?v=I4PV4wQjUL0,aj_kabrit,,,,
رياض محرز.. أفضل لاعب في الدوري الإنكليزي 2016,https://www.youtube.com/watch?v=zT6axKdtBZ8,aj_kabrit,,,,
أحد الشعانين في دمشق,https://www.youtube.com/watch?v=lc-lMBnZFHw,aj_kabrit,,,,
محادثات الكويت.. حل للأزمة؟,https://www.youtube.com/watch?v=FTXuqQhHMXQ,aj_kabrit,,,,
لاجئون عالقون في مخيم يوناني,https://www.youtube.com/watch?v=ah4Bj2EqJeY,aj_kabrit,,,,
طفل شارك في مسابقة ثم قُتل,https://www.youtube.com/watch?v=GpdOQEe8jZY,aj_kabrit,,,,
الأرمن والأتراك.. جيرة ومشاكسات,https://www.youtube.com/watch?v=zkV-iBn5wvs,aj_kabrit,,,,
لاجئ سوري يحمل شعلة الأولمبياد,https://www.youtube.com/watch?v=CHyg0U6A4qA,aj_kabrit,,,,
بنك البذور من حلب إلى البقاع,https://www.youtube.com/watch?v=WBXJlBjHsMg,aj_kabrit,,,,
حملة أمنية في مصر قبل 25 أبريل,https://www.youtube.com/watch?v=HBzBXJJ_E50,aj_kabrit,,,,
الحلم العربي,https://www.youtube.com/watch?v=uPeeihunOyY,aj_kabrit,,,,
مشروع طبخ منزلي,https://www.youtube.com/watch?v=4stU9JqOMIo,aj_kabrit,,,,
ساحر أمريكي يمارس حيله بشوارع نيويورك,https://www.youtube.com/watch?v=TWPOfO5yHUQ,aj_kabrit,,,,
"""دخلة الباك سبور"" في تونس",https://www.youtube.com/watch?v=Kpvcl4FSYEs,aj_kabrit,,,,
السليط الإخباري - الحلقة 21,https://www.youtube.com/watch?v=hVUgEwZFkb0,aj_kabrit,,,,
أمازيغ الجزائر يحيون ذكرى ربيعهم,https://www.youtube.com/watch?v=4diPhhDKAXY,aj_kabrit,,,,
طائرات بدون طيار لاختبارات الإيدز في مالاوي,https://www.youtube.com/watch?v=zwIm2j2Z3MI,aj_kabrit,,,,
سفاح نرويجي يربح قضية حقوق إنسان,https://www.youtube.com/watch?v=W3_9G5yIjp8,aj_kabrit,,,,
فنان غرافيتي في غزة يبدع بالخط العربي,https://www.youtube.com/watch?v=mU3YrgOQ-r4,aj_kabrit,,,,
الخوف من الإسلام,https://www.youtube.com/watch?v=vOm0_S7dfZM,aj_kabrit,,,,
شرطي مصري يقتل مواطناً بسبب كوب شاي,https://www.youtube.com/watch?v=GeCtpvOxOzE,aj_kabrit,,,,
حملة مغاربية ضد العنصرية,https://www.youtube.com/watch?v=JKNZY4thyy8,aj_kabrit,,,,
أسرى مُبعدون من الضفة إلى غزة,https://www.youtube.com/watch?v=m-_2tL_S7mA,aj_kabrit,,,,
معنا معنى - بصارات,https://www.youtube.com/watch?v=pQbKkBuIWYM,aj_kabrit,,,,
ما هو حلف الناتو؟,https://www.youtube.com/watch?v=_yd3ot_Lv9A,aj_kabrit,,,,
ظاهرة التلوث في بريطانيا,https://www.youtube.com/watch?v=OfEIVYjdDHY,aj_kabrit,,,,
تهجير قرية أم الحيران,https://www.youtube.com/watch?v=VnmU_t3KjTA,aj_kabrit,,,,
زيارات المسؤولين للاجئين السوريين,https://www.youtube.com/watch?v=FvIJHhhEzag,aj_kabrit,,,,
طرب أندلسي بمدينة جزائرية,https://www.youtube.com/watch?v=qgBP8Huk0Iw,aj_kabrit,,,,
الحكومة الإسرائيلية تجتمع في الجولان,https://www.youtube.com/watch?v=oftYc_qwo0Y,aj_kabrit,,,,
حلم الطيران,https://www.youtube.com/watch?v=nf-NSFxoS0c,aj_kabrit,,,,
إضراب القطاع النفطي في الكويت,https://www.youtube.com/watch?v=txkVBXBaNA4,aj_kabrit,,,,
مناظرة بين ساندرز وكلينتون عن غزة,https://www.youtube.com/watch?v=tTu9V1-YfuA,aj_kabrit,,,,
جامعة كاليفورنيا وحادثة رذاذ الفلفل,https://www.youtube.com/watch?v=BLGKMStHzD0,aj_kabrit,,,,
مخططات حكومية لبيع جامعة الخرطوم,https://www.youtube.com/watch?v=Ccg25-YzRdQ,aj_kabrit,,,,
ما هو الاعتقال الإداري؟,https://www.youtube.com/watch?v=EufHPDRYcHk,aj_kabrit,,,,
رفع أسعار الماء والكهرباء في الكويت,https://www.youtube.com/watch?v=90T5sBG68JA,aj_kabrit,,,,
أصغر أسيرة فلسطينية في سجون الاحتلال,https://www.youtube.com/watch?v=dAAMZSMJDjs,aj_kabrit,,,,
لاجئات مخيم الزعتري وزواج القاصرات,https://www.youtube.com/watch?v=3g3rL1Bwakc,aj_kabrit,,,,
أطول تلفريك في العالم ببوليفيا,https://www.youtube.com/watch?v=f1rn3pEsdPU,aj_kabrit,,,,
للاجئين: تطبيق هاتفي للفضفضة,https://www.youtube.com/watch?v=iF8kpBBh9cU,aj_kabrit,,,,
"العصفور ""Red"" سفيراً للمناخ",https://www.youtube.com/watch?v=nzDk_ZkO8JI,aj_kabrit,,,,
السليط الإخباري - الحلقة 20 - رحلة مع السيسي,https://www.youtube.com/watch?v=oeiZ2LFyhpc,aj_kabrit,,,,
بلغاريون يصطادون اللاجئين!,https://www.youtube.com/watch?v=Mhs_lXCed7E,aj_kabrit,,,,
منع أغنية بشار مارسيل خليفة,https://www.youtube.com/watch?v=RR5SrI4PcCc,aj_kabrit,,,,
عائلات عراقية تعمل في مصانع الطوب,https://www.youtube.com/watch?v=1_is3YFbbeY,aj_kabrit,,,,
ذكرى الحرب اللبنانية,https://www.youtube.com/watch?v=VI5QJLKxfn0,aj_kabrit,,,,
طرق اللاجئين إلى أوروبا,https://www.youtube.com/watch?v=g1YCtZBqQhU,aj_kabrit,,,,
هيئة الأمر بالمعروف والنهي عن المنكر.. بقالب جديد؟!,https://www.youtube.com/watch?v=0cFGwzVVyzk,aj_kabrit,,,,
معنا معنى - كديسة,https://www.youtube.com/watch?v=h9sJ8l48Nt4,aj_kabrit,,,,
أفلام ديزني: بالعامية أم بالفصحى؟,https://www.youtube.com/watch?v=XHchLyEBRSk,aj_kabrit,,,,
تاريخ جزيرتي تيران وصنافير,https://www.youtube.com/watch?v=4Y9yVYOv_vU,aj_kabrit,,,,
مركز اعتقال اللاجئين القادمين إلى اليونان,https://www.youtube.com/watch?v=xvz9rwwJiqM,aj_kabrit,,,,
البحث عن مدافن لأموات اللاجئين,https://www.youtube.com/watch?v=Lu1r8B6VcHc,aj_kabrit,,,,
بعوض لبنان,https://www.youtube.com/watch?v=TvOyivdhBPo,aj_kabrit,,,,
مصر تتخلى عن جزيرتين لصالح السعودية,https://www.youtube.com/watch?v=ugccXcKvr3o,aj_kabrit,,,,
غرفة في الفضاء,https://www.youtube.com/watch?v=RmFGOb6aygg,aj_kabrit,,,,
مهندس بغزة يصنع طابعة ثلاثية الأبعاد,https://www.youtube.com/watch?v=Vws1QhRXvAo,aj_kabrit,,,,
أم تسمع نبضات قلب ابنها المتوفى,https://www.youtube.com/watch?v=bCLNqyKK-dI,aj_kabrit,,,,
روبوتات.. صنع إيراني,https://www.youtube.com/watch?v=Tu8jfn9BuEo,aj_kabrit,,,,
فندق عريق يتحدى الصعاب,https://www.youtube.com/watch?v=XVZ6tDj3lD4,aj_kabrit,,,,
"لماذا سُميَ ""اللوبي"" هكذا؟",https://www.youtube.com/watch?v=EtJDVeqvpeU,aj_kabrit,,,,
أزمة سوق الأدوية,https://www.youtube.com/watch?v=pv6D8uzzw08,aj_kabrit,,,,
السليط الإخباري - الحلقة 19- جديد نجوى كرم,https://www.youtube.com/watch?v=CQvjHmFdLZE,aj_kabrit,,,,
طلبة مغاربة بالسجن,https://www.youtube.com/watch?v=Xl7lwnqUSug,aj_kabrit,,,,
واتساب..أكثر أماناً؟,https://www.youtube.com/watch?v=kcw1vYs-m_c,aj_kabrit,,,,
المرأة اليمنية أولى ضحايا الحرب,https://www.youtube.com/watch?v=u300PtNDNME,aj_kabrit,,,,
"""أفغان ستار"" برنامج مسابقات غنائية في أفغانستان",https://www.youtube.com/watch?v=mXmEqBYPwIs,aj_kabrit,,,,
الكون.. بعدسات رواد الفضاء,https://www.youtube.com/watch?v=7KSoxupmblo,aj_kabrit,,,,
نشرة أخبار بإيقاع الراب في موريتانيا,https://www.youtube.com/watch?v=6s-JgieTxTg,aj_kabrit,,,,
مظاهرات أثناء تشييع شاب في البحرين,https://www.youtube.com/watch?v=w88Knd5AMZM,aj_kabrit,,,,
فريق إسرائيلي لكرة الطائرة في قطر,https://www.youtube.com/watch?v=GbBV0LS5DsA,aj_kabrit,,,,
أعمال فنية في عمق المحيط الأطلسي,https://www.youtube.com/watch?v=Nt3cqjNJcOg,aj_kabrit,,,,
تقرير إيطالي عن الإخفاء القسري في مصر,https://www.youtube.com/watch?v=Jcypsm-pu70,aj_kabrit,,,,
معنا معنى - خوصة,https://www.youtube.com/watch?v=vIntyudzJWw,aj_kabrit,,,,
لماذا تتصارع أرمينيا وأذربيجان على إقليم ناغورني قرة باغ؟,https://www.youtube.com/watch?v=F5KqqzhyXR4,aj_kabrit,,,,
فضيحة تسريب وثائق للمتهربين من الضرائب,https://www.youtube.com/watch?v=c2jOHDoNTTM,aj_kabrit,,,,
لأول مرة في العالم.. أولمبياد لذوي الأطراف الصناعية,https://www.youtube.com/watch?v=qSRQzxFy1dA,aj_kabrit,,,,
محاكاة صينية للموت,https://www.youtube.com/watch?v=notQWg_7UUg,aj_kabrit,,,,
حملة مطالبة بفك حصار غزة,https://www.youtube.com/watch?v=k7GxMXzfhAs,aj_kabrit,,,,
كاريكاتير يثير غضباً في لبنان,https://www.youtube.com/watch?v=mAa5JwEG8p4,aj_kabrit,,,,
منظمات الاتجار بالبشر في لبنان,https://www.youtube.com/watch?v=hOyTMiG2WmM,aj_kabrit,,,,
غرفة تحت الماء بين أسماك القرش,https://www.youtube.com/watch?v=xak0-2gE3dA,aj_kabrit,,,,
العزوبية في الصين,https://www.youtube.com/watch?v=A-5ehNtj2nA,aj_kabrit,,,,
الشعاب المرجانية مهددة,https://www.youtube.com/watch?v=liEel0IM_QU,aj_kabrit,,,,
ما هي الفدرالية؟,https://www.youtube.com/watch?v=YkDGQlYF2r0,aj_kabrit,,,,
السليط الإخباري - الحلقة الثامنة عشرة,https://www.youtube.com/watch?v=fRS69TBgd0I,aj_kabrit,,,,
أوركسترا ألمانية في الأردن لدعم اللاجئين,https://www.youtube.com/watch?v=W1a7WhIegHg,aj_kabrit,,,,
وزيرة فرنسية تهاجم موضة ملابس الحجاب,https://www.youtube.com/watch?v=IC7NfU_40ls,aj_kabrit,,,,
حفلات التخرج في العراق,https://www.youtube.com/watch?v=FvOoLEfYV-E,aj_kabrit,,,,
روبوت مايكروسوفت يخرج عن السيطرة,https://www.youtube.com/watch?v=Z-yULVH0j40,aj_kabrit,,,,
ما هو أصل بخور العود؟,https://www.youtube.com/watch?v=BL1p3YNuaW4,aj_kabrit,,,,
مسيرة بالجزائر للمطالبة بعقود عمل دائمة,https://www.youtube.com/watch?v=AC1jfO5i-tk,aj_kabrit,,,,
أهالي غزة يعانون نقص وتلوث المياه,https://www.youtube.com/watch?v=be-j0CX547I,aj_kabrit,,,,
طائرة مصرية مختطفة,https://www.youtube.com/watch?v=9vsd7Y-lnkU,aj_kabrit,,,,
سجناء يصنعون حقائب اليد,https://www.youtube.com/watch?v=PkO_ppNnxTs,aj_kabrit,,,,
بخور العود في السوق السوداء,https://www.youtube.com/watch?v=K4LyB3IQT6E,aj_kabrit,,,,
سوري يلتقي عائلته بعد فراق 5 سنوات,https://www.youtube.com/watch?v=ir2fxOJ0wPE,aj_kabrit,,,,
رسائل المقاومة على جدران القدس المحتلة,https://www.youtube.com/watch?v=RbWO7HT9UXQ,aj_kabrit,,,,
معنا معنى - فيسع,https://www.youtube.com/watch?v=YZhnlH1S9U4,aj_kabrit,,,,
النظام السوري يستعيد مدينة تَدمُر من تنظيم الدولة,https://www.youtube.com/watch?v=REZWv6CLA04,aj_kabrit,,,,
قطعة من بخور العود تساوي ملايين الدولارات,https://www.youtube.com/watch?v=8Cr1n0G4uag,aj_kabrit,,,,
عام على حرب اليمن,https://www.youtube.com/watch?v=or3zG_6ahi4,aj_kabrit,,,,
آلاف اللاجئين العالقين على الحدود اليونانية المقدونية,https://www.youtube.com/watch?v=d-H-ur2x2S4,aj_kabrit,,,,
أدوات طعام قابلة للأكل,https://www.youtube.com/watch?v=4KpcjvqSSEA,aj_kabrit,,,,
تفجير في ملعب كرة قدم في العراق,https://www.youtube.com/watch?v=dgjYgOwQ88U,aj_kabrit,,,,
قصة المراهق الفلسطيني محمد,https://www.youtube.com/watch?v=FML00vf2VE8,aj_kabrit,,,,
حلم الطفلة سجى,https://www.youtube.com/watch?v=-4Fx9eNI8S0,aj_kabrit,,,,
السليط الإخباري - الحلقة السابعة عشرة,https://www.youtube.com/watch?v=uOCdYlvkNyo,aj_kabrit,,,,
سودانيات ضد العنف,https://www.youtube.com/watch?v=3rndjeCElm8,aj_kabrit,,,,
بولندا ترفض اللاجئين بعد هجمات بروكسل,https://www.youtube.com/watch?v=Cl6r7T8rYlI,aj_kabrit,,,,
حنان الحروب تعود إلى فلسطين,https://www.youtube.com/watch?v=PPQYViNDMWc,aj_kabrit,,,,
روبوت آبل يفكك الهواتف المستعملة,https://www.youtube.com/watch?v=JyJkI-nPUvE,aj_kabrit,,,,
أيباك.. صداقة مع امتيازات,https://www.youtube.com/watch?v=4MO61A8zKJQ,aj_kabrit,,,,
وسمٌ مناهض للإسلام بعد تفجيرات بروكسل,https://www.youtube.com/watch?v=ujkaDUo_jSI,aj_kabrit,,,,
لاجئون يحيون عيد النوروز في مخيم باليونان,https://www.youtube.com/watch?v=ZIw670Vt0ks,aj_kabrit,,,,
الغرافيتي يزين حي منشية ناصر,https://www.youtube.com/watch?v=067VkEr5tnQ,aj_kabrit,,,,
ما هو الاتحاد الأوروبي؟,https://www.youtube.com/watch?v=g6oKfU-TUvY,aj_kabrit,,,,
معنا معنى - كزدورة,https://www.youtube.com/watch?v=ZwwbsKA87Og,aj_kabrit,,,,
خلفان يغرّد.. وتويتر يشتعل!,https://www.youtube.com/watch?v=0Gk4ze3sWoA,aj_kabrit,,,,
حذاء ذكي يربط نفسه تلقائياً,https://www.youtube.com/watch?v=iBuhzqjZJ5c,aj_kabrit,,,,
شغب جماهير الرجاء البيضاوي,https://www.youtube.com/watch?v=UNe5nqakhlE,aj_kabrit,,,,
إيقاف برنامج “ذا كوين” للفنانة أحلام,https://www.youtube.com/watch?v=TlDjVAtMJ7c,aj_kabrit,,,,
مدرسة الباليه العراقية تواجه أزمة مالية,https://www.youtube.com/watch?v=DUP4dUmCvvA,aj_kabrit,,,,
ياسمين: لاجئة بدون تعليم في لبنان,https://www.youtube.com/watch?v=KUZkjueJuIs,aj_kabrit,,,,
ترتيب الدول في اليوم العالمي للسعادة,https://www.youtube.com/watch?v=1lZhzU6Ukgg,aj_kabrit,,,,
سوري احتجز في مطار إسطنبول أكثر من عام,https://www.youtube.com/watch?v=BXLVtjNyDKw,aj_kabrit,,,,
العلم يكتشف كذب ترامب,https://www.youtube.com/watch?v=9RbFxZM-cH0,aj_kabrit,,,,
أطفال سوريون ينظفون شوارع حلب,https://www.youtube.com/watch?v=fnXNM3VpSwM,aj_kabrit,,,,
إعادة تدوير سترات النجاة,https://www.youtube.com/watch?v=cR-gGjmhqKA,aj_kabrit,,,,
القضية الكردية,https://www.youtube.com/watch?v=ny-LtZ95ufo,aj_kabrit,,,,
أطفال هونغ كونغ وصناعة الدرونز والروبوتات,https://www.youtube.com/watch?v=-VBFiqd5kCw,aj_kabrit,,,,
اللاجئون في العالم,https://www.youtube.com/watch?v=2reYEWW3FhA,aj_kabrit,,,,
غناء الراب في فرنسا,https://www.youtube.com/watch?v=UuyW79xAjAQ,aj_kabrit,,,,
السليط الإخباري - الحلقة السادسة عشرة,https://www.youtube.com/watch?v=sSobutpeuWM,aj_kabrit,,,,
أحمد الدوابشة يلتقي كريسيانو رونالدو,https://www.youtube.com/watch?v=rwv2H6O-vZw,aj_kabrit,,,,
ما هو مخزن البذور العالمي؟,https://www.youtube.com/watch?v=2P-b-f1spB0,aj_kabrit,,,,
أرز الفقراء مفقود في مصر,https://www.youtube.com/watch?v=T-9JPVmLcvI,aj_kabrit,,,,
لبنان تودِّع صحفها الورقية,https://www.youtube.com/watch?v=n0yqFG8652s,aj_kabrit,,,,
أنجلينا جولي تزور اللاجئين في لبنان,https://www.youtube.com/watch?v=s59QNXt2EFc,aj_kabrit,,,,
تضامنوا مع النساء فوضعوا أحمر الشفاه,https://www.youtube.com/watch?v=-TOdXaC0tEU,aj_kabrit,,,,
متجر دنماركي للبضائع منتهية الصلاحية,https://www.youtube.com/watch?v=w_qD1dd48wI,aj_kabrit,,,,
معنا معنى - بربس,https://www.youtube.com/watch?v=EN6ZtF9uOug,aj_kabrit,,,,
كيف يتحكم بك جواز سفرك؟,https://www.youtube.com/watch?v=goEfiYN7gC8,aj_kabrit,,,,
في قرار مفاجئ روسيا تنسحب من سوريا,https://www.youtube.com/watch?v=0xllYT5ewF4,aj_kabrit,,,,
تجمع نسائي للدفاع عن النفس,https://www.youtube.com/watch?v=M0d1aRIOhu0,aj_kabrit,,,,
مسابقة للطائرات بدون طيار في دبي,https://www.youtube.com/watch?v=HymC_YSMpkc,aj_kabrit,,,,
إقالة الزند بعد تصريحات مسيئة للرسول,https://www.youtube.com/watch?v=xsctQUo9UXo,aj_kabrit,,,,
نساء أفغانستان على دراجات هوائية,https://www.youtube.com/watch?v=JD-SKT7qXRQ,aj_kabrit,,,,
فلسطينية مرشحة لجائزة أفضل معلمة في العالم,https://www.youtube.com/watch?v=iEiidpy8B2k,aj_kabrit,,,,
رحلة عائلة سورية لاجئة إلى لبنان,https://www.youtube.com/watch?v=azzmcp8xRE0,aj_kabrit,,,,
حيوانات تموت جوعاً في قطاع غزة,https://www.youtube.com/watch?v=C39heURkPFc,aj_kabrit,,,,
الدولار.. وسر تربعه على عرش العملات,https://www.youtube.com/watch?v=SCtoAuuI8MA,aj_kabrit,,,,
السليط الإخباري - الحلقة 15 - يوم المرأة,https://www.youtube.com/watch?v=EkQvi0R5m5s,aj_kabrit,,,,
منخفض جوي في الإمارات,https://www.youtube.com/watch?v=mxSHPMb5KbA,aj_kabrit,,,,
طالبة تواجه وزير الداخلية اللبناني,https://www.youtube.com/watch?v=U9MLTrR3ZMk,aj_kabrit,,,,
معنا معنى - متروس,https://www.youtube.com/watch?v=3HAxg1LbJZs,aj_kabrit,,,,
غضب من أوبر وكريم في مصر,https://www.youtube.com/watch?v=x1VpuSbinxs,aj_kabrit,,,,
"""سيلفي"" مع قتلى تنظيم الدولة",https://www.youtube.com/watch?v=wfR4bS8lCU8,aj_kabrit,,,,
النفايات.. دعاية جديدة للسياحة في لبنان؟!,https://www.youtube.com/watch?v=ev9tuu2F17U,aj_kabrit,,,,
مدرسة عائمة في نيجيريا,https://www.youtube.com/watch?v=cQssQamxdxk,aj_kabrit,,,,
ارتفاع أسعار البصل في المغرب,https://www.youtube.com/watch?v=8NhwqukD53g,aj_kabrit,,,,
حملة إلكترونية دعماً لحرية التعبير في الأردن,https://www.youtube.com/watch?v=NtvR9uxJYRs,aj_kabrit,,,,
مهن السوريات في مخيم الزعتري,https://www.youtube.com/watch?v=4byU5nqRVqE,aj_kabrit,,,,
اليوم العالمي للمرأة,https://www.youtube.com/watch?v=P6Bj328GLdI,aj_kabrit,,,,
الشرطة في العالم العربي,https://www.youtube.com/watch?v=VILVBnssWxE,aj_kabrit,,,,
الصحفية شيموز وسؤال الأوسكار,https://www.youtube.com/watch?v=1MP_PSzuSik,aj_kabrit,,,,
تصريحات الغنوشي بشأن حزب الله,https://www.youtube.com/watch?v=yAlDFIu8g8E,aj_kabrit,,,,
مظاهرات شعبية في شوارع العراق,https://www.youtube.com/watch?v=RqWm8pzAGhU,aj_kabrit,,,,
فتاة يمنية تتلقى تهديدات بسبب ”الراب“,https://www.youtube.com/watch?v=rCXkpjhZRIA,aj_kabrit,,,,
براءة الأطفال.. تسلية الكبار في برنامج للمسابقات,https://www.youtube.com/watch?v=RSC2IlaYyxI,aj_kabrit,,,,
مظاهرات 2016 في سوريا,https://www.youtube.com/watch?v=dEPuP5GK06g,aj_kabrit,,,,
"اقتحام صحيفة ""زمان"" التركية",https://www.youtube.com/watch?v=sjpcwqhBfF4,aj_kabrit,,,,
قوات الاحتلال تهدم مدرسة شرق القدس,https://www.youtube.com/watch?v=8wYAntyqKR0,aj_kabrit,,,,
فنانة إيرانية ترسم على آليات عسكرية في أفغانستان,https://www.youtube.com/watch?v=cBtevmDYpGc,aj_kabrit,,,,
السودان متمسك بتراث صناعة الفخار,https://www.youtube.com/watch?v=VQg4H5bbTIU,aj_kabrit,,,,
السليط الإخباري - الحلقة الرابعة عشرة,https://www.youtube.com/watch?v=_1J56Aa6Y10,aj_kabrit,,,,
الاحتلال يهدد أهالي قرى النقب المحتل بالتشريد والتهجير,https://www.youtube.com/watch?v=68zBlNqFxC0,aj_kabrit,,,,
المظاهرات تعود إلى الأراضي السورية مع بدء الهدنة,https://www.youtube.com/watch?v=VyvHEXNQbPE,aj_kabrit,,,,
"""كيدل"" محرك بحث للأطفال",https://www.youtube.com/watch?v=WlrPGRwbBdM,aj_kabrit,,,,
ظلام في لؤلؤة الدوحة,https://www.youtube.com/watch?v=_FhYhWq3cn8,aj_kabrit,,,,
سوق الملابس الإسرائيلية المستعملة مقصد فقراء غزة,https://www.youtube.com/watch?v=8mqd2MpGN7A,aj_kabrit,,,,
لاجئون عالقون على الحدود المقدونية اليونانية,https://www.youtube.com/watch?v=4zpGyQfgGE4,aj_kabrit,,,,
العسكر وريادة الأعمال في مصر,https://www.youtube.com/watch?v=vH0v9vr3LHY,aj_kabrit,,,,
معنا معنى - بلعوط,https://www.youtube.com/watch?v=sUWx9iauajQ,aj_kabrit,,,,
روحاني وحلفاؤه يسيطرون على مقاعد طهران,https://www.youtube.com/watch?v=tefmUXuXA-o,aj_kabrit,,,,
حكاية طفلة سورية لجأت إلى تركيا,https://www.youtube.com/watch?v=02HLfqznt6s,aj_kabrit,,,,
لقب الرئيس يطيح بصحفي جزائري,https://www.youtube.com/watch?v=Tagnttm59eo,aj_kabrit,,,,
حكايات الأراجوز وخيال الظل تعكس قضايا المجتمع,https://www.youtube.com/watch?v=E-NEdvNB1so,aj_kabrit,,,,
مقتل عمر النايف داخل سفارة فلسطين لدى بلغاريا,https://www.youtube.com/watch?v=8x83_F2zTng,aj_kabrit,,,,
أطلس: جيل جديد من الروبوتات,https://www.youtube.com/watch?v=YWy-diheIMk,aj_kabrit,,,,
150 يوماً.. والهبّة مستمرة,https://www.youtube.com/watch?v=CPdWkiVbJLI,aj_kabrit,,,,
حملة في المغرب ضد شركات الاتصال,https://www.youtube.com/watch?v=udnISnSWBf8,aj_kabrit,,,,
وقف لإطلاق النار في سوريا,https://www.youtube.com/watch?v=MWg5z22RdD8,aj_kabrit,,,,
القضاء المصري يحيل أبو تريكة للنيابة العامة,https://www.youtube.com/watch?v=hoQFSIjIcRs,aj_kabrit,,,,
الأطفال السوريون في لبنان بين العلم والعمل,https://www.youtube.com/watch?v=XQ57gdsCevc,aj_kabrit,,,,
في غزة.. الرياضة وسط الدمار,https://www.youtube.com/watch?v=1hxiFaPjfvI,aj_kabrit,,,,
قصة المغربي المكراوي بعد الإفراج المؤقت,https://www.youtube.com/watch?v=2uD8Qo9ZdC8,aj_kabrit,,,,
الفلسطينيون ومعاناة اللجوء في العراق,https://www.youtube.com/watch?v=06K87nMhZV4,aj_kabrit,,,,
السليط الإخباري - الحلقة الثالثة عشرة,https://www.youtube.com/watch?v=MSb-ZpI1iEs,aj_kabrit,,,,
رؤية السيسي لمصر 2030,https://www.youtube.com/watch?v=_kRPfUUqL1w,aj_kabrit,,,,
مخابرات مصر تتنصت على الشعب بمساعدة شركات أوروربية,https://www.youtube.com/watch?v=U2zZbVKtKLE,aj_kabrit,,,,
حكاية طفل سوري يعمل في موقع بناء في الأردن,https://www.youtube.com/watch?v=eEnzAjmp-SE,aj_kabrit,,,,
بداية الثورة الليبية,https://www.youtube.com/watch?v=Sz_LOcDSOMs,aj_kabrit,,,,
الحكم على أحمد ناجي,https://www.youtube.com/watch?v=ChZt8bqby9s,aj_kabrit,,,,
أكثر من 100 ألف لاجئ في أول شهرين من 2016,https://www.youtube.com/watch?v=J0fu4kxtLmg,aj_kabrit,,,,
جدران أفغانستان تزيَّن بالغرافيتي,https://www.youtube.com/watch?v=I__25BMSJdk,aj_kabrit,,,,
معنا معنى - صهد,https://www.youtube.com/watch?v=4ZYjFn6yFXI,aj_kabrit,,,,
منتجع الحبانية العراقي يسكنه النازحون,https://www.youtube.com/watch?v=yPqwg-3OoPw,aj_kabrit,,,,
أول قناة ناطقة باللغة النوبية,https://www.youtube.com/watch?v=BePajdyvawQ,aj_kabrit,,,,
حكاية طفل سوري يحلم أن يصبح مهندساً في الأردن,https://www.youtube.com/watch?v=wxiFI7sq2rE,aj_kabrit,,,,
التعليم والصراع العرقي في جنوب السودان,https://www.youtube.com/watch?v=1zVEVdDFs2A,aj_kabrit,,,,
بشار الأسد في مقابلة مع صحيفة إسبانية,https://www.youtube.com/watch?v=aUFfF7ONf-g,aj_kabrit,,,,
سوريا.. مؤتمرات ودماء,https://www.youtube.com/watch?v=T66Q5teEItY,aj_kabrit,,,,
فنانو التمثيل الصامت في شوارع الديوانية بالعراق,https://www.youtube.com/watch?v=gXf6jXGEpxU,aj_kabrit,,,,
الشرطة المصرية.. ومسلسل مستمر من الاعتداءات,https://www.youtube.com/watch?v=l3NI-taFeDQ,aj_kabrit,,,,
"""20 فبراير"" المغربية.. في الذكرى الخامسة",https://www.youtube.com/watch?v=qHjiUjpPKgM,aj_kabrit,,,,
فلسطيني يرسم على الصبّار,https://www.youtube.com/watch?v=WuDAOwIk5vM,aj_kabrit,,,,
السليط الإخباري - الحلقة الثانية عشرة,https://www.youtube.com/watch?v=1XymvXT4-iY,aj_kabrit,,,,
"""آبل"" ترفض تزويد ""إف بي آي"" بمعلومات مستخدميها",https://www.youtube.com/watch?v=Ia2oAFAQepY,aj_kabrit,,,,
مباراة الجزائر وفلسطين.. فوز فلسطيني وفرح جزائري,https://www.youtube.com/watch?v=0px7UYGO230,aj_kabrit,,,,
إضراب مستمر لمعلمي الضفة الغربية,https://www.youtube.com/watch?v=cJQgTxrHqX0,aj_kabrit,,,,
"تك+ | ""عيش الجو""",https://www.youtube.com/watch?v=jiuyuP43OCw,aj_kabrit,,,,
ألعاب بهلوانية في مخيم الزعتري,https://www.youtube.com/watch?v=YCbmz5UU53Y,aj_kabrit,,,,
الاندبندنت البريطانية توقف نسختها الورقية,https://www.youtube.com/watch?v=pbjOb7XjG4k,aj_kabrit,,,,
معنا معنى - صبوح,https://www.youtube.com/watch?v=BQcVSIUJRtc,aj_kabrit,,,,
جندي إسرائيلي يعتدي على فلسطيني مُقعد,https://www.youtube.com/watch?v=U_85YeTGGSw,aj_kabrit,,,,
معطف متعدد الاستعمالات للاجئين,https://www.youtube.com/watch?v=7FoEVik_NgY,aj_kabrit,,,,
أكثر من 80 يوماً والقيق مضرب عن الطعام,https://www.youtube.com/watch?v=MbZ7nnTisbs,aj_kabrit,,,,
2015 الأكثر دموية في أفغانستان,https://www.youtube.com/watch?v=8tazW7AyUsI,aj_kabrit,,,,
بالابتكار تغلب الإعاقة,https://www.youtube.com/watch?v=O7l0MzeB5to,aj_kabrit,,,,
طالب من جنوب السودان يعمل مساعداً لمدير المدرسة,https://www.youtube.com/watch?v=LCQenckcqcA,aj_kabrit,,,,
متحف تحت الماء يجسد معاناة اللاجئين الغرقى,https://www.youtube.com/watch?v=e4gcmZePruU,aj_kabrit,,,,
ما هي الملكية الدستورية؟,https://www.youtube.com/watch?v=OBoWb0vUy-k,aj_kabrit,,,,
مباراة فلسطين والجزائر في يوم الشهيد,https://www.youtube.com/watch?v=Clz2O8A7JgY,aj_kabrit,,,,
أوضاع بائسة للاجئين السوريين في الأردن,https://www.youtube.com/watch?v=zfdrWOYtns8,aj_kabrit,,,,
شاب كويتي يزرع خضروات وفواكه في الصحراء,https://www.youtube.com/watch?v=W_TtF3dz74I,aj_kabrit,,,,
فصل مدرسي سوري مهدّم وسط لندن,https://www.youtube.com/watch?v=zBigpM61LKw,aj_kabrit,,,,
السليط الإخباري - الحلقة الحادية عشرة,https://www.youtube.com/watch?v=9ODCGwdcoac,aj_kabrit,,,,
صيادو غزة يزرعون السمك,https://www.youtube.com/watch?v=oWZRcTZ3oW0,aj_kabrit,,,,
مصر بعد 5 سنوات على تنحي مبارك,https://www.youtube.com/watch?v=FTA6MLd_7R4,aj_kabrit,,,,
الثورة المضادة في اليمن,https://www.youtube.com/watch?v=RUcbGImL9YU,aj_kabrit,,,,
600 ألف نازح سوري قد يصلون إلى حدود تركيا,https://www.youtube.com/watch?v=eoLMLyfYa_U,aj_kabrit,,,,
يمنيّ يبرع في موازنة الأحجار والأجسام,https://www.youtube.com/watch?v=VrACp8fndko,aj_kabrit,,,,
معنا معنى – الهدرة,https://www.youtube.com/watch?v=7TDsMayU_y0,aj_kabrit,,,,
"""هايدرا أو"".. تقنية جديدة لترشيد مياه الاستحمام",https://www.youtube.com/watch?v=Ck7luu5sDDI,aj_kabrit,,,,
حائط أحباب الله للمحتاجين في العراق,https://www.youtube.com/watch?v=CY1Uirim8ak,aj_kabrit,,,,
نفوذ إيران في العالم العربي,https://www.youtube.com/watch?v=Lycw_WyqQWw,aj_kabrit,,,,
كلب على متن طائرة مغربية,https://www.youtube.com/watch?v=xGAMSDB_UCU,aj_kabrit,,,,
ذكرى مذبحة استاد الدفاع الجوي,https://www.youtube.com/watch?v=0HzZ5Wj4w2Q,aj_kabrit,,,,
سوق الغزل.. قبلة محبي الحيونات الأليفة ببغداد,https://www.youtube.com/watch?v=soh4FUdyfn0,aj_kabrit,,,,
السعودية مستعدة للتدخل برياً في سوريا,https://www.youtube.com/watch?v=xGpup0uzABY,aj_kabrit,,,,
أكبر مشروع للطاقة الشمسية في العالم ينطلق من المغرب,https://www.youtube.com/watch?v=NrMLKW0x8ns,aj_kabrit,,,,
جثمان الطالب ريجيني.. من القاهرة إلى روما,https://www.youtube.com/watch?v=ivmtjHlP6Bc,aj_kabrit,,,,
أنفاق غزة الغارقة,https://www.youtube.com/watch?v=9YpO-yB_8Ts,aj_kabrit,,,,
زلزال يضرب جنوب تايوان,https://www.youtube.com/watch?v=o2EsFVQuY0k,aj_kabrit,,,,
كنديون يستضيفون أسرة سورية ويشاركونها التزلج,https://www.youtube.com/watch?v=XcYyKymklC8,aj_kabrit,,,,
مبادرة لإنقاذ اللاجئين من الغرق في المتوسط,https://www.youtube.com/watch?v=2XKBT4dvPS0,aj_kabrit,,,,
حملة اليوم الوطني لشهداء القدس,https://www.youtube.com/watch?v=jDQYfA5lrYg,aj_kabrit,,,,
ما هو موقع ويكيليكس؟,https://www.youtube.com/watch?v=D-g0-zPdq8k,aj_kabrit,,,,
السليط الإخباري - الحلقة العاشرة,https://www.youtube.com/watch?v=8BSFFatePEs,aj_kabrit,,,,
إضراب عام في اليونان ضد إجراءات التقشف,https://www.youtube.com/watch?v=_WcpN1tJerA,aj_kabrit,,,,
شاب مغربي يفضح فساداً.. فاعتُقل!,https://www.youtube.com/watch?v=soFrR9Tm07c,aj_kabrit,,,,
ثلاثة فدائيين ينفذون عملية في القدس,https://www.youtube.com/watch?v=i5OgqvaFKF0,aj_kabrit,,,,
حكاية فقر وبطالة ونضال من مدينة القصرين التونسية,https://www.youtube.com/watch?v=kY0oHARqghY,aj_kabrit,,,,
تك+ | التليفون وأسراره,https://www.youtube.com/watch?v=mIgWzMF-HUw,aj_kabrit,,,,
مسنّة وصياد يونانيان مرشحان لجائزة نوبل,https://www.youtube.com/watch?v=-CFBw32XiFM,aj_kabrit,,,,
"""إليبريا"": أول سيارة رياضية قطرية الصنع",https://www.youtube.com/watch?v=iP9ug7NrCrM,aj_kabrit,,,,
أطفال حلب تحت الأنقاض,https://www.youtube.com/watch?v=W8o-vwBSiSE,aj_kabrit,,,,
أطفال راقصون في أفغانستان,https://www.youtube.com/watch?v=fatXSKa5DsQ,aj_kabrit,,,,
لماذا تنخفض أسعار النفط؟,https://www.youtube.com/watch?v=m0vTCmKqLlI,aj_kabrit,,,,
لاجئون سوريون جدد يعبرون إلى تركيا,https://www.youtube.com/watch?v=WId59280O6c,aj_kabrit,,,,
مكفوفون في مصر جمعتهم الموسيقى,https://www.youtube.com/watch?v=voxazlUHvAo,aj_kabrit,,,,
معنا معنى - عوجة,https://www.youtube.com/watch?v=YykFby5vPt8,aj_kabrit,,,,
إسلام جاويش.. قُبض عليه ثم أخلي سبيله,https://www.youtube.com/watch?v=5nMTvC6g_dM,aj_kabrit,,,,
حافلة كهربائية ذاتية القيادة في هولندا,https://www.youtube.com/watch?v=7dNoHxPScko,aj_kabrit,,,,
انهيار نفق بغزة,https://www.youtube.com/watch?v=41AFFPP45Dk,aj_kabrit,,,,
"فيروس ""زيكا"" وتشوهات المواليد",https://www.youtube.com/watch?v=VhnWrzlvJig,aj_kabrit,,,,
مظاهرات ضد تمديد حالة الطوارئ في باريس,https://www.youtube.com/watch?v=YGrTKvOAxQo,aj_kabrit,,,,
لاجئون غرقى على شواطئ تركيا,https://www.youtube.com/watch?v=d9JOyqnitw4,aj_kabrit,,,,
طائرة من دون طيار تغوص في الماء,https://www.youtube.com/watch?v=mcvappfFTg8,aj_kabrit,,,,
السليط الإخباري - الحلقة التاسعة,https://www.youtube.com/watch?v=T7CIZvv8ea8,aj_kabrit,,,,
الذكرى الخامسة لأحداث 28 يناير في مصر,https://www.youtube.com/watch?v=h7dRrJxKkkY,aj_kabrit,,,,
إيطاليا تغطي التماثيل العارية بسبب الرئيس الإيراني,https://www.youtube.com/watch?v=k-QKuXon0QY,aj_kabrit,,,,
مبادرة خيرية جديدة لمساعدة أطفال الشوارع,https://www.youtube.com/watch?v=LQHw_a6JrIM,aj_kabrit,,,,
من يحارب من في سوريا؟,https://www.youtube.com/watch?v=LSUq_mwcA2U,aj_kabrit,,,,
"احتجاجات سائقي التاكسي في باريس ضد ""أوبر""",https://www.youtube.com/watch?v=g8Q-bQQnCOg,aj_kabrit,,,,
الدنمارك تصادر أموال اللاجئين ومقتنياتهم الثمينة,https://www.youtube.com/watch?v=k9-VO_a6cDY,aj_kabrit,,,,
مهرجان الأقنعة,https://www.youtube.com/watch?v=yTIMsmsFSoM,aj_kabrit,,,,
فلسطينيات يحافظن على التراث,https://www.youtube.com/watch?v=WBtRzcbmmM4,aj_kabrit,,,,
معنا معنى - كَبَتْ,https://www.youtube.com/watch?v=CRh2W_W1daI,aj_kabrit,,,,
مظاهرات الشُرطة في تونس,https://www.youtube.com/watch?v=h8nwLa9CUgk,aj_kabrit,,,,
نادين.. روبوت يقوم بمهام البشر,https://www.youtube.com/watch?v=xkehd1MKzJg,aj_kabrit,,,,
ملاكمة للصغار في حلب السورية,https://www.youtube.com/watch?v=BPZgyIUvJDs,aj_kabrit,,,,
الرسم على الحجارة,https://www.youtube.com/watch?v=RIy-SyHncrI,aj_kabrit,,,,
مظاهرات المعلمين المتدربين في المغرب مستمرة,https://www.youtube.com/watch?v=3emCVGUZ87E,aj_kabrit,,,,
أوركسترا من بقايا القمامة,https://www.youtube.com/watch?v=D0UfmL61Vw4,aj_kabrit,,,,
ثورة 25 يناير.. مطالب لم تتحقق,https://www.youtube.com/watch?v=H5zkdKZG4r0,aj_kabrit,,,,
حالة طوارئ في مواجهة الاحتجاجات,https://www.youtube.com/watch?v=eB0fxxnKJ8c,aj_kabrit,,,,
محمود عباس لا يريد معركة عسكرية,https://www.youtube.com/watch?v=GBYwqFB77AM,aj_kabrit,,,,
هيستيريا الإعلام والحكومة في مصر مع حلول ذكرى 25 يناير,https://www.youtube.com/watch?v=p9OsyNtCLeE,aj_kabrit,,,,
دراجات صديقة للبيئة,https://www.youtube.com/watch?v=CJih7yx_aww,aj_kabrit,,,,
موريتانيون غاضبون من ارتفاع الوقود,https://www.youtube.com/watch?v=hoRIgXj-QsQ,aj_kabrit,,,,
ما هو صندوق النقد الدولي؟,https://www.youtube.com/watch?v=sZ1YOOzpaTo,aj_kabrit,,,,
Al-Saleet Al-Akhbari - Episode Eight,https://www.youtube.com/watch?v=3NyzktGeMx8,aj_kabrit,,,,
أسماء الأخرس تتحدث للشعب السوري,https://www.youtube.com/watch?v=Cd-b4A85Sng,aj_kabrit,,,,
خطر الجفاف يهدد أطفال إثيوبيا,https://www.youtube.com/watch?v=2AZDWpbSZOc,aj_kabrit,,,,
هل يجوز بيع الذنوب؟,https://www.youtube.com/watch?v=E2uc2h47QLk,aj_kabrit,,,,
تك+ | عمار يا تك,https://www.youtube.com/watch?v=HIlEOO2P8xU,aj_kabrit,,,,
تاكسي الدراجة النارية للنساء فقط,https://www.youtube.com/watch?v=5QkI57roGE0,aj_kabrit,,,,
رضا اليحياوي.. ضحية البطالة,https://www.youtube.com/watch?v=N0ji65dAzkQ,aj_kabrit,,,,
العفو الدولية تكشف عمالة الأطفال في صناعة الهواتف الذكية,https://www.youtube.com/watch?v=P_HNgHeZ18Q,aj_kabrit,,,,
المتحف البغدادي في العراق,https://www.youtube.com/watch?v=gNI_DOjm0Iw,aj_kabrit,,,,
أسعار الوقود في دول الخليج,https://www.youtube.com/watch?v=mzrDNg0d-YU,aj_kabrit,,,,
مغاربة يغلقون هواتفهم للضغط على شركات الاتصال,https://www.youtube.com/watch?v=ZqkQACS-hdg,aj_kabrit,,,,
جعجع يرشح عون,https://www.youtube.com/watch?v=sBMvqtQ20xg,aj_kabrit,,,,
أمريكا تفرض عقوبات جديدة على إيران,https://www.youtube.com/watch?v=QYHCe9_tcNI,aj_kabrit,,,,
نظام الحكم في لبنان,https://www.youtube.com/watch?v=f-vtyi4pbBQ,aj_kabrit,,,,
معنا معنى - مطيشة,https://www.youtube.com/watch?v=m7P-tmKGmSc,aj_kabrit,,,,
إمام مسجد يُؤوي القطط,https://www.youtube.com/watch?v=hPE92AbekWI,aj_kabrit,,,,
تطبيق للهواتف يساعد ذوي الإعاقة السمعية,https://www.youtube.com/watch?v=NhMBlAzZxog,aj_kabrit,,,,
أطفال سوريا يرسمون موطنهم من المنفى,https://www.youtube.com/watch?v=LbdcS_z2lWk,aj_kabrit,,,,
مطعم فاخر داخل سجن في إيطاليا,https://www.youtube.com/watch?v=bpjvE3JprOM,aj_kabrit,,,,
وسوم واعتقالات ما قبل ذكرى الثورة المصرية,https://www.youtube.com/watch?v=9OL76e-KQvM,aj_kabrit,,,,
صحفي فلسطيني مضرب عن الطعام في سجون الاحتلال,https://www.youtube.com/watch?v=pbarZSXf6xE,aj_kabrit,,,,
ألواح التزلج الكهربائية.. مخاطرها كثيرة,https://www.youtube.com/watch?v=_tPOY5gcKw8,aj_kabrit,,,,
من هم الأمازيغ؟,https://www.youtube.com/watch?v=YFbbeJZlYXk,aj_kabrit,,,,
في الأردن.. مركز للنساء فقط لمواجهة العنف,https://www.youtube.com/watch?v=VKAnKuTo0Is,aj_kabrit,,,,
مهرجان المنحوتات الثلجية.. مناظر تحبس الأنفاس,https://www.youtube.com/watch?v=sXBChKQIGDE,aj_kabrit,,,,
"""العدالة الانتقالية"".. دواء لجراح العالم العربي",https://www.youtube.com/watch?v=7UnGYFDJ7Ns,aj_kabrit,,,,
كوابيس أطفال غزة,https://www.youtube.com/watch?v=VAILbVKJEpU,aj_kabrit,,,,
السليط الإخباري - الحلقة السابعة,https://www.youtube.com/watch?v=BBW595sJ0ks,aj_kabrit,,,,
انخفاض في إيرادات قناة السويس,https://www.youtube.com/watch?v=kaEUWdLPl0I,aj_kabrit,,,,
طفل سوري في خطاب حالة الاتحاد بالكونغرس الأمريكي,https://www.youtube.com/watch?v=Gc2wTjLvPiY,aj_kabrit,,,,
ثورة تونس.. آمال ومطالب,https://www.youtube.com/watch?v=usay9-OHUFQ,aj_kabrit,,,,
تأثير الحرب باليمن في الأطفال,https://www.youtube.com/watch?v=u5B_KmJbjKw,aj_kabrit,,,,
سنة جديدة للأمازيغ,https://www.youtube.com/watch?v=5iAqkgcRWwQ,aj_kabrit,,,,
وصول مساعدات إلى مضايا المحاصرة,https://www.youtube.com/watch?v=gTo8ut3Ac1U,aj_kabrit,,,,
معنا معنى- زكرت,https://www.youtube.com/watch?v=MRPfTdkj49k,aj_kabrit,,,,
ناسا تطلق اسم طالب سعودي على كوكب,https://www.youtube.com/watch?v=iVY7poXfCHQ,aj_kabrit,,,,
مسرحية سورية رغم الضربات الجوية,https://www.youtube.com/watch?v=YfczsEtZTRY,aj_kabrit,,,,
طبيب في سجون مصرية,https://www.youtube.com/watch?v=zG-VR8yLdOA,aj_kabrit,,,,
بساط علاء الدين: حقيقة,https://www.youtube.com/watch?v=L1VKLH71IGM,aj_kabrit,,,,
البرلمان المصري الجديد,https://www.youtube.com/watch?v=-gvQwHmSwmQ,aj_kabrit,,,,
"مغردون: ""نشأت ملحم شهيد غصباً عنكم""",https://www.youtube.com/watch?v=Ry48QbG7dMI,aj_kabrit,,,,
"رحيل ""ثعلب الملاعب المصرية"".. حمادة إمام",https://www.youtube.com/watch?v=VuofMuhaWB8,aj_kabrit,,,,
ضرب الأساتذة المتدربين في المغرب,https://www.youtube.com/watch?v=FPlx9w_VsrQ,aj_kabrit,,,,
حكم نهائي بالسجن والغرامة لحسني مبارك ونجليه,https://www.youtube.com/watch?v=FSH31D_H88A,aj_kabrit,,,,
وشم نساء جبال الأوراس في شمال الجزائر,https://www.youtube.com/watch?v=kCj7hC-_Q8A,aj_kabrit,,,,
الغاز المسيّل للدموع.. هل يشكل خطراً؟,https://www.youtube.com/watch?v=vEI1bn-RNKE,aj_kabrit,,,,
مشروع خياطة في تركيا لمساعدة السوريين,https://www.youtube.com/watch?v=TiJzuq_tzuY,aj_kabrit,,,,
السليط الإخباري - الحلقة السادسة,https://www.youtube.com/watch?v=gWz_m_aTf1w,aj_kabrit,,,,
في الجزائر.. الأسعار ترتفع والأمازيغية تُعتمد,https://www.youtube.com/watch?v=ixHxlCI0EvI,aj_kabrit,,,,
تصريحات محافظ السويس أحمد الهياتمي,https://www.youtube.com/watch?v=1eaNQc1KbcM,aj_kabrit,,,,
"What are the sources of funding for the ""Islamic State""?",https://www.youtube.com/watch?v=cqnuF66qjxs,aj_kabrit,,,,
كفيف يعمل في إصلاح السيارات,https://www.youtube.com/watch?v=NXB67f8pyS0,aj_kabrit,,,,
كفاية دلع: حملة ضد رجل أعمال سعودي,https://www.youtube.com/watch?v=qUwEG6j4luY,aj_kabrit,,,,
مضايا المحاصرة تموت جوعاً,https://www.youtube.com/watch?v=Ul92qbBlevo,aj_kabrit,,,,
معنا معنى - دريشة,https://www.youtube.com/watch?v=us0bhPiaXnk,aj_kabrit,,,,
بين هاتف السفارة والسفير الإيراني المفقود,https://www.youtube.com/watch?v=Ez4Tg34JUro,aj_kabrit,,,,
تطبيق يترجم بكاء الطفل,https://www.youtube.com/watch?v=egGTvTuPKu4,aj_kabrit,,,,
خطأ جغرافي في إعلان لحملة ترامب,https://www.youtube.com/watch?v=--zysRd4CD8,aj_kabrit,,,,
20 عاماً على استشهاد يحيى عياش,https://www.youtube.com/watch?v=2-jjJiBbjqM,aj_kabrit,,,,
تك+ | ابتكارات 2015,https://www.youtube.com/watch?v=B_vqzDj_rfw,aj_kabrit,,,,
مسلحون أمريكيون في أوريغون,https://www.youtube.com/watch?v=9RxNuRBhits,aj_kabrit,,,,
السعودية تقطع علاقاتها مع إيران,https://www.youtube.com/watch?v=3nuB8wQ7jwo,aj_kabrit,,,,
روبوت ديزني.. يتسلق الجدران,https://www.youtube.com/watch?v=t8vJ6os3CAw,aj_kabrit,,,,
"حازم عبد العظيم: البرلمان المصري ""شغل مخابرات""",https://www.youtube.com/watch?v=IluSr78k-oo,aj_kabrit,,,,
صوت فلسطين في باريس,https://www.youtube.com/watch?v=DvRZGx5JhjI,aj_kabrit,,,,
رأس السنة في حصار ريف دمشق,https://www.youtube.com/watch?v=QrxrrW3lT2Y,aj_kabrit,,,,
تشييع شهداء فلسطينيين في الخليل,https://www.youtube.com/watch?v=55kTH8GN9kQ,aj_kabrit,,,,
"في الصين.. ""مكعب الروبيك"" يدرّس",https://www.youtube.com/watch?v=2I4s1D6dxrs,aj_kabrit,,,,
السليط الإخباري - الحلقة الخامسة,https://www.youtube.com/watch?v=PaA1hcuAz0M,aj_kabrit,,,,
احتفالات فريدة برأس السنة في أنحاء العالم,https://www.youtube.com/watch?v=pneO9Jm2z2M,aj_kabrit,,,,
وسوم 2015,https://www.youtube.com/watch?v=pbg9sX2ECzo,aj_kabrit,,,,
سوريات يجربن الدراجات للمرة الأولى,https://www.youtube.com/watch?v=S6fmqE2h0fw,aj_kabrit,,,,
عريضة لإلغاء معاشات البرلمانيين في المغرب,https://www.youtube.com/watch?v=ZueUWrm60uQ,aj_kabrit,,,,
أطفال سوريون لاجئون يبحثون في القمامة,https://www.youtube.com/watch?v=6t5zDIPTWJQ,aj_kabrit,,,,
إيهود أولمرت إلى السجن بتهمة الفساد,https://www.youtube.com/watch?v=4ox1ymc4ff0,aj_kabrit,,,,
"من أين جاء ساكنو ""إسرائيل""؟",https://www.youtube.com/watch?v=Fp1kVpvAKfo,aj_kabrit,,,,
لماذا أدى سد النهضة إلى أزمة بين مصر وإثيوبيا؟,https://www.youtube.com/watch?v=O6hN_8DW0DU,aj_kabrit,,,,
"مطعم ""سعادة السماء"" للفقـراء واللاجئين",https://www.youtube.com/watch?v=VFZROMoreuo,aj_kabrit,,,,
"قياديون من ""شباب 6 إبريل"" بقبضة الأمن المصري",https://www.youtube.com/watch?v=Il3wLl5wZKY,aj_kabrit,,,,
"في غزة.. ""الكرفانات“ منازل من الصفيح",https://www.youtube.com/watch?v=lKpXV-ywCls,aj_kabrit,,,,
آثار الأعاصير في أمريكا,https://www.youtube.com/watch?v=WmARLb8hHdw,aj_kabrit,,,,
مغربية تدافع عن نفسها من التحرش,https://www.youtube.com/watch?v=sFGlfc1adcM,aj_kabrit,,,,
تقنية ثلاثية الأبعاد لتقويم العظام,https://www.youtube.com/watch?v=El8zGP5On18,aj_kabrit,,,,
أحلى صوت: الأردنية نداء شرارة,https://www.youtube.com/watch?v=HtHStoBbwl0,aj_kabrit,,,,
الجيش المصري يمطر بالرصاص فلسطينياً أعزل اجتاز الحدود,https://www.youtube.com/watch?v=BhG2mHg6jE8,aj_kabrit,,,,
معنا معنى - زرودية,https://www.youtube.com/watch?v=l_xdGJjS-kQ,aj_kabrit,,,,
700 يوم على حبس محمود محمد,https://www.youtube.com/watch?v=p6RIVmbQncs,aj_kabrit,,,,
تحدي الزراعة العضوية في قطر,https://www.youtube.com/watch?v=VUMk9NQ48MA,aj_kabrit,,,,
إسرائيليون متطرفون يرقصون بالسكاكين والأسلحة,https://www.youtube.com/watch?v=l1FeZxzvueo,aj_kabrit,,,,
مراهق يصنع روبوتات من القمامة,https://www.youtube.com/watch?v=YVWmxbbcWy4,aj_kabrit,,,,
السليط الإخباري - الحلقة الرابعة,https://www.youtube.com/watch?v=I_FBgN7qSOI,aj_kabrit,,,,
تراث صنعاء يهدده الدمار,https://www.youtube.com/watch?v=kGKhJcnYAn8,aj_kabrit,,,,
غوانتانامو مصر: سجن العقرب,https://www.youtube.com/watch?v=3uuTcAeE43I,aj_kabrit,,,,
لاجئون سوريون يساهمون في إعادة تدوير نفايات لبنان,https://www.youtube.com/watch?v=f0QTk17sCqs,aj_kabrit,,,,
هجرة غير نظامية لمغاربة تنتهي في اليونان,https://www.youtube.com/watch?v=QF6h6X9gPNM,aj_kabrit,,,,
تك+ | روبوت الـBB8,https://www.youtube.com/watch?v=arJeswbjrXk,aj_kabrit,,,,
الإعلام المصري وسد النهضة,https://www.youtube.com/watch?v=0tHxM4b1Aoo,aj_kabrit,,,,
ماذا تعرفون عن إمبراطورية الفيفا؟,https://www.youtube.com/watch?v=cRPwQcsCK34,aj_kabrit,,,,
غضب متواصل في المغرب من تصريحات وزيرة حول معاشات البرلمانيين,https://www.youtube.com/watch?v=_7WO8aDg7VM,aj_kabrit,,,,
النفايات اللبنانية.. رحلة إلى المجهول,https://www.youtube.com/watch?v=_s-mGbaudt4,aj_kabrit,,,,
طلع البدر علينا.. مرة أخرى في كندا من أجل اللاجئين,https://www.youtube.com/watch?v=QVrsss9HtTA,aj_kabrit,,,,
"""ملكة جمال العراق"".. مسابقة أم تهديد؟",https://www.youtube.com/watch?v=4qn6EZbYKZY,aj_kabrit,,,,
إسراء الطويل: حرية مشروطة,https://www.youtube.com/watch?v=WzyF09gcJD8,aj_kabrit,,,,
سمير القنطار.. كيف سيذكره التاريخ؟,https://www.youtube.com/watch?v=AQeMBlynXEM,aj_kabrit,,,,
مفاتيح حصار غزة.. من يحملها؟,https://www.youtube.com/watch?v=glyckogjoP8,aj_kabrit,,,,
وفيات جماعية وتعذيب في معتقلات سورية,https://www.youtube.com/watch?v=IlFpAlWkmuo,aj_kabrit,,,,
تونس وثورة الياسمين,https://www.youtube.com/watch?v=tl_Ea--U7tQ,aj_kabrit,,,,
السليط الإخباري - الحلقة الثالثة,https://www.youtube.com/watch?v=q0fBHIrzveU,aj_kabrit,,,,
غيتار غير تقليدي.. شبه خفي,https://www.youtube.com/watch?v=TAlDXJr9WRU,aj_kabrit,,,,
زيادة  في عدد السياح الإيرانيين في تونس,https://www.youtube.com/watch?v=ahkrn0mZiE8,aj_kabrit,,,,
براميل الأسد,https://www.youtube.com/watch?v=GyrjfNiZCI0,aj_kabrit,,,,
"حقيقة ""أنشودة طلع البدر علينا"" في كندا",https://www.youtube.com/watch?v=KSesJg-6cEI,aj_kabrit,,,,
نوبل.. جوائز سلام برائحة الديناميت,https://www.youtube.com/watch?v=Ddwd7lYwNiA,aj_kabrit,,,,
فريق الباركور في القدس المحتلة يتحدى جدار الفصل العنصري,https://www.youtube.com/watch?v=8PgVUkkuX7o,aj_kabrit,,,,
معنا معنى - سكملة,https://www.youtube.com/watch?v=_rEYQFXwptE,aj_kabrit,,,,
حماد بوغزايل.. قوة جسدية خارقة,https://www.youtube.com/watch?v=1GuQbax1dbo,aj_kabrit,,,,
كرسي متحرك من غزة لمساعدة المعاقين حركياً,https://www.youtube.com/watch?v=dqdSwDFX0MU,aj_kabrit,,,,
اتفاق المناخ.. وعود في انتظار التنفيذ,https://www.youtube.com/watch?v=Hmzj_JINMt4,aj_kabrit,,,,
"اعتقال شبان في تونس بسبب ""الزطلة""",https://www.youtube.com/watch?v=FFI_A96Vj00,aj_kabrit,,,,
تسجيل صوتي يهز القضاء المصري من جديد,https://www.youtube.com/watch?v=XUZbUVkIYwE,aj_kabrit,,,,
فوز مرشحات سعوديات,https://www.youtube.com/watch?v=kWzxnFIwJIo,aj_kabrit,,,,
الوليد بن طلال وترامب يتعاركان على تويتر,https://www.youtube.com/watch?v=eS79U6JnmJk,aj_kabrit,,,,
كيف استقبلت كندا اللاجئين؟,https://www.youtube.com/watch?v=DSgoZNkA92Q,aj_kabrit,,,,
وزير الخارجية المصري يلقي ميكروفون الجزيرة على الأرض,https://www.youtube.com/watch?v=DgF2tKX1OD8,aj_kabrit,,,,
هل يكره ترامب كل - أم بعض - المسلمين؟,https://www.youtube.com/watch?v=i6wAhrLJkYw,aj_kabrit,,,,
السليط الإخباري - الحلقة الثانية,https://www.youtube.com/watch?v=6Wpip9aJY3k,aj_kabrit,,,,
القضاء المصري يتحفظ على أموال أبو تريكة,https://www.youtube.com/watch?v=t9LBCRhPO40,aj_kabrit,,,,
فندق على شكل كبسولات معلّقة على الجبال,https://www.youtube.com/watch?v=E2cs-W5HKdQ,aj_kabrit,,,,
مسن فلسطيني يعود لمقاعد الدراسة,https://www.youtube.com/watch?v=IQkr2UDtxLc,aj_kabrit,,,,
عناصر تنظيم الدولة: ”فوانيس“ في مصر؟,https://www.youtube.com/watch?v=qURFIDQhQfQ,aj_kabrit,,,,
ماذا تفعل القوات التركية في العراق؟,https://www.youtube.com/watch?v=QDjeeYxvx2M,aj_kabrit,,,,
إلياس ضحية الهجرة غير الشرعية,https://www.youtube.com/watch?v=wR3-SEjtmb4,aj_kabrit,,,,
نازحون من العراق يواجهون الثلوج,https://www.youtube.com/watch?v=VyBZ7Zly68A,aj_kabrit,,,,
سماء سوريا ليست سورية,https://www.youtube.com/watch?v=21dR7xVu7zI,aj_kabrit,,,,
زراعة على جدران المباني لمكافحة التلوث,https://www.youtube.com/watch?v=vpA3ShkOc10,aj_kabrit,,,,
معنا معنى - خاشوكة,https://www.youtube.com/watch?v=JoFY-9CmNUw,aj_kabrit,,,,
هاتف وماء وصابون,https://www.youtube.com/watch?v=NfWHStGT5VI,aj_kabrit,,,,
فلسطيني يبدع رسماً بالنار,https://www.youtube.com/watch?v=4ViMFAixGC0,aj_kabrit,,,,
إنقاذ لاجئين على مركب في البحر المتوسط بعد اصطادمه بصخرة,https://www.youtube.com/watch?v=VoM-SYOucFM,aj_kabrit,,,,
ترامب يدعو لحظر دخول المسلمين الولايات المتحدة,https://www.youtube.com/watch?v=3DrmquXforA,aj_kabrit,,,,
تمزيق شعارات مرشحة سعودية,https://www.youtube.com/watch?v=SSDSJe5FfxE,aj_kabrit,,,,
من بائع أقلام إلى صاحب محلات,https://www.youtube.com/watch?v=oWMZ0NSOD0w,aj_kabrit,,,,
غضب في البرلمان الأردني,https://www.youtube.com/watch?v=aGKcRToxxpA,aj_kabrit,,,,
من هم أطراف الصراع في ليبيا ؟,https://www.youtube.com/watch?v=xMr6xWE-kMo,aj_kabrit,,,,
تعويض لشركة إسرائيلية بسبب انقطاع الغاز المصري,https://www.youtube.com/watch?v=HeSstjWNpu4,aj_kabrit,,,,
وسائل جديدة لتفجير الطائرات,https://www.youtube.com/watch?v=B4kLpVkIdCM,aj_kabrit,,,,
سيناء تجر الإسكندراني إلى السجن,https://www.youtube.com/watch?v=SnNeXmZoGm4,aj_kabrit,,,,
مصر تعيد إغلاق معبر رفح وتضعه في قلب جدال فلسطيني,https://www.youtube.com/watch?v=AR1IgQZVmEk,aj_kabrit,,,,
لحم سوري للبيع بعد قصف على ريف دمشق,https://www.youtube.com/watch?v=RKQvgEAbt-k,aj_kabrit,,,,
قمة باريس 2015 للمناخ,https://www.youtube.com/watch?v=pt6AtcVtCiQ,aj_kabrit,,,,
معنا معنى - كرهبة,https://www.youtube.com/watch?v=nbJPR98TzjU,aj_kabrit,,,,
السليط الإخباري - الحلقة الأولى - البداية,https://www.youtube.com/watch?v=log4bZlGoug,aj_kabrit,,,,
بيت الشهيد العكاري,https://www.youtube.com/watch?v=0oS3PqLMx20,aj_kabrit,,,,
بريطانيا تقصف سوريا,https://www.youtube.com/watch?v=mSLwkJ_2j9I,aj_kabrit,,,,
توفيق عكاشة يسعى لرئاسة البرلمان في مصر,https://www.youtube.com/watch?v=MAvY2JNAyn4,aj_kabrit,,,,
معاً نكمل بناء الصورة | +AJ عربي,https://www.youtube.com/watch?v=WmNUNAtgrCQ,aj_kabrit,,,,
قنوات لبنانية: الشتائم أولاً، تغطية الخبر ثانياً,https://www.youtube.com/watch?v=QpjkwncDDAs,aj_kabrit,,,,
مارك زوكربرغ يتبرع بـ 99% من أسهمه بفيسبوك,https://www.youtube.com/watch?v=cfdlLBrASFo,aj_kabrit,,,,
مجريّ يحاول دهس لاجئين في فرنسا,https://www.youtube.com/watch?v=UO75sBQZGiw,aj_kabrit,,,,
إسرائيل تعترف لأول مرة بتنفيذ عمليات في سوريا,https://www.youtube.com/watch?v=a6WQkOBjC7A,aj_kabrit,,,,
سعوديات لأول مرة في الانتخابات البلدية,https://www.youtube.com/watch?v=VhNH6nc4abc,aj_kabrit,,,,
مسارات للمشي السريع والبطيء,https://www.youtube.com/watch?v=P2H0KaaeLN0,aj_kabrit,,,,
هل سمعتَِ بـ +AJ عربي؟,https://www.youtube.com/watch?v=9NQpejsn7XI,aj_kabrit,,,,
من نيران الحرب السورية.. إلى التزلج في لبنان,https://www.youtube.com/watch?v=Tuu6yu51n2g,aj_kabrit,,,,
عراك في البرلمان الجزائري حول رفع أسعار المحروقات,https://www.youtube.com/watch?v=2QC6_s-K_eI,aj_kabrit,,,,
من مطار رفيق الحريري الدولي يقلع جدل لبناني,https://www.youtube.com/watch?v=fzVkdPFYqII,aj_kabrit,,,,
صور الهوية وجوازات السفر,https://www.youtube.com/watch?v=gaBMpvNjGEo,aj_kabrit,,,,
ريهام سعيد تعود لقناة النهار بعد إيقافها,https://www.youtube.com/watch?v=Cae6xegMgxM,aj_kabrit,,,,
سلاح الغيظ الفلسطيني في مواجهة الاحتلال,https://www.youtube.com/watch?v=UfRzcpHYQmg,aj_kabrit,,,,
"""لاي فاي"".. وداعاً للـ""واي فاي""",https://www.youtube.com/watch?v=XOvyT4T4CxQ,aj_kabrit,,,,
روح الإيجابية تجمعنا | +AJ عربي,https://www.youtube.com/watch?v=cGMuB-W570w,aj_kabrit,,,,
معنا معنى - تملّي,https://www.youtube.com/watch?v=lSaLU9g1Ju8,aj_kabrit,,,,
قمة المناخ في فرنسا,https://www.youtube.com/watch?v=DGoiRvz4iPE,aj_kabrit,,,,
التعداد السكاني في الأردن,https://www.youtube.com/watch?v=whDblC5xmj4,aj_kabrit,,,,
اتفاق تاريخي بين تركيا والاتحاد الأوروبي,https://www.youtube.com/watch?v=gj_X6EqX_1g,aj_kabrit,,,,
شغف. إلهام. تفاعل | +AJ عربي,https://www.youtube.com/watch?v=B6przNnsvpw,aj_kabrit,,,,
الواقع المقلوب | +AJ عربي,https://www.youtube.com/watch?v=IQsxbw9VwMA,aj_kabrit,,,,
الفرق في رواية القصة | +AJ عربي,https://www.youtube.com/watch?v=g_C_6hiNjGM,aj_kabrit,,,,
صوتك منبع إلهامنا | +AJ عربي,https://www.youtube.com/watch?v=6HFpTfJ7J6I,aj_kabrit,,,,
قصصنا أحداث نعيشها معاً | +AJ عربي,https://www.youtube.com/watch?v=WCyP_D98RPI,aj_kabrit,,,,
قصص ملهمة بروح عربية | +AJ عربي,https://www.youtube.com/watch?v=8TAg2Xvy6vM,aj_kabrit,,,,
700 ألف دولار أسبوعياً.. ولكن ما هو الثمن؟,https://www.youtube.com/watch?v=bmnGLhEFwPE,new_media_life,,,,
مش دكتور | هل يتحكم الرهاب الاجتماعي بحياتك؟,https://www.youtube.com/watch?v=KX7UYv2NW7w,new_media_life,,,,
مغامرات أسيل | أماكن خيالية في الإمارات!,https://www.youtube.com/watch?v=P8b_E9NIYvY,new_media_life,,,,
اليمن… الوجه الذي لم تره من قبل! | مغامرات أسيل,https://www.youtube.com/watch?v=5KdTPy6owzk,new_media_life,,,,
دماغك يكذب عليك كل يوم | مش دكتور,https://www.youtube.com/watch?v=Fk2Xjg59m88,new_media_life,,,,
صلالة… الجنة المخفية في الخليج | مغامرات أسيل,https://www.youtube.com/watch?v=5FNepvKxwzE,new_media_life,,,,
كيف ممكن ينتهي كل شيء؟ | كوانتوبيديا,https://www.youtube.com/watch?v=CDHQI_Jpld4,new_media_life,,,,
لماذا السماء مظلمة ليلًا رغم امتلاء الكون بالنجوم؟ | كوانتوبيديا,https://www.youtube.com/watch?v=5m02kElNBVI,new_media_life,,,,
"أنشودة ""المالد"" بصوت مصطفى عاطف وفرقة المالد الإماراتية | روح",https://www.youtube.com/watch?v=6udvBYK23P4,new_media_life,,,,
14 بطل غيّروا حياة الناس في الإمارات | كفو,https://www.youtube.com/watch?v=kHn0msTow4Q,new_media_life,,,,
رحلة المَجد من لؤلؤة الخليج إلى عاصمة الثقافة الإسلامية | روح,https://www.youtube.com/watch?v=U9TA5dMUHKQ,new_media_life,,,,
"أنشودة ""تبلغ بالقليل"" بصوت مصطفى عاطف مع أسامة الصافي | روح",https://www.youtube.com/watch?v=PiAKLYJ3_Vo,new_media_life,,,,
بقصيدة واحدة… باع كل بضاعته من الخُمر السود!,https://www.youtube.com/watch?v=3JpuKLy4URs,new_media_life,,,,
يلتقي مصطفى عاطف بعبد الرؤوف أميرة في لحظة ودية وممتعة ذات نكهة إماراتية | روح,https://www.youtube.com/watch?v=bIMieVPYarc,new_media_life,,,,
الابنة التي أعطت الحياة لوالدتها مرتين | كفو,https://www.youtube.com/watch?v=KW0Zn-ctY0w,new_media_life,,,,
المدينة التي صنعت المستحيل | روح,https://www.youtube.com/watch?v=zyCqS6wYq_8,new_media_life,,,,
"أنشودة ""مولاي"" بصوت مصطفى عاطف مع Mesut Kurtis | روح",https://www.youtube.com/watch?v=n2Y_dLZq6eI,new_media_life,,,,
البطل الذي أنقذ رفاقه وعاد بيدٍ واحدة | كفو,https://www.youtube.com/watch?v=-wq20envtAk,new_media_life,,,,
ما سرّ مدينة الألف نافذة في ألبانيا؟ | روح,https://www.youtube.com/watch?v=ZjBmqKU1tMk,new_media_life,,,,
أجمل مسجد يمكن أن تراه في ألبانيا!,https://www.youtube.com/watch?v=5u46aUNJYjI,new_media_life,,,,
"أنشودة ""قمرٌ"" بصوت مصطفى عاطف مع Armend Beqiri و Merita Burrniku",https://www.youtube.com/watch?v=d6pnZraoZUU,new_media_life,,,,
زوجة العم.. أنقذته بقطعة من جسدها | كفو,https://www.youtube.com/watch?v=Rrezu2PcB5U,new_media_life,,,,
شكودر في ألبانيا.. الأسطورة التي تحولت لمدينة | روح,https://www.youtube.com/watch?v=kvVjCMNCFDY,new_media_life,,,,
"أغنية ""خير البرية"" بصوت المُنشد مصطفى عاطف.",https://www.youtube.com/watch?v=rKgq862CTI0,new_media_life,,,,
العم مسعود  .. أبو المتطوعين الذي وهب عمره للخير | كفو,https://www.youtube.com/watch?v=2cX0C0zoz80,new_media_life,,,,
تنزانيا.. أرض العجائب الإفريقية | روح,https://www.youtube.com/watch?v=CbgoQ5HplHY,new_media_life,,,,
"أنشودة ""لا إله إلا الله"" بصوت مصطفى عاطف مع Shiekh Shoury.",https://www.youtube.com/watch?v=qusZMe-P5cc,new_media_life,,,,
أراد وظيفة لابنه… فخلق مكانًا يعمل فيه الجميع | كفو,https://www.youtube.com/watch?v=i0f8Jdw_jGI,new_media_life,,,,
هل سمعت عن الجزيرة التي يتباهى سكانها بالأبواب! | روح,https://www.youtube.com/watch?v=hm-aiuQ5clE,new_media_life,,,,
"أنشودة  ""أهل المحبة وقمرٌ"" بصوت مصطفى عاطف وحكيم خيزران | روح",https://www.youtube.com/watch?v=0LCTExH0Rdw,new_media_life,,,,
لم يكن ابنها… لكنه صار كل شيء | كفو,https://www.youtube.com/watch?v=Ra6HiYPlgmw,new_media_life,,,,
لماذا مدينة فاس هي الأجمل في المغرب؟ | روح,https://www.youtube.com/watch?v=65iz8pwVqUE,new_media_life,,,,
أنشودة عرفتُ الهوى بصوت مصطفى عاطف وعبدالله المنصور منشد فرقة ابن عربي | روح,https://www.youtube.com/watch?v=BkJZ08se3Lw,new_media_life,,,,
لم تترك يده يومًا… حتى أعادته للحياة من جديد | كفو,https://www.youtube.com/watch?v=YD3uRvcujrE,new_media_life,,,,
لماذا وقع الرحّالة في حب هذه المدينة؟ | روح,https://www.youtube.com/watch?v=zBlSSDKBX-M,new_media_life,,,,
"أنشودة ""يا هنانا"" بصوت مصطفى عاطف و Habib Syech Assegaf | روح",https://www.youtube.com/watch?v=r5vFjaTq93M,new_media_life,,,,
باعت منزلها مقابل وجبة بـ 3 دراهم!- عائشة خان | كفو,https://www.youtube.com/watch?v=13vYJYJGKUA,new_media_life,,,,
الدُّمى التي غيّرت بلداً بأكمله | روح,https://www.youtube.com/watch?v=MGt28_4oTFI,new_media_life,,,,
"أنشودة ""قمرٌ"" بصوت مصطفى عاطف و Alma Esbeye | روح",https://www.youtube.com/watch?v=4LpjL2Ll7Us,new_media_life,,,,
الرجل الذي لا يردك .. مهما كانت حاجتك | كفو,https://www.youtube.com/watch?v=48bZNMVQSdo,new_media_life,,,,
سحر الطبيعة وروعة الإنشاد في مدينة باندونغ الإندونيسية | روح,https://www.youtube.com/watch?v=ZM9LSZZkVHc,new_media_life,,,,
تجلّيات الإنشاد في أورفا | روح,https://www.youtube.com/watch?v=dD11X0yX2sI,new_media_life,,,,
قصة أول معلمة إماراتية للصم! - بدرية الجابر | كفو,https://www.youtube.com/watch?v=PNi8Ais4Vgg,new_media_life,,,,
المكان الذي حصلت فيه قصة سيدنا إبراهيم | روح⁩,https://www.youtube.com/watch?v=LrNemXC_03g,new_media_life,,,,
من أورفا يُولد الإنشاد | روح,https://www.youtube.com/watch?v=Z0yvrEHROqs,new_media_life,,,,
طلع البدر.. إنشاد يلامس القلب بصوت مصطفى عاطف! | روح,https://www.youtube.com/watch?v=0tk9YvsE1Eg,new_media_life,,,,
حركت العالم رغم الألم - كليثم المطروشي | كفو,https://www.youtube.com/watch?v=3ZKL3MyVhZY,new_media_life,,,,
اسطنبول… حين يصبح الجمال صوتًا | روح,https://www.youtube.com/watch?v=Jsl9mD9Dbp0,new_media_life,,,,
ليلة روحانية بصوت مصطفى عاطف ووائل الفشني في “قمر” | روح,https://www.youtube.com/watch?v=cXZ-z0Vrx1U,new_media_life,,,,
صانعة الأحلام لفئة العمال | كفو,https://www.youtube.com/watch?v=fGOTiiqG4RI,new_media_life,,,,
هنا أسوان… حيث يصبح الإنشاد روحًا | روح,https://www.youtube.com/watch?v=QdH7wUeBQrM,new_media_life,,,,
"حين يجتمع صوتان من عظماء الإنشاد… مصطفى عاطف وعلي الهلباوي في ""مولاي"" | روح",https://www.youtube.com/watch?v=fxGuYygr1_o,new_media_life,,,,
أب أخذ أصعب قراربعد رحيل ابنته - سالم المنصوري | كفو,https://www.youtube.com/watch?v=hKyLRIr4fBw,new_media_life,,,,
حين تُنشد القاهرة… تتكلم الروح | روح,https://www.youtube.com/watch?v=kw1fltgxUL0,new_media_life,,,,
قصة أول مدرّبة في شرطة دبي - ضحى أحمد | كفو,https://www.youtube.com/watch?v=D9V8syndRzs,new_media_life,,,,
برنامج روح يأخذكم لاكتشاف أجمل المنشدين | روح,https://www.youtube.com/watch?v=dhBvNOrI7r4,new_media_life,,,,
هناك من يصنع الفرق بصمت وهناك من يستحق أن نقول له بكل فخر كفو.,https://www.youtube.com/watch?v=7J2I-mw0MOw,new_media_life,,,,
هبة سليم: قصة أخطر جاسوسة مصرية في القرن العشرين | الفاخر,https://www.youtube.com/watch?v=IIAAWOTFw0w,new_media_life,,,,
صحتك بعد الـ 30,https://www.youtube.com/watch?v=BeU2zxVpG3I,new_media_life,,,,
ماذا تلعب بعد الـ30 | ليش لأ,https://www.youtube.com/watch?v=XRhAJEsLAxw,new_media_life,,,,
هل أصبحت دبي عاصمة الذهب الجديدة؟ | من الأخر,https://www.youtube.com/watch?v=Owk_2Py4PVQ,new_media_life,,,,
عقدة الوزن | مش دكتور,https://www.youtube.com/watch?v=dALtjONecjA,new_media_life,,,,
مغامرات كويتية: من البحر إلى الفضاء | مغامرات أسيل,https://www.youtube.com/watch?v=Ez2UreH5YpI,new_media_life,,,,
مغامرات كويتية: من البحر إلى الفضاء | مغامرات أسيل,https://www.youtube.com/watch?v=hNg1U1gmzlM,new_media_life,,,,
منابع النيل | الدحيح,https://www.youtube.com/watch?v=nc8oJTETqoI,new_media_life,,,,
ما الشيء الخفي الذي يملأ الكون؟ | كوانتوبيديا,https://www.youtube.com/watch?v=JDCEDPk7Ph8,new_media_life,,,,
جون كينيدي | الدحيح,https://www.youtube.com/watch?v=yc7x5jNhXIQ,new_media_life,,,,
كيف تسيطر على عقول البشر؟ | الدحيح,https://www.youtube.com/watch?v=NJ-JcDcff8o,new_media_life,,,,
الابنودي الخال أم شاعر دولة العواجيز | الفاخر,https://www.youtube.com/watch?v=ei5wLbwhNuI,new_media_life,,,,
الجانب المظلم من الجيمينج | من الآخر,https://www.youtube.com/watch?v=8oeUJJWqBDo,new_media_life,,,,
كيف تحولت روسيا إلى إمبراطورية؟ | الدحيح,https://www.youtube.com/watch?v=z2NGnjXG5uQ,new_media_life,,,,
لماذا مخك يرفض يبدأ ؟  | مش دكتور,https://www.youtube.com/watch?v=mqocupK_oc0,new_media_life,,,,
ليوا كما لم ترها من قبل | مغامرات أسيل,https://www.youtube.com/watch?v=p5opqmeQvVA,new_media_life,,,,
مصير الأرض و الشمس و كل شيء | الدحيح,https://www.youtube.com/watch?v=0urc3PabvOs,new_media_life,,,,
آلة تحت الأرض غيّرت الكون! | كوانتوبيديا,https://www.youtube.com/watch?v=qiSdh6JLqqw,new_media_life,,,,
الساموراي | الدحيح ,https://www.youtube.com/watch?v=3AwL93uolIA,new_media_life,,,,
مغامرات أسيل تجارب حقيقية، أماكن غير متوقعة، وتحديات تُعاش بكل لحظة.جاهزين للرحلة؟ 🌍,https://www.youtube.com/watch?v=ZmkecBvODzk,new_media_life,,,,
هل Citizen Kane أفضل فيلم في التاريخ؟ | الدحيح,https://www.youtube.com/watch?v=ArytJ_HZ-1E,new_media_life,,,,
الفاخر يأتيكم بحلّة جديدة،وحكايات أطول تُروى كما لم تُروَ من قبل,https://www.youtube.com/watch?v=feswilYl9d8,new_media_life,,,,
تاج محل | الدحيح,https://www.youtube.com/watch?v=gv5hDK2YQfA,new_media_life,,,,
لماذا نخاف من رمي الأشياء؟ | مش دكتور,https://www.youtube.com/watch?v=nfFirni3KOE,new_media_life,,,,
الأخطبوط | الدحيح,https://www.youtube.com/watch?v=8rcY34IA-6I,new_media_life,,,,
أعظم طائرة حربية | الدحيح,https://www.youtube.com/watch?v=IxsJEffQAZA,new_media_life,,,,
كيف تنقل جبل وزنه 30 طن قبل أن يغرق؟ | الدحيح,https://www.youtube.com/watch?v=8ZL2AAxQmLQ,new_media_life,,,,
أغرب برهان في تاريخ الرياضيات | كوانتوبيديا,https://www.youtube.com/watch?v=2_T_9VXi-Sw,new_media_life,,,,
فيزياء و فلسفة الحركة | الدحيح,https://www.youtube.com/watch?v=MOEwXtL2DQ4,new_media_life,,,,
60 يوم  تضيع في الزحمة! ماذا يحدث في دبي؟ | من الآخر,https://www.youtube.com/watch?v=fH9Pdi-jWmQ,new_media_life,,,,
لماذا نفكّر أكثر مما نحتمل؟ | مش دكتور,https://www.youtube.com/watch?v=-FOxzqMww9Y,new_media_life,,,,
معركة ذي قار | الدحيح,https://www.youtube.com/watch?v=DbuoaakWh7g,new_media_life,,,,
نظرية التغافل — كيف تغيّر حياتك بتجاهل ما لا يفيدك | دوباميكافين+,https://www.youtube.com/watch?v=FJ1ObiOzY4E,new_media_life,,,,
لماذا لا نستطيع قراءة الكتب؟  | الدحيح,https://www.youtube.com/watch?v=Lfs9LrpEUf0,new_media_life,,,,
أين ذهب أهل الأندلس | الدحيح ,https://www.youtube.com/watch?v=Ur-JBlBPt6I,new_media_life,,,,
هل الارض مسطحة؟ | كوانتوبيديا,https://www.youtube.com/watch?v=ujdbgnoT0ec,new_media_life,,,,
لماذا يحب الأمريكان إسرائيل؟ | الدحيح,https://www.youtube.com/watch?v=r7Tzq-MtPpM,new_media_life,,,,
لماذا تشعر بالاحتراق ؟  | مش دكتور,https://www.youtube.com/watch?v=vxeMR8StqbE,new_media_life,,,,
أماكن مثالية للقتل | الدحيح,https://www.youtube.com/watch?v=9jxZH7dUtPw,new_media_life,,,,
كوانتوبيديا… موسم جديد يبدأ قريباً!,https://www.youtube.com/watch?v=6DE1UombQQ0,new_media_life,,,,
قصة الإندومي و ما علاقتها بالسرطان؟ | الدحيح,https://www.youtube.com/watch?v=iW2qF4LrNxI,new_media_life,,,,
سيف الله المسلول | الدحيح,https://www.youtube.com/watch?v=2BggFNfXPGg,new_media_life,,,,
دوافعك للحياة اليومية | دوباميكافين +,https://www.youtube.com/watch?v=eVLFUoNuJ4w,new_media_life,,,,
الهرمون المظلوم | الدحيح,https://www.youtube.com/watch?v=r_QH0UD144Y,new_media_life,,,,
مستقبل المواليد في الإمارات: هل تتراجع معدلات الخصوبة؟  | من الآخر,https://www.youtube.com/watch?v=_fRv3tF8nNI,new_media_life,,,,
كيف تصبح قرصان؟ | الدحيح,https://www.youtube.com/watch?v=dEmzsPt47fE,new_media_life,,,,
كيف تصنع هدفًا يغيّر حياتك؟ | زيق زيقلر | دوباميكافين +,https://www.youtube.com/watch?v=jVABFXpkjAI,new_media_life,,,,
فن فك الشفرات | الدحيح,https://www.youtube.com/watch?v=Dubq7s-5zLU,new_media_life,,,,
ليلة سقوط بغداد | الدحيح,https://www.youtube.com/watch?v=N7X_466JYUo,new_media_life,,,,
السر الذي لا يخبرونك عنه في تحقيق الأهداف | كتاب Goals | دوباميكافين + ,https://www.youtube.com/watch?v=5T_RZyJMkLc,new_media_life,,,,
الشباب والجمال | الدحيح,https://www.youtube.com/watch?v=x0sR_Z9euX4,new_media_life,,,,
اضطراب ما بعد الصدمة | مش دكتور,https://www.youtube.com/watch?v=lhoLP0ckQ5w,new_media_life,,,,
خمس طرق لانتهاء العالم | الدحيح,https://www.youtube.com/watch?v=C9CXcm7krk8,new_media_life,,,,
حين تكون أنت سبب تعاستك | كتاب مواطن الضعف لديك | دوباميكافين  +,https://www.youtube.com/watch?v=VhB5KTO_rlQ,new_media_life,,,,
استقلال الجزائر | الدحيح,https://www.youtube.com/watch?v=SuNL6JNidTM,new_media_life,,,,
داخل عقل الخوارزميات | من الآخر,https://www.youtube.com/watch?v=UR_xFUvZ02M,new_media_life,,,,
العبودية | الدحيح ,https://www.youtube.com/watch?v=h3mpiTwYKX8,new_media_life,,,,
لماذا نتمسّك بما لم يعد يستحق؟ | مغالطة التكلفة الغارقة | دوباميكافين + ,https://www.youtube.com/watch?v=2KF1oVDJc0w,new_media_life,,,,
تاريخ الإعدام | الدحيح,https://www.youtube.com/watch?v=seJ-lxCCR4w,new_media_life,,,,
كيف الشركات تتلاعب بكيمياء دماغك؟ | مش دكتور ,https://www.youtube.com/watch?v=MBxOMx_FwnI,new_media_life,,,,
البورصة | الدحيح,https://www.youtube.com/watch?v=KBCMXaWRRE8,new_media_life,,,,
كيف يتم التحكم فينا دون أن نلاحظ؟ | دوباميكافين+,https://www.youtube.com/watch?v=RlkARSNqspY,new_media_life,,,,
الأذن الموسيقية | الدحيح,https://www.youtube.com/watch?v=oEL1Hu5A2aM,new_media_life,,,,
أجمل خيانة في تاريخ الأدب | الدحيح,https://www.youtube.com/watch?v=H6Zg2pfOygI,new_media_life,,,,
العمارة التي قاومت النازيين | الدحيح,https://www.youtube.com/watch?v=8NRQFrrizbo,new_media_life,,,,
لماذا لا نزور الطبيب النفسي؟ | من الآخر,https://www.youtube.com/watch?v=7oB_Bc72NQE,new_media_life,,,,
 راجعين بقوة… مش دكتور الموسم الجديد قريباً,https://www.youtube.com/watch?v=ZIxDGMfCOGo,new_media_life,,,,
رحلة التسعة شهور | الدحيح,https://www.youtube.com/watch?v=7hmMdqgkaEs,new_media_life,,,,
لماذا نأكل رغم أننا لسنا جائعين؟ | كتاب عادة الجوع | دوباميكافين +,https://www.youtube.com/watch?v=uzfYE5A6VE0,new_media_life,,,,
ماذا لو كنا نعيش في عالم له 10 أبعاد؟ | كوانتوبيديا,https://www.youtube.com/watch?v=Oct2VTJ4aZg,new_media_life,,,,
فلاديمير بوتين | الدحيح,https://www.youtube.com/watch?v=vZMIvR89A6U,new_media_life,,,,
ما معنى المعاني في اللغة العربية؟ | الدحيح,https://www.youtube.com/watch?v=EmbMuwOK92c,new_media_life,,,,
وهم أجسام السباحين | دوباميكافين +,https://www.youtube.com/watch?v=uuvU2dncVT0,new_media_life,,,,
الولادة | الدحيح,https://www.youtube.com/watch?v=UORKnHvx2uA,new_media_life,,,,
حُلم الوزن المثالي بإبرة واحدة.. حقيقة أم وهم؟ | من الآخر,https://www.youtube.com/watch?v=D_ww6ldLMYc,new_media_life,,,,
ثالث أعظم فيزيائي | الدحيح,https://www.youtube.com/watch?v=MLgVNKRkhdw,new_media_life,,,,
لماذا يجب أن نزور المقابر؟ | كتاب فن التفكير | دوباميكافين +,https://www.youtube.com/watch?v=AMlYH96qtZQ,new_media_life,,,,
ماذا لو لم نكن وحدنا فعلًا؟ | كوانتوبيديا,https://www.youtube.com/watch?v=J6u9yO7CPHw,new_media_life,,,,
عدو الزعيم ستالين | الدحيح,https://www.youtube.com/watch?v=tf6zUc7aBLM,new_media_life,,,,
هتلر x ستالين | الدحيح,https://www.youtube.com/watch?v=SpBgkNPysvA,new_media_life,,,,
كيف نكشف الكاذبين ؟ | كتاب لغة جسد الكاذبين | دوباميكافين,https://www.youtube.com/watch?v=W-tg4eXN0Jc,new_media_life,,,,
الذهب | الدحيح,https://www.youtube.com/watch?v=WR6zI307dsI,new_media_life,,,,
دراكولا | الدحيح,https://www.youtube.com/watch?v=rczNtWiyqYY,new_media_life,,,,
لماذا يكذب الجميع؟...كتاب لغة جسد الكاذبين | دوباميكافين +,https://www.youtube.com/watch?v=Nzx_1iVP4dg,new_media_life,,,,
حدث الأكسدة العظيم | كوانتوبيديا,https://www.youtube.com/watch?v=5oknaDXHtyM,new_media_life,,,,
فلاديمير لينين | الدحيح,https://www.youtube.com/watch?v=uIcUFR7TTvo,new_media_life,,,,
طالب حفر كتابه من أجل الVape | من الآخر,https://www.youtube.com/watch?v=RPBDVXHpVYs,new_media_life,,,,
  لوحة شادي عبدالسلام السينمائية | الدحيح,https://www.youtube.com/watch?v=lcmaV4l7VV8,new_media_life,,,,
كيف تجعل جمهورك ينصت لك حتى النهاية؟ | دوباميكافين +,https://www.youtube.com/watch?v=BKvBT9V5gBM,new_media_life,,,,
الغراب | الدحيح,https://www.youtube.com/watch?v=GQ27JCOfga4,new_media_life,,,,
تيد كازينسكي | الدحيح,https://www.youtube.com/watch?v=VP-Uh7RGLtQ,new_media_life,,,,
 لماذا السماء لونها أزرق؟  | كوانتوبيديا,https://www.youtube.com/watch?v=COkiS4Hv7xI,new_media_life,,,,
التنس | الدحيح,https://www.youtube.com/watch?v=B02tez0hDfk,new_media_life,,,,
كم ربحت في يوم واحد من فود تراك؟ | جربت أكون,https://www.youtube.com/watch?v=8pqe0pr-HWU,new_media_life,,,,
كيف تصنع قيمة من لا شيء؟ | الدحيح,https://www.youtube.com/watch?v=2RmyXQk5kjg,new_media_life,,,,
كيف تتحدث أمام الجمهور؟ | دوباميكافين +,https://www.youtube.com/watch?v=iLeZ3V8-Lb0,new_media_life,,,,
🚀 من الآخر | أسرار أعقد الصناعات العالمية,https://www.youtube.com/watch?v=BJg0IK9ET84,new_media_life,,,,
المراهقة | الدحيح,https://www.youtube.com/watch?v=NZYR5xZPcaU,new_media_life,,,,
كيف جاء نابليون؟ | الدحيح,https://www.youtube.com/watch?v=hceXwZOplzI,new_media_life,,,,
"لماذا من المُحرمات أن تقسم على ""صفر""؟ |  كوانتوبيديا",https://www.youtube.com/watch?v=J3x4YK_NL7Y,new_media_life,,,,
الثورة الفرنسية ١ | الدحيح,https://www.youtube.com/watch?v=DL0pWnWurdM,new_media_life,,,,
المسلسل الأنجح في التاريخ | الدحيح,https://www.youtube.com/watch?v=eJFe0dzLH5s,new_media_life,,,,
الخبز | الدحيح,https://www.youtube.com/watch?v=J9k0g78CCow,new_media_life,,,,
حققت حلمي وعملت أول خطوة!! | جربت أكون,https://www.youtube.com/watch?v=y83Dr9Q-iTQ,new_media_life,,,,
كيف يتلاعب بنا الأشخاص  عاطفيًا؟ | مش دكتور,https://www.youtube.com/watch?v=mn3AauvUcEw,new_media_life,,,,
500 مليار درهم بدون جرائم |  سر نقل الأموال في الإمارات | من الآخر,https://www.youtube.com/watch?v=SxHjBcB4t7Q,new_media_life,,,,
العمارة الوحشية | الدحيح,https://www.youtube.com/watch?v=Ftijk1Gbn80,new_media_life,,,,
10 خطوات لبناء عقل أكثر صلابة وقوّة | القوة الذهنية | دوباميكافين+,https://www.youtube.com/watch?v=govGSoUV0k8,new_media_life,,,,
ماذا لو ابتلعنا ثقب أسود؟ | كوانتوبيديا,https://www.youtube.com/watch?v=Zc0nskdOfnc,new_media_life,,,,
فن القتل بالكلمات | الدحيح,https://www.youtube.com/watch?v=p-OXIH5JG68,new_media_life,,,,
"برنامج ""كوانتوبيديا"" قريبًا على أكاديمية الإعلام الجديد.",https://www.youtube.com/watch?v=-G50fBuQceg,new_media_life,,,,
مارادونا | الدحيح,https://www.youtube.com/watch?v=RiNp0upos30,new_media_life,,,,
كيف تبني الصلابة الذهنية؟ | القوة الذهنية | دوباميكافين+,https://www.youtube.com/watch?v=RCIkBt0ym6I,new_media_life,,,,
ثلاث شركات تحكم العالم | الدحيح,https://www.youtube.com/watch?v=xfAIPyl8TSk,new_media_life,,,,
خلف كواليس مترو دبي: العالم الخفي الذي يعمل بينما تنام المدينة | من الآخر,https://www.youtube.com/watch?v=tqNu1fgA3uU,new_media_life,,,,
إحذر البوينج 737ماكس | الدحيح,https://www.youtube.com/watch?v=D6yGCX2zV-U,new_media_life,,,,
ما الذي يجعلك قائدًا ناجحًا؟ | القائد المغناطيسي | دوباميكافين +,https://www.youtube.com/watch?v=bcaYsuJLqo0,new_media_life,,,,
أنا لا أتجمل ولكني أكذب | الدحيح,https://www.youtube.com/watch?v=vn-Wvosb5UI,new_media_life,,,,
لماذا ننجذب لأشخاص مؤذين عاطفيًا وكيف نخرج من الفخ؟ | مش دكتور,https://www.youtube.com/watch?v=-RhRY2qiLgU,new_media_life,,,,
أصغر دولة في العالم | الدحيح,https://www.youtube.com/watch?v=aVCeuoRp95E,new_media_life,,,,
كيف يتحول الطعام إلى إدمان؟ | عادة الجوع | دوباميكافين+,https://www.youtube.com/watch?v=I6fYREgoaJY,new_media_life,,,,
عملت أثاث لبيتي في يوم ! | جربت أكون,https://www.youtube.com/watch?v=A62JmQCJccQ,new_media_life,,,,
ماذا يتعلم المهندس من الحيوان؟ | الدحيح,https://www.youtube.com/watch?v=xe9jK511gTc,new_media_life,,,,
الإجرام والفن و القداسة | الدحيح,https://www.youtube.com/watch?v=p0e7ICI_8ZY,new_media_life,,,,
الفروقات التي لا تُرى… لُغات الحب الخمس | دوباميكافين  +,https://www.youtube.com/watch?v=kGHYgCsUBfI,new_media_life,,,,
لغة الجسد | الدحيح,https://www.youtube.com/watch?v=WLxWvkR_ecQ,new_media_life,,,,
ما هو السر الخفي للألعاب؟ | مش دكتور,https://www.youtube.com/watch?v=LnPXxDwD-Lc,new_media_life,,,,
فن صناعة الكتاب عند العرب | الدحيح,https://www.youtube.com/watch?v=tJRjOwK1u0s,new_media_life,,,,
ماذا لو كنت تحب… لكن بلغّة لا يفهمها الآخر؟ | لغات الحب الخمس | دوباميكافين+,https://www.youtube.com/watch?v=h8smjwhF_BY,new_media_life,,,,
جربت أكون معلم شاورما ليوم كامل والحصل ؟,https://www.youtube.com/watch?v=mz9Rgmve9xY,new_media_life,,,,
إقليم كتالونيا | الدحيح,https://www.youtube.com/watch?v=tRLr1LVKQOA,new_media_life,,,,
بحبك يا .... | الدحيح,https://www.youtube.com/watch?v=hCM4b476p08,new_media_life,,,,
هل وصلت إلى المرحلة الملكية | دوباميكافين +,https://www.youtube.com/watch?v=TocSBb8KCiE,new_media_life,,,,
المراجعة النهائية للدوائر الكهريبة | الدحيح,https://www.youtube.com/watch?v=_y_ptIWYBh4,new_media_life,,,,
كيف تجد هدفك الحقيقي؟ | نظرية الفستق | دوباميكافين +,https://www.youtube.com/watch?v=9Gk4WnkGHAc,new_media_life,,,,
تأملات في صوت جارة القمر | الدحيح,https://www.youtube.com/watch?v=m5MSWv9nJfM,new_media_life,,,,
كذبة دمّرت عائلة كاملة | مش دكتور,https://www.youtube.com/watch?v=eiX1NsNF8HY,new_media_life,,,,
المراهنات | الدحيح,https://www.youtube.com/watch?v=dUzWEha-plE,new_media_life,,,,
هل يمكن أن تكون القوة خطرًا؟ | 48 قانونًا | دوباميكافين +,https://www.youtube.com/watch?v=NEeE1sRph3Y,new_media_life,,,,
لماذا نحن هنا؟ | الدحيح,https://www.youtube.com/watch?v=GVdMd9yJq8Q,new_media_life,,,,
جربت أكون بائع مواشي,https://www.youtube.com/watch?v=gjLdhj7ukn8,new_media_life,,,,
من الآخر | تحدي الأمن الخاص,https://www.youtube.com/watch?v=U50CepiZUV8,new_media_life,,,,
ألف  سنة من الإنهيار | الدحيح,https://www.youtube.com/watch?v=HG3xQjwenTc,new_media_life,,,,
ما هي الأمور المهمة، كتاب العادات السبع للناس الأكثر فعالية | دوباميكافين +,https://www.youtube.com/watch?v=n9_D6SH-_6A,new_media_life,,,,
من الشام إلى الأندلس | الدحيح,https://www.youtube.com/watch?v=ndDSORY8mrU,new_media_life,,,,
جربت أكون خباز ليوم كامل,https://www.youtube.com/watch?v=6tY2HNB95qc,new_media_life,,,,
الاقتراب من الموت | مش دكتور,https://www.youtube.com/watch?v=gKkEcvC6x4Q,new_media_life,,,,
القصص الحقيقية وراء صراع العروش | الدحيح,https://www.youtube.com/watch?v=YpPFr3VOSwM,new_media_life,,,,
توقّف عن إدارة الوقت - كتاب الأشياء الأولى أولًا | دوباميكافين +,https://www.youtube.com/watch?v=BI-Z-XwFrTw,new_media_life,,,,
محاكمة سقراط | الدحيح,https://www.youtube.com/watch?v=th0VZq9lNhU,new_media_life,,,,
من الآخر | في طائرات بوينغ وإيرباص قطع صنعت في الإمارات,https://www.youtube.com/watch?v=wgyyeyAv1Zw,new_media_life,,,,
منتخب مصر لكرة اليد | الدحيح,https://www.youtube.com/watch?v=iOKV2FCL1Gs,new_media_life,,,,
ماذا يحدث عندما تختار التغيير؟ | دوباميكافين +,https://www.youtube.com/watch?v=1Crs0T6OfX8,new_media_life,,,,
BYD | الدحيح,https://www.youtube.com/watch?v=RAUCfqFzTAQ,new_media_life,,,,
جربت أكون حلاق ليوم كامل | جربت أكون,https://www.youtube.com/watch?v=aQxk6k3sXJ4,new_media_life,,,,
اضطراب تعدد الشخصيات | مش دكتور,https://www.youtube.com/watch?v=aoSCjfeP23s,new_media_life,,,,
الرجل الذي منع الملوخية | الدحيح,https://www.youtube.com/watch?v=yl8Ib03nF24,new_media_life,,,,
كيف تخرج من متاهة الحياة وتبدأ التغيير الآن؟ | دوباميكافين +,https://www.youtube.com/watch?v=4XBNa_SSs3M,new_media_life,,,,
قصة اكتشاف الحمض النووي | الدحيح,https://www.youtube.com/watch?v=v0FAN5ieUPc,new_media_life,,,,
لحظة فرح لضيف من غزة | من الآخر,https://www.youtube.com/watch?v=eILTKB3ARPA,new_media_life,,,,
احذر الأمير النيجيري | الدحيح,https://www.youtube.com/watch?v=veAJjzwVkW4,new_media_life,,,,
كيف تتخلص من القلق وتستمتع بالحياة؟ | دوباميكافين +,https://www.youtube.com/watch?v=IbV_TucY3Go,new_media_life,,,,
الملحمة الشعرية | الدحيح,https://www.youtube.com/watch?v=IjlfXxtweYo,new_media_life,,,,
جربت أوقف السكر | جربت أكون,https://www.youtube.com/watch?v=TccHIw9rf_o,new_media_life,,,,
السادية | مش دكتور,https://www.youtube.com/watch?v=i8u852QgRBY,new_media_life,,,,
هندسة الفشل | الدحيح,https://www.youtube.com/watch?v=jmhGEiII-DY,new_media_life,,,,
فن التأثير والإقناع | دوباميكافين +,https://www.youtube.com/watch?v=HgiKr0LmoS0,new_media_life,,,,
أشهر بنطلون في العالم | الدحيح,https://www.youtube.com/watch?v=9OtuZtCkKGU,new_media_life,,,,
انفيديا | الدحيح,https://www.youtube.com/watch?v=b6Fl15dIGgg,new_media_life,,,,
كيف تؤثر مكانتك على حياتك؟ | دوباميكافين +,https://www.youtube.com/watch?v=-xEa3bN_JJI,new_media_life,,,,
من هو سام ألتمان؟ | الدحيح,https://www.youtube.com/watch?v=IZIGyBBk8D8,new_media_life,,,,
البرانويا | مش دكتور,https://www.youtube.com/watch?v=9Ng6XN1e-eQ,new_media_life,,,,
الوقود | الدحيح,https://www.youtube.com/watch?v=gaDGCjJntSg,new_media_life,,,,
البحث عن معنى في الحياة | دوباميكافين +,https://www.youtube.com/watch?v=gnOuy2kandU,new_media_life,,,,
أكبر مجاعة في مصر | الدحيح,https://www.youtube.com/watch?v=UWGSCvAN6fg,new_media_life,,,,
UFC | الدحيح,https://www.youtube.com/watch?v=YsAvaMhuQcM,new_media_life,,,,
ناصر العقيل في دوباميكافين +,https://www.youtube.com/watch?v=_WHmA4pnkoE,new_media_life,,,,
الفصل الأول - Chapter one,https://www.youtube.com/watch?v=MM4thJfGOF8,new_media_life,,,,
أشهر قصة رعب في العالم | الدحيح,https://www.youtube.com/watch?v=GYMwr0-OKyI,new_media_life,,,,
جربت أكون حائك سجاد,https://www.youtube.com/watch?v=IpK64ZMZIo0,new_media_life,,,,
ازاي تبقى باتمان؟ | الدحيح,https://www.youtube.com/watch?v=CCiWWTHz-ZY,new_media_life,,,,
مدائن صالح | الدحيح,https://www.youtube.com/watch?v=Ypgg-niXS_w,new_media_life,,,,
لكل إنسان قصة | أحمد حمدي – لاعب كرة فقد ساقه,https://www.youtube.com/watch?v=iy0WnrqomDg,new_media_life,,,,
لكل إنسان قصة | سيف – مؤسس فريق كرة القدم للساق الواحدة,https://www.youtube.com/watch?v=ClTV3tiLMW4,new_media_life,,,,
برنامج لكل إنسان قصة | عزيزة – مائدة يومية من قلب إمبابة,https://www.youtube.com/watch?v=uvxrWGjyeyk,new_media_life,,,,
هاري بوتر | الدحيح,https://www.youtube.com/watch?v=3Ov9I8-C6j0,new_media_life,,,,
لكل إنسان قصة | عمرو – قاهر السرطان,https://www.youtube.com/watch?v=I0uSupdH3Og,new_media_life,,,,
لكل إنسان قصة | محمد المصري – حادث غيّر كل شيء,https://www.youtube.com/watch?v=hF0cBgTZyOk,new_media_life,,,,
لكل إنسان قصة |  صلاح عامل النظافة,https://www.youtube.com/watch?v=_bfwpvXG1u0,new_media_life,,,,
هل فعلًا الدم عمره ما يبقى مياه؟ | الدحيح,https://www.youtube.com/watch?v=qtxquLkeNak,new_media_life,,,,
لكل إنسان قصة |  راضي بائع غزل البنات,https://www.youtube.com/watch?v=EN1wiPJxJ-4,new_media_life,,,,
الصعاليك | الدحيح,https://www.youtube.com/watch?v=WQj_OUBaMg0,new_media_life,,,,
لكل إنسان قصة | شريف المكوجي,https://www.youtube.com/watch?v=Wa3wvVoGaSM,new_media_life,,,,
أزمة منتصف العمر | الدحيح,https://www.youtube.com/watch?v=rUUoZBy8BAM,new_media_life,,,,
لكل إنسان قصة | محمد وآية - صراع مع المرض,https://www.youtube.com/watch?v=eijrozJ18-0,new_media_life,,,,
جربت أكون صانع محتوى | جربت أكون,https://www.youtube.com/watch?v=QFoQchfG5yM,new_media_life,,,,
الشخصية الميكيافيلية | مش دكتور,https://www.youtube.com/watch?v=bioASpq1maA,new_media_life,,,,
لكل إنسان قصة |  رحمة سائقة التوك توك,https://www.youtube.com/watch?v=TqIhmmXmZA4,new_media_life,,,,
من يحكم الفضاء؟  | الدحيح,https://www.youtube.com/watch?v=Rjw1319nwrQ,new_media_life,,,,
لكل إنسان قصة | فاطمة بائعة الخبز,https://www.youtube.com/watch?v=Nb4VpgUUHDI,new_media_life,,,,
لكل إنسان قصة |  محمد حازم لاعب كرة قدم الساق الواحدة,https://www.youtube.com/watch?v=Yw0x-7N10oM,new_media_life,,,,
للصغار فقط - 18 | الدحيح,https://www.youtube.com/watch?v=kObjsgCUaZk,new_media_life,,,,
لكل إنسان قصة | محروس سائق التروسيكل,https://www.youtube.com/watch?v=fNsYHtCioNg,new_media_life,,,,
لكل إنسان قصة | دار المطراوي لرعاية المسنين,https://www.youtube.com/watch?v=NKQNDgtAQvA,new_media_life,,,,
لكل إنسان قصة | أم أحمد الخياطة,https://www.youtube.com/watch?v=cgDMg0J8q0Y,new_media_life,,,,
45 ثانية من الرعب | الدحيح,https://www.youtube.com/watch?v=9V27W-Jx7i4,new_media_life,,,,
الطفل الميكانيكي | برنامج لكل إنسان قصة,https://www.youtube.com/watch?v=JLVInlcmrSg,new_media_life,,,,
سفاح الفلانتين | الدحيح,https://www.youtube.com/watch?v=xfdf7dBfNdg,new_media_life,,,,
جربت أكون شيف يوتيوب وأتعلم صناعة محتوى الطبخ | جربت أكون,https://www.youtube.com/watch?v=Qtsk1CTIDKY,new_media_life,,,,
تتر برنامج لكل إنسان قصة,https://www.youtube.com/watch?v=rOqSNYXdIjQ,new_media_life,,,,
متلازمة الجوكر | مش دكتور,https://www.youtube.com/watch?v=CkSZwwcAbSY,new_media_life,,,,
حلقة طويلة عن لاعب قصير | الدحيح,https://www.youtube.com/watch?v=FiVuG3hu53c,new_media_life,,,,
معادلة ستغير نظرتك لكل شيء | الدحيح,https://www.youtube.com/watch?v=HdEzeiSR5eU,new_media_life,,,,
من الآخر | الاستمطار,https://www.youtube.com/watch?v=viI9JNFhIb0,new_media_life,,,,
كيف تصنع المعجزة | الدحيح,https://www.youtube.com/watch?v=omeRuTBszFI,new_media_life,,,,
الفشل في أن تصبح فقيرًا | الدحيح,https://www.youtube.com/watch?v=f1Kb5r-UIYQ,new_media_life,,,,
جربت أقابل كل مشاهير السوشيال ميديا | جربت أكون,https://www.youtube.com/watch?v=eWf9l_Pnuqo,new_media_life,,,,
موعدنا الليلة مع حلقة جديدة من برنامج جربت أكون 🥳,https://www.youtube.com/watch?v=PwAut5_evTw,new_media_life,,,,
نصفك الشرير | مش دكتور,https://www.youtube.com/watch?v=Xqffy3fTUII,new_media_life,,,,
سمكة مهمة لا يعلم عنها أحد | الدحيح,https://www.youtube.com/watch?v=cmJiRqdyxN4,new_media_life,,,,
الفشل الكلوي | الدحيح,https://www.youtube.com/watch?v=5gNVZ7uEtGE,new_media_life,,,,
مكان انطلاق الحرب العالمية التالتة | الدحيح,https://www.youtube.com/watch?v=oXs2b6V89LI,new_media_life,,,,
جراح القلب | الدحيح,https://www.youtube.com/watch?v=9ZTCUyhoknU,new_media_life,,,,
استكشف عالم آخر مع المش دكتور,https://www.youtube.com/watch?v=Fie0JU0hgT4,new_media_life,,,,
مسجد داخل كنيسة داخل معبد | الدحيح,https://www.youtube.com/watch?v=WbDh1Ot7Dhg,new_media_life,,,,
برج إيفل | الدحيح,https://www.youtube.com/watch?v=sQlFqQY6-eo,new_media_life,,,,
من أمير إلى فقير | الدحيح,https://www.youtube.com/watch?v=KAjNiQmtams,new_media_life,,,,
من سكير إلى أمير | الدحيح,https://www.youtube.com/watch?v=73P33vjUIkg,new_media_life,,,,
ADHD | الدحيح,https://www.youtube.com/watch?v=8G9KkBdgYY8,new_media_life,,,,
قواعد قتل البشر | الدحيح,https://www.youtube.com/watch?v=WyoscGICLzY,new_media_life,,,,
الإنسانية | من الآخر,https://www.youtube.com/watch?v=s1no4EUwrNU,new_media_life,,,,
لماذا لا نتحدث نفس العربية؟ | الدحيح,https://www.youtube.com/watch?v=O5L9dEFQuYs,new_media_life,,,,
اقوى من البشر، أضعف من السكر | الدحيح,https://www.youtube.com/watch?v=zE6NqNW-Dk8,new_media_life,,,,
التربية الإيجابية | الدحيح,https://www.youtube.com/watch?v=1ZlMrt5Vpvw,new_media_life,,,,
الجيم | الدحيح,https://www.youtube.com/watch?v=ntZq0wIo2ds,new_media_life,,,,
رحلة ملهمة غير مشروعة | الدحيح,https://www.youtube.com/watch?v=13nQ7445lcQ,new_media_life,,,,
أعلى قمة في العالم | الدحيح,https://www.youtube.com/watch?v=2SBCTcsafCE,new_media_life,,,,
الملاكمة 101 | الدحيح,https://www.youtube.com/watch?v=E2OHHHrtA0Q,new_media_life,,,,
كيف تعكس العمارة وجهة نظر السلطة ؟ | المعماري,https://www.youtube.com/watch?v=bZFn6WJzy2g,new_media_life,,,,
الموسم السادس من برنامج الدحيح !,https://www.youtube.com/watch?v=Mcq7DGuEth0,new_media_life,,,,
كيف نتخيل مدن المستقبل؟| المعماري,https://www.youtube.com/watch?v=kg8gFCX-3Z4,new_media_life,,,,
من الآخر | أسرار حياة الملكة!,https://www.youtube.com/watch?v=2Kz_cbtkipc,new_media_life,,,,
كنز غير مستغل | المعماري,https://www.youtube.com/watch?v=xzXHlDSMF0A,new_media_life,,,,
هل الموهبة وحدها تكفي؟ | المعماري,https://www.youtube.com/watch?v=rYV4cx59rCo,new_media_life,,,,
المنظمة السرية التي تحكم الأرض المسطحة خلف الجدار الجليدي | الدحيح,https://www.youtube.com/watch?v=dVVhGRxCKQ4,new_media_life,,,,
كيف توثق العملات تاريخ العمارة؟ | المعماري,https://www.youtube.com/watch?v=rBx-aSL6GZg,new_media_life,,,,
هل إله الشر هو الشيطان؟  | الدحيح,https://www.youtube.com/watch?v=JUUuzUL0S28,new_media_life,,,,
إيلون ماسك 2 | الدحيح,https://www.youtube.com/watch?v=fy8T9OwVt0Y,new_media_life,,,,
مباني اتحرمت منها البشرية | المعماري,https://www.youtube.com/watch?v=59eDdLg-ywY,new_media_life,,,,
إيلون ماسك 1 | الدحيح,https://www.youtube.com/watch?v=GYkpqo0AYrg,new_media_life,,,,
المخدرات | من الآخر,https://www.youtube.com/watch?v=GpPrMDgJy2I,new_media_life,,,,
الفطر الساحر | الدحيح,https://www.youtube.com/watch?v=CLr_v2v3tOY,new_media_life,,,,
بحر الظلمات  | الدحيح,https://www.youtube.com/watch?v=PfU4cG3WZF8,new_media_life,,,,
المسكنات | الدحيح,https://www.youtube.com/watch?v=-g4vvXmE0YI,new_media_life,,,,
دونالد ترامب | الدحيح,https://www.youtube.com/watch?v=uA-h1CmScHQ,new_media_life,,,,
الأمراض اليتيمة | الدحيح,https://www.youtube.com/watch?v=0ZoRPnYRQaM,new_media_life,,,,
أنجيلا ميركل | الدحيح,https://www.youtube.com/watch?v=a5MXippLahM,new_media_life,,,,
التسلل | الدحيح,https://www.youtube.com/watch?v=wooNi1lr-7g,new_media_life,,,,
إمبراطورية الموز | الدحيح,https://www.youtube.com/watch?v=4as4CS1x2w0,new_media_life,,,,
الوسواس القهري | الدحيح,https://www.youtube.com/watch?v=hsVCF5qehIw,new_media_life,,,,
الأطفال المبتسرين | الدحيح,https://www.youtube.com/watch?v=UFGA-outZ0o,new_media_life,,,,
أم كلثوم في باريس | الدحيح,https://www.youtube.com/watch?v=lLBCM_VJIdI,new_media_life,,,,
أغبى شخص في الغرفة | الدحيح,https://www.youtube.com/watch?v=z9OmIeudbY8,new_media_life,,,,
أكثر من 200 جنسية تتلقى هذه الرسالة في نفس الوقت! | من الآخر,https://www.youtube.com/watch?v=Y2FHMdgNhUc,new_media_life,,,,
سر من أسرار الاستجابة السريعة للطوارئ! | من الآخر,https://www.youtube.com/watch?v=1Rp3OcRs3WA,new_media_life,,,,
الطريق إلى العدوى | الدحيح,https://www.youtube.com/watch?v=eCg6Ybtl2sA,new_media_life,,,,
من شوارع أبوظبي،كيف يتم تعديل سرعات الطرق؟ | من الآخر!,https://www.youtube.com/watch?v=YKh2wczyi84,new_media_life,,,,
عدو الكوكب | الدحيح,https://www.youtube.com/watch?v=81IXLTQHy6I,new_media_life,,,,
قريبا ! من غرفة عمليات أبوظبي | من الآخر,https://www.youtube.com/watch?v=gYw0-v6G3XE,new_media_life,,,,
بروس لي | الدحيح,https://www.youtube.com/watch?v=ttGWcwBoGks,new_media_life,,,,
وشتى في هذا المكان وذبح ذبيح، يا الله أُقدّم لك السّلام | الدحيح,https://www.youtube.com/watch?v=5SprLhOUpp4,new_media_life,,,,
الحرب الأهلية الأمريكية ٢ | الدحيح,https://www.youtube.com/watch?v=sqZqANdRKrk,new_media_life,,,,
الحرب الأهلية الأمريكية ١ | الدحيح,https://www.youtube.com/watch?v=m4FV-c101B4,new_media_life,,,,
البرص | الدحيح,https://www.youtube.com/watch?v=kFnrcVkpDPk,new_media_life,,,,
الثقافة الكورية | الدحيح,https://www.youtube.com/watch?v=1VbDzaIVuJI,new_media_life,,,,
كيف الصحة؟ | الربع,https://www.youtube.com/watch?v=xF4C11nR5_4,new_media_life,,,,
01110011 01110100 01110101 01110000 01101001 01100100 | الدحيح,https://www.youtube.com/watch?v=Vq04T0Cwj5Y,new_media_life,,,,
طريقك لأفضل جنسية | الدحيح,https://www.youtube.com/watch?v=ks7yL0Vl-P8,new_media_life,,,,
50 ألف هجمة يوميًا على دولة الإمارات! | من الآخر,https://www.youtube.com/watch?v=XuumfrdcgDk,new_media_life,,,,
ما نوعية هذه الهجمات؟,https://www.youtube.com/watch?v=5xAzkYsTHBk,new_media_life,,,,
الزواج السعيد.. علميًا | الدحيح,https://www.youtube.com/watch?v=1_oBBYS3rRs,new_media_life,,,,
لا تفوتوا الحلقة يوم الأربعاء!,https://www.youtube.com/watch?v=P25vmjVE73s,new_media_life,,,,
الخياطة | الدحيح,https://www.youtube.com/watch?v=U_cHdU1xv3k,new_media_life,,,,
من هو هذا الشخص؟,https://www.youtube.com/watch?v=WrwEL-1GTyo,new_media_life,,,,
كيف تحول علاقات عملك لفرص؟ | الربع,https://www.youtube.com/watch?v=Vn5-dcFS1QY,new_media_life,,,,
قريباً..,https://www.youtube.com/watch?v=Y0vVcHXvMq4,new_media_life,,,,
حيوان ضخمُ الحجم لديه سنام فوق ظهره وملقَّب بسفينة الصحراء.. فمَن هو | الدحيح,https://www.youtube.com/watch?v=yyTnuv1gxfc,new_media_life,,,,
أيرلندا | الدحيح,https://www.youtube.com/watch?v=nq0EOeSyRBs,new_media_life,,,,
الشركة العالمية للأبطال الخارقين | الدحيح,https://www.youtube.com/watch?v=k1t55VUefPI,new_media_life,,,,
العشاء الأخير | الدحيح,https://www.youtube.com/watch?v=U62Jkd529LI,new_media_life,,,,
الملح | الدحيح,https://www.youtube.com/watch?v=W8syF8UF_Bg,new_media_life,,,,
مافيا | الدحيح,https://www.youtube.com/watch?v=wCRw3hgIZv4,new_media_life,,,,
كوكب القرود | الدحيح,https://www.youtube.com/watch?v=72sfOuuRX94,new_media_life,,,,
تويوتا | الدحيح,https://www.youtube.com/watch?v=L-fOHHnVBtY,new_media_life,,,,
الماسونية | الدحيح,https://www.youtube.com/watch?v=-fyJk0JBG4k,new_media_life,,,,
الإنتخابات الأمريكية | الدحيح,https://www.youtube.com/watch?v=PhnCwZKiHpE,new_media_life,,,,
كلوب 2 | الدحيح,https://www.youtube.com/watch?v=1bkakLwbPJ0,new_media_life,,,,
كلوب | الدحيح,https://www.youtube.com/watch?v=W-ZRzXcw2QM,new_media_life,,,,
السفينة التي لا تغرق | الدحيح,https://www.youtube.com/watch?v=wE6NNKcnaPA,new_media_life,,,,
روميل ثعلب الصحراء | الدحيح,https://www.youtube.com/watch?v=BO7mALtbs_k,new_media_life,,,,
لصوص لكن شرفاء | الدحيح,https://www.youtube.com/watch?v=opQIQ5Xhkb4,new_media_life,,,,
تسلا 2 | الدحيح,https://www.youtube.com/watch?v=25o4-Tl-B58,new_media_life,,,,
العبقري الذي أضاء العالم | الدحيح,https://www.youtube.com/watch?v=4i7c8g5lA5U,new_media_life,,,,
كيف تخفي طائرة إلى الأبد ؟ | الدحيح,https://www.youtube.com/watch?v=nvhh95cyRDw,new_media_life,,,,
كيف تبني العالم ؟ | الدحيح,https://www.youtube.com/watch?v=TQDBlhcl3cI,new_media_life,,,,
أشهر ملاهي في كوكب الارض | الدحيح,https://www.youtube.com/watch?v=idevGAEPgyg,new_media_life,,,,
أعداد لا وجود لها | الدحيح,https://www.youtube.com/watch?v=KHOAFoxaZaQ,new_media_life,,,,
التوحُّد | الدحيح,https://www.youtube.com/watch?v=NEy6Oj8dmCc,new_media_life,,,,
ثاني أشهر عالِم في العالَم | الدحيح,https://www.youtube.com/watch?v=zGQ3zRDylJo,new_media_life,,,,
أهم قاعدة في الاستثمار  | الدحيح,https://www.youtube.com/watch?v=s0t_4MSQEYQ,new_media_life,,,,
الدحيح قادم يوم 18 مايو | الدحيح,https://www.youtube.com/watch?v=L7fTSxeKwNU,new_media_life,,,,
تجربة صيام الماء ل ٣ أيام شوفوا كم نقص  وزني؟!!! | جربت أكون,https://www.youtube.com/watch?v=OVxLdjK_VUM,new_media_life,,,,
الرئيس الأمريكي | الدحيح,https://www.youtube.com/watch?v=RiMga7zpVfI,new_media_life,,,,
ماركو بولو | الدحيح,https://www.youtube.com/watch?v=Li9bNk1enQw,new_media_life,,,,
شرح كتاب أمة الدوبامين| كيف توازن بين الألم والمتعة؟| بوكافيين,https://www.youtube.com/watch?v=8TV-fRrxvUY,new_media_life,,,,
غزو الهند | الدحيح,https://www.youtube.com/watch?v=Fi5grDvWgew,new_media_life,,,,
غدر الصحاب | الدحيح,https://www.youtube.com/watch?v=I8ig8by6NOI,new_media_life,,,,
شرح كتاب ألعاب يلعبها البشر | بوكافيين,https://www.youtube.com/watch?v=mLjbO2Q95GM,new_media_life,,,,
الربع الخالي | الدحيح,https://www.youtube.com/watch?v=BD7IRNnQSDg,new_media_life,,,,
غاز سام نتنفسه يوميًا | الدحيح,https://www.youtube.com/watch?v=sIl0OLZVhv4,new_media_life,,,,
شرح كتاب المرونة | كيف تتعامل مع ظروفك بشكل أفضل؟ | بوكافيين,https://www.youtube.com/watch?v=XKW1F1uK72M,new_media_life,,,,
ساعة الأثرياء | الدحيح,https://www.youtube.com/watch?v=rhho9QbxfGM,new_media_life,,,,
تاريخ التشريح | الدحيح,https://www.youtube.com/watch?v=RcBR7YDFkaA,new_media_life,,,,
أقوى 3 أسرار لتدير حياتك في دقيقة واحدة | بوكافيين,https://www.youtube.com/watch?v=cAVBX_SvNgk,new_media_life,,,,
النسيان | الدحيح,https://www.youtube.com/watch?v=HtgT8Zmf35c,new_media_life,,,,
بيتهوفن | الدحيح,https://www.youtube.com/watch?v=xsah0W5f2DY,new_media_life,,,,
شرح كتاب قوة الإفلاس | بوكافيين,https://www.youtube.com/watch?v=cSAv1UHo2IE,new_media_life,,,,
كيف يمكن أن تقنع الناس بفوائد التدخين والحرب؟ | الدحيح,https://www.youtube.com/watch?v=mn-br82ENxc,new_media_life,,,,
ألف ليلة وليلة | الدحيح,https://www.youtube.com/watch?v=y2exxaq0_YI,new_media_life,,,,
خمس ثواني غيرت حياتي | بوكافيين,https://www.youtube.com/watch?v=F7-_TJ4R5YM,new_media_life,,,,
أول حوت في العالم | الدحيح,https://www.youtube.com/watch?v=92rP7KbuovQ,new_media_life,,,,
تشيرنوبل الأمريكية | الدحيح,https://www.youtube.com/watch?v=Epa9CFnSqso,new_media_life,,,,
شرح كتاب قوة التركيز العميق| كيف تركز على حياتك أكثر؟ | بوكافيين,https://www.youtube.com/watch?v=kXfToHDYEWs,new_media_life,,,,
كيف تتعلم اللغة الصينية في ٤٠ سنة؟ | الدحيح,https://www.youtube.com/watch?v=-2is0rI_tow,new_media_life,,,,
كيف لكائن انتصرنا عليه أن ينتصر علينا | الدحيح,https://www.youtube.com/watch?v=AveQVd2ubZI,new_media_life,,,,
نابليون في القاهرة | الدحيح,https://www.youtube.com/watch?v=Y2rFelckA48,new_media_life,,,,
الميتافيرس | الدحيح,https://www.youtube.com/watch?v=QYTj9X39KJc,new_media_life,,,,
كيف تعبر البيوت عن أصحابها؟ | المعماري,https://www.youtube.com/watch?v=BJn8bYQkxlg,new_media_life,,,,
الكساد العظيم  | الدحيح,https://www.youtube.com/watch?v=lH7vAzmmB-M,new_media_life,,,,
نحو نحوٍ افضل | الدحيح,https://www.youtube.com/watch?v=xWmIsG72d24,new_media_life,,,,
حكاية تحول السفن لمنتجعات سياحية | المعماري,https://www.youtube.com/watch?v=NC_0PbOVdh4,new_media_life,,,,
شرح كتاب إزالة القلق| كيف تتخلص من القلق والتوتر؟ | بوكافيين,https://www.youtube.com/watch?v=2Di8_QlO9vM,new_media_life,,,,
توحيد ألمانيا | الدحيح,https://www.youtube.com/watch?v=wsO1Fxxzarc,new_media_life,,,,
مايحدث في المشرحة | الدحيح,https://www.youtube.com/watch?v=jDs55BiCSBk,new_media_life,,,,
هل يحل الذكاء الاصطناعي محل المعماريين؟ | المعماري,https://www.youtube.com/watch?v=sL1hez8sq0o,new_media_life,,,,
شرح كتاب اسرق كـ فنان | بوكافيين,https://www.youtube.com/watch?v=wkL2ow-i1lc,new_media_life,,,,
كارت أحمر | الدحيح,https://www.youtube.com/watch?v=z5d-xsBYAFo,new_media_life,,,,
الجزائري الذي أبكى فرنسا | الدحيح,https://www.youtube.com/watch?v=_Eduwcfv2_I,new_media_life,,,,
شرح كتاب شجاعة أن تكون غير محبوب| هل تهتم بآراء الآخرين؟ | بوكافيين,https://www.youtube.com/watch?v=X0PufyhG96Q,new_media_life,,,,
حكاية حسن فتحي | المعماري,https://www.youtube.com/watch?v=dxr8h7ON03I,new_media_life,,,,
يوم في حياة رائـد فضاء | الدحيح,https://www.youtube.com/watch?v=0MPLzRDCFAg,new_media_life,,,,
ما يميت يفيد | الدحيح,https://www.youtube.com/watch?v=D0ha_xUqI24,new_media_life,,,,
وللمباني حظوظ | المعماري,https://www.youtube.com/watch?v=OpeKEhC9jwI,new_media_life,,,,
شرح كتاب تمسك بأطفالك | كيف تكون أقرب لأبنائك؟ | بوكافيين,https://www.youtube.com/watch?v=6MicYXRFX3k,new_media_life,,,,
مايك تايسون | الدحيح,https://www.youtube.com/watch?v=tMOfWn_J58E,new_media_life,,,,
الذئب | الدحيح,https://www.youtube.com/watch?v=Z8het4evBqA,new_media_life,,,,
كيف تؤثر ثقافة الثراء على العمارة؟ | المعماري,https://www.youtube.com/watch?v=OrO1YiGam4g,new_media_life,,,,
شرح كتاب وهم المقارنة | 7 عادات لتحسين وضعك المادي! | بوكافيين,https://www.youtube.com/watch?v=czfDCPdu0OQ,new_media_life,,,,
لماذا أكره الطبيعة | الدحيح,https://www.youtube.com/watch?v=CFeW61i_MLA,new_media_life,,,,
حرب النباتات | الدحيح,https://www.youtube.com/watch?v=3gyeOcpdc6g,new_media_life,,,,
عمارة ولا بيزنس؟ | المعماري,https://www.youtube.com/watch?v=PXzy3J098ZQ,new_media_life,,,,
شرح رواية حياتك الثانية تبدأ حين تدرك أن لديك حياة واحدة| كيف تكسر روتين حياتك؟ | بوكافيين,https://www.youtube.com/watch?v=3yT5JkrBDk0,new_media_life,,,,
الجريمة التي لايعلم عنها أحد | الدحيح,https://www.youtube.com/watch?v=q8odl57WQYE,new_media_life,,,,
الأعاصير | الدحيح,https://www.youtube.com/watch?v=qMqPJIozZvc,new_media_life,,,,
كيف تبرز العمارة قدسية دور العبادة؟ | المعماري,https://www.youtube.com/watch?v=t8pjQkpa4ac,new_media_life,,,,
شرح كتاب الجودو اللفظي | بوكافيين,https://www.youtube.com/watch?v=GYEOWCW2lFg,new_media_life,,,,
أغرب قصة صعود في التاريخ | الدحيح,https://www.youtube.com/watch?v=O7uNdw1E1pU,new_media_life,,,,
محمية حتا الجبلية | المحمية,https://www.youtube.com/watch?v=blLIryFg_H4,new_media_life,,,,
اللبن | الدحيح,https://www.youtube.com/watch?v=cRmbuJRPb9M,new_media_life,,,,
كل الطرق تؤدي إلى روما | المعماري,https://www.youtube.com/watch?v=W1CMAgVQeP0,new_media_life,,,,
شرح كتاب محاط بالمرضى النفسيين| بوكافيين,https://www.youtube.com/watch?v=WAhsucWq6Z4,new_media_life,,,,
البوذا | الدحيح,https://www.youtube.com/watch?v=QKrxZuKQ8J0,new_media_life,,,,
أكبر محمية جبلية في الإمارات | المحمية,https://www.youtube.com/watch?v=-DOmabqw46o,new_media_life,,,,
هل يمكن أن تصل درجة الحرارة في الرياض وبغداد إلى 60C؟ | الدحيح,https://www.youtube.com/watch?v=4EiVHlsQNF4,new_media_life,,,,
كيف تعبّر العمارة عن اقتصاد البلاد؟ | المعماري,https://www.youtube.com/watch?v=Eswa8XOQfS0,new_media_life,,,,
شرح كتاب قلق السعي إلى المكانة | هل الوظيفة هي من تحدد هويتنا؟ | بوكافيين,https://www.youtube.com/watch?v=mTXljm-rOjs,new_media_life,,,,
النمر | الدحيح,https://www.youtube.com/watch?v=dPlQOrUnl24,new_media_life,,,,
محمية لتكاثر السلاحف | المحمية,https://www.youtube.com/watch?v=ys70uhAxYds,new_media_life,,,,
الحرب على أهم صناعة في العالم | الدحيح,https://www.youtube.com/watch?v=THYvJgllb-o,new_media_life,,,,
تاريخ عمارة الملاعب الرياضية | المعماري,https://www.youtube.com/watch?v=IFk6agSZF8o,new_media_life,,,,
شرح كتاب لا تأكل بمفردك| كيف تكوّن علاقات حقيقية؟ | بوكافيين,https://www.youtube.com/watch?v=nkF65qohlmM,new_media_life,,,,
المجازات | الدحيح,https://www.youtube.com/watch?v=ikLp-QwVAhc,new_media_life,,,,
من صحراء الى محمية طبيعية صحراوية لأهم الحيوانات المهددة بالانقراض  | المحمية,https://www.youtube.com/watch?v=FuSRu8SVxxc,new_media_life,,,,
تاني يوم بعد القنبلة | الدحيح,https://www.youtube.com/watch?v=b69HOs2U4lo,new_media_life,,,,
مدينة كاملة تحت الأرض | المعماري,https://www.youtube.com/watch?v=KJv2dVBvKIk,new_media_life,,,,
شرح كتاب ربما ينبغي أن تكلم أحداً| كيف تفسر مشاكلك بشكل أفضل؟ | بوكافيين,https://www.youtube.com/watch?v=8ZouP1OK53Y,new_media_life,,,,
الفول | الدحيح,https://www.youtube.com/watch?v=UxvCYEdmJH0,new_media_life,,,,
الخلود | الدحيح,https://www.youtube.com/watch?v=8oPfjx6H-pM,new_media_life,,,,
هل يمكن أن تتحرك المباني؟  | المعماري,https://www.youtube.com/watch?v=L4WNJE-fnag,new_media_life,,,,
شرح كتاب كيف نتغير؟والأسباب العشرة لعدم قيامنا بالتغيير | بوكافيين,https://www.youtube.com/watch?v=sT5glS4w3o4,new_media_life,,,,
البطاطس | الدحيح,https://www.youtube.com/watch?v=WW0raF3wuZU,new_media_life,,,,
من رمالٍ ساحلية الى محمية للأراضي الرطبة في قلب مدينة دبي | المحمية,https://www.youtube.com/watch?v=MsxzJh-9hog,new_media_life,,,,
عندما ذهب عبقري الشطرنج بوبي فيشر إلى الحرب | الدحيح,https://www.youtube.com/watch?v=BlyIHrIJoT0,new_media_life,,,,
ما هو المطر القاتل للبشر؟ | الأثر,https://www.youtube.com/watch?v=I_I_FoWf5Hw,new_media_life,,,,
كيف يحاول المعماريون محاكاة الطبيعة في الهندسة | المعماري,https://www.youtube.com/watch?v=kpzZUd7hE4E,new_media_life,,,,
شرح كتاب لا غنى عنك | كيف تصبح الخيار الواضح في العمل والحياة | بوكافيين,https://www.youtube.com/watch?v=_XPKiqJvs6A,new_media_life,,,,
ما علاقة علب الطلاء بثقب الأوزون؟ | الأثر,https://www.youtube.com/watch?v=z0xDbYniHZY,new_media_life,,,,
من مكبٍ للنفايات إلى محمية مفعمة بالحياة | المحمية,https://www.youtube.com/watch?v=R7eq034MPkE,new_media_life,,,,
فلسطين.. حكاية الأرض | الدحيح |,https://www.youtube.com/watch?v=f0oy-NicIgE,new_media_life,,,,
هل سيواجه البشر حرباً مع الطحالب؟ | الأثر,https://www.youtube.com/watch?v=Kmr_d_ea5_Y,new_media_life,,,,
لماذا يجب التوقف عن الزراعة في التربة؟ | الأثر,https://www.youtube.com/watch?v=QACaWYxmzRA,new_media_life,,,,
كم مرة انقرضت الأرض؟ | الأثر,https://www.youtube.com/watch?v=MGopiWs7TkU,new_media_life,,,,
ماذا سيحدث لو اختفت الغابات عن وجه الأرض؟ | الأثر,https://www.youtube.com/watch?v=hOlYy7iSiVY,new_media_life,,,,
ما هو سباق البشر إلى نحو الصفر؟ | الأثر,https://www.youtube.com/watch?v=5CPmRT4aGZo,new_media_life,,,,
أخطر جزيرة مصنوعة من البلاستيك! | الأثر,https://www.youtube.com/watch?v=v1jZIiW1J0A,new_media_life,,,,
ماذا تعرف عن تسونامي الأجهزة؟ | الأثر,https://www.youtube.com/watch?v=Oxhlc_T6vdw,new_media_life,,,,
لماذا الحرارة عدوة الأرض؟ | الأثر,https://www.youtube.com/watch?v=QUsX47FqMnA,new_media_life,,,,
ما هو المحيط الحامض؟ | الأثر,https://www.youtube.com/watch?v=0p0kx_4goLQ,new_media_life,,,,
نهاية المماليك | الدحيح,https://www.youtube.com/watch?v=-DVXdsZbcf8,new_media_life,,,,
زها حديد - المعمارية الافضل في العالم | المعماري,https://www.youtube.com/watch?v=UD62ZovDieI,new_media_life,,,,
شرح كتاب التحدث إلى الغرباء | كيف ملامح وجهك تحدد مصيرك؟ | بوكافيين,https://www.youtube.com/watch?v=F9F3tnX-3eg,new_media_life,,,,
المماليك | الدحيح,https://www.youtube.com/watch?v=YXcg79ZcQc4,new_media_life,,,,
كيف تحصل على نفايات مفيدة؟ | الأثر,https://www.youtube.com/watch?v=Qh8NfQHk-qU,new_media_life,,,,
غزو الكائنات | الدحيح,https://www.youtube.com/watch?v=RLL_QRAONSw,new_media_life,,,,
لماذا ستموت الأرض بدون استدامة؟ | الأثر,https://www.youtube.com/watch?v=3OA8C6RMcWE,new_media_life,,,,
حكاية باريس | المعماري,https://www.youtube.com/watch?v=HVKonxlvjxs,new_media_life,,,,
شرح كتاب الدردشة العقلية | كيف تتحكم بصوتك الداخلي؟ | بوكافيين,https://www.youtube.com/watch?v=20ShWgxH_0M,new_media_life,,,,
😂 | الدحيح,https://www.youtube.com/watch?v=YojIlSjdjto,new_media_life,,,,
شبح الأمومة | الدحيح,https://www.youtube.com/watch?v=pWKshuxAIBM,new_media_life,,,,
لماذا أصبحت سنغافورة من أفضل مدن العالم | المعماري,https://www.youtube.com/watch?v=pebUpAqB-Us,new_media_life,,,,
شرح كتاب المبادئ الخمسة لتربية جيل ناجح | كيف تربي ابنك اليوم؟ | بوكافيين,https://www.youtube.com/watch?v=_oB2mr7h3aQ,new_media_life,,,,
كريستيانو رونالدو - الجزء التاني | الدحيح,https://www.youtube.com/watch?v=4gZFVrePKSU,new_media_life,,,,
كريستيانو رونالدو - الجزء الأول | الدحيح,https://www.youtube.com/watch?v=r8aaonxBWVM,new_media_life,,,,
كيف نحمي المباني من تأثير الزلزال؟ | المعماري,https://www.youtube.com/watch?v=Y9YkjQMqLYA,new_media_life,,,,
لماذا أصبحنا أضعف وأكثر عرضة للكسر؟ | بوكافيين,https://www.youtube.com/watch?v=HoCH_8eDxk8,new_media_life,,,,
موسم جديد من برنامج الدحيح!,https://www.youtube.com/watch?v=U48wWAAcVYM,new_media_life,,,,
أشهر الأخطاء المعمارية في العالم | المعماري,https://www.youtube.com/watch?v=YBunbOWNxSQ,new_media_life,,,,
شرح كتاب ميزة الانطوائي | بوكافيين,https://www.youtube.com/watch?v=nHwuTarSp3M,new_media_life,,,,
ماذا قال الدحيح عن مقاييس الجمال و الأتيكيت؟ | الدحيح,https://www.youtube.com/watch?v=qefyhN-jk18,new_media_life,,,,
ماذا قال الدحيح عن شخصيات وأحداث من التاريخ؟ | الدحيح,https://www.youtube.com/watch?v=rLR_EsEUmuY,new_media_life,,,,
المسابقة المعمارية التي ستعيد جمال البيوت | المعماري,https://www.youtube.com/watch?v=sg2s_DZ09aQ,new_media_life,,,,
هل أنت مهووس بالتفكير في أحلامك؟ | بوكافيين,https://www.youtube.com/watch?v=jgQoDkI4SbU,new_media_life,,,,
ماذا قال الدحيح عن أصعب المواقف؟ | الدحيح,https://www.youtube.com/watch?v=sAatZIG8ZIo,new_media_life,,,,
كيف تصمم مدينة بعد قنبلة نووية؟ | المعماري,https://www.youtube.com/watch?v=6MyQOPGE4Cs,new_media_life,,,,
شرح كتاب ابدأ بلماذا؟ لسيمون سينك | سؤال واحد سيغير حياتك | بوكافيين,https://www.youtube.com/watch?v=NaDFa0-3ARc,new_media_life,,,,
ماذا قال الدحيح عن الحيوانات وتوم وجيري؟ | الدحيح,https://www.youtube.com/watch?v=pCCLPOVOj9c,new_media_life,,,,
ماذا قال الدحيح عن برامجنا المفضلة؟ | الدحيح,https://www.youtube.com/watch?v=hUN2AJU-Ty4,new_media_life,,,,
هل كنت تتخيل أننا ممكن نطبع المباني؟ | المعماري,https://www.youtube.com/watch?v=chOxdHvN3Vg,new_media_life,,,,
شرح كتاب فن الحرب | حتى تنتصر في معارك الحياة | بوكافيين,https://www.youtube.com/watch?v=qLMqfRM23rc,new_media_life,,,,
ماذا قال الدحيح عن الرعب والزلازل ونهاية العالم؟ | الدحيح,https://www.youtube.com/watch?v=zTXXTgdz4Sk,new_media_life,,,,
مليارات الدوري السعودي تهدد أقوى دوريات العالم! | نيو ميديا تريندز,https://www.youtube.com/watch?v=GK6H0pj6kLc,new_media_life,,,,
ماذا قال الدحيح عن الأب والأم والعلاقات عن بعد؟ | الدحيح,https://www.youtube.com/watch?v=UXbGqkCE7Qw,new_media_life,,,,
أهمية المعماريين في مجال السينما | المعماري,https://www.youtube.com/watch?v=ZLf2zpsLjgU,new_media_life,,,,
شرح كتاب الراهب الذي باع سيارته الفيراري | بوكافيين,https://www.youtube.com/watch?v=nlaHQiqscQ0,new_media_life,,,,
ماذا قال الدحيح عن الحساسية والموت والمقابر؟ | الدحيح,https://www.youtube.com/watch?v=upJF5V4AD1Y,new_media_life,,,,
ما هي علاقة البلياردو بصناعة البلاستيك | النيرد العربي,https://www.youtube.com/watch?v=zYaFWNj1bAA,new_media_life,,,,
ماذا قال الدحيح عن الشغف والتشاؤم والخوف؟ | الدحيح,https://www.youtube.com/watch?v=4e5TsgnU2u8,new_media_life,,,,
حكاية مصر الجديدة | المعماري,https://www.youtube.com/watch?v=FwYoc4qK5cg,new_media_life,,,,
هل تشعر بأن أمورك كلها قضايا حياة أو موت؟ | بوكافيين,https://www.youtube.com/watch?v=BOnvRSNMbJ0,new_media_life,,,,
ماذا قال الدحيح عن الطبخ والأكل والدايت؟,https://www.youtube.com/watch?v=6_7FrIGFDeM,new_media_life,,,,
لماذا الموصلات الفائقة هي مفتاح المستقبل؟ | النيرد العربي,https://www.youtube.com/watch?v=KS91AmZM2w0,new_media_life,,,,
لماذا الجو في المدن أكثر حرارة من الأرياف؟ | المعماري,https://www.youtube.com/watch?v=2cs2_MTBDPA,new_media_life,,,,
شرح كتاب البقرة الأرجوانية | اكسر القواعد | بوكافيين,https://www.youtube.com/watch?v=HQ1bR0TSUXc,new_media_life,,,,
ماذا قال هذا الشاب عن العراق؟ | نيو ميديا ترندز,https://www.youtube.com/watch?v=FTXI4Jwzpss,new_media_life,,,,
نظرية الفوضى  | النيرد العربي,https://www.youtube.com/watch?v=e6HorTeLxAc,new_media_life,,,,
الحساسية | الدحيح,https://www.youtube.com/watch?v=efigiluZEHA,new_media_life,,,,
الفيديو الذي جعل الشيخ محمد بن راشد يتبرع بمجموعة خيول | نيو ميديا تريندز,https://www.youtube.com/watch?v=0Iuol3ctvgw,new_media_life,,,,
التجارة في العِمارة | المعماري,https://www.youtube.com/watch?v=vl6VgTHmx68,new_media_life,,,,
كيف تصبح غنياً؟ | سيكولوجية المال | بوكافيين,https://www.youtube.com/watch?v=UF5EfXlHG1U,new_media_life,,,,
الهاكر | الدحيح,https://www.youtube.com/watch?v=BAx0LI6NnNg,new_media_life,,,,
هل الرنين مدمّر  أم مفيد؟ | النيرد العربي,https://www.youtube.com/watch?v=DemzSmdyvL0,new_media_life,,,,
فوبيا | الدحيح,https://www.youtube.com/watch?v=51MSQkHRwDg,new_media_life,,,,
هل تخيلت شكل العالم بعد 50 عام ؟ | المعماري,https://www.youtube.com/watch?v=WR0l1WD4mIU,new_media_life,,,,
شرح كتاب المخ الأبله | بوكافيين,https://www.youtube.com/watch?v=H13cW1pYYcY,new_media_life,,,,
رجل ساذج في الرايخ الثالث | الدحيح,https://www.youtube.com/watch?v=vUaLZYAiolw,new_media_life,,,,
كيف تحوّل هذا الغاز إلى معدن؟ | النيرد العربي,https://www.youtube.com/watch?v=Z6R-V_Dop0o,new_media_life,,,,
الأندرتيكر | الدحيح,https://www.youtube.com/watch?v=G28SocqOwOE,new_media_life,,,,
بلد بدون سيارات! | المعماري,https://www.youtube.com/watch?v=lwKm9LQogH0,new_media_life,,,,
شرح الكتاب الذي تتمنى لو قرأه أبواك | بوكافيين,https://www.youtube.com/watch?v=FPnQ3HvOisA,new_media_life,,,,
التأمين | الدحيح,https://www.youtube.com/watch?v=u4UTjxo54_A,new_media_life,,,,
كم عدد الجزائريين في فرنسا؟ | نيو ميديا ترندز,https://www.youtube.com/watch?v=ftzi1UtX8XY,new_media_life,,,,
كيف نبحث عن الحياة خارج الأرض | النيرد العربي,https://www.youtube.com/watch?v=NuE3JIA38ek,new_media_life,,,,
جيل زد | الدحيح,https://www.youtube.com/watch?v=tXZB5AJmrvM,new_media_life,,,,
طريقة عمل اطول برج في العالم I المعماري,https://www.youtube.com/watch?v=Drxloe-SpfY,new_media_life,,,,
شرح رواية فتاة البرتقال | بوكافيين,https://www.youtube.com/watch?v=8gPApDKh4Z0,new_media_life,,,,
تاريخ الجنون | الدحيح,https://www.youtube.com/watch?v=NlHwOzwbYpE,new_media_life,,,,
من أعماق النجوم الى البالونات، قصة الهيليوم | النيرد العربي,https://www.youtube.com/watch?v=MajD5kyw1uA,new_media_life,,,,
آخر يوم في العالم | الدحيح,https://www.youtube.com/watch?v=YPOiNF0riyA,new_media_life,,,,
هل ممكن تعيش في مدينة عائمة؟ | المعماري,https://www.youtube.com/watch?v=4qvh2ZlPIWY,new_media_life,,,,
شرح كتاب التقليل الرقمي | بوكافيين,https://www.youtube.com/watch?v=llrLawTDN38,new_media_life,,,,
الصين | الدحيح | China,https://www.youtube.com/watch?v=FHrpR_GrKp0,new_media_life,,,,
لماذا الكون كسول؟ | النيرد العربي,https://www.youtube.com/watch?v=cjihLfu332I,new_media_life,,,,
البطارية | الدحيح,https://www.youtube.com/watch?v=wgD_XDbapjs,new_media_life,,,,
ليه برشلونة من أجمل مدن العالم ؟ | المعماري,https://www.youtube.com/watch?v=dK-TH1xOhOw,new_media_life,,,,
شرح كتاب التفكير اللماح في طرفة عين | بوكافيين,https://www.youtube.com/watch?v=marJgzWJLDo,new_media_life,,,,
الليجو | الدحيح | LEGO,https://www.youtube.com/watch?v=jMEEA8Kbf24,new_media_life,,,,
بيتنا بعد ثلاث سنوات! 🎂,https://www.youtube.com/watch?v=tVGfswtT0Uw,new_media_life,,,,
الرابط بين التناظر وقوانين الفيزياء | النيرد العربي,https://www.youtube.com/watch?v=_w1j0poadDc,new_media_life,,,,
الفيل الأزرق | الدحيح,https://www.youtube.com/watch?v=WlO-riE-Nm8,new_media_life,,,,
الموظف السعيد | المعماري,https://www.youtube.com/watch?v=uAspBDR7TN0,new_media_life,,,,
شرح كتاب محاط بالحمقى | بوكافيين | surrounded by idiots,https://www.youtube.com/watch?v=mxKdDTWwme4,new_media_life,,,,
تاريخ جهنم | الدحيح,https://www.youtube.com/watch?v=19cSn7JRmO8,new_media_life,,,,
نهاية الديناصورات | الدحيح,https://www.youtube.com/watch?v=Q4L00UAt5JY,new_media_life,,,,
الأب | الدحيح,https://www.youtube.com/watch?v=MSTHbT8ZuCs,new_media_life,,,,
فان جوخ | الدحيح,https://www.youtube.com/watch?v=6nCL4bHjZvg,new_media_life,,,,
التطعيم | الدحيح,https://www.youtube.com/watch?v=9_Or_MzGxVw,new_media_life,,,,
خطر الكلب | الدحيح,https://www.youtube.com/watch?v=KNH8K3O3TCo,new_media_life,,,,
الغازات | الدحيح,https://www.youtube.com/watch?v=yw4Wb9baNKE,new_media_life,,,,
ليه بنتخن في رمضان؟ | الدحيح,https://www.youtube.com/watch?v=kHYe-nAQT_M,new_media_life,,,,
توم وجيري | الدحيح,https://www.youtube.com/watch?v=7vfsv6Vm7AA,new_media_life,,,,
الزلزال | الدحيح,https://www.youtube.com/watch?v=YiKVJkKFpsQ,new_media_life,,,,
لماذا يرتكب الأذكياء حماقات؟ | الدحيح,https://www.youtube.com/watch?v=4lEDoOcgjPQ,new_media_life,,,,
قصيدة يا موطني,https://www.youtube.com/watch?v=8mVGykhzMkU,new_media_life,,,,
التوابل | الدحيح,https://www.youtube.com/watch?v=BHoFn3rHPx8,new_media_life,,,,
الكيتو | الدحيح,https://www.youtube.com/watch?v=fWrOwlvPWVQ,new_media_life,,,,
اللحظات الأولى لأول عربي يسير في الفضاء.,https://www.youtube.com/watch?v=gn7MQiHXt3M,new_media_life,,,,
أميتاب باتشان | الدحيح,https://www.youtube.com/watch?v=01t8wL-jSUc,new_media_life,,,,
المقالب | الدحيح,https://www.youtube.com/watch?v=CFTccBzBGQw,new_media_life,,,,
مانشستر يونايتد | الدحيح,https://www.youtube.com/watch?v=O8K3XEb62NQ,new_media_life,,,,
كيف تتخذ قراراتك الصعبة؟ | بوكافيين,https://www.youtube.com/watch?v=H8JHxNvLmNo,new_media_life,,,,
الإندماج النووي | الدحيح,https://www.youtube.com/watch?v=tOhUP9LibJc,new_media_life,,,,
كيف تم احتساب المسافات الشاسعة بيننا وبين الأجرام السماوية؟ | النيرد العربي,https://www.youtube.com/watch?v=MgjfPZDKxEs,new_media_life,,,,
هل يمكن للشمبانزي أن يكتسب السلوك البشري بالتعلم؟ | تجارب مريبة | كويلي,https://www.youtube.com/watch?v=_6i-5VngAqk,new_media_life,,,,
علاقات عن بعد | الدحيح,https://www.youtube.com/watch?v=2AgpnT-bN-M,new_media_life,,,,
ما أعظم سرٍ  تعرفه عن الكون؟ | بوكافيين,https://www.youtube.com/watch?v=AEGUgXmNt0A,new_media_life,,,,
أخطر رجل مافيا | الدحيح,https://www.youtube.com/watch?v=wa1QODdYVog,new_media_life,,,,
فيثاغورس ليس أول من ابتكر نظرية فيثاغورس ! |  النيرد العربي,https://www.youtube.com/watch?v=DKGz7HNA7Vw,new_media_life,,,,
ماذا سيحدث لو توقفت عن النوم نهائياً؟ | تجارب مريبة,https://www.youtube.com/watch?v=_pXB9Kh9YXA,new_media_life,,,,
أحمد عدوية | الدحيح,https://www.youtube.com/watch?v=26sk88apodA,new_media_life,,,,
أكبر خطأ يرتكبه الإنسان، توقّف عن إرضاء الآخرين | بوكافيين,https://www.youtube.com/watch?v=1UEjZHfFAJk,new_media_life,,,,
من مثل أمي | مبادرة خيرية من كلمات الشيخ محمد بن راشد آل مكتوم,https://www.youtube.com/watch?v=y0i_kehJDcw,new_media_life,,,,
من مثل أمي | الابنة التي تحولت تجربتها لخبرة | سارة الريسي,https://www.youtube.com/watch?v=LxwOseTn00c,new_media_life,,,,
متى يصبح الحي ميت؟ | الدحيح,https://www.youtube.com/watch?v=F9DhFq58Kug,new_media_life,,,,
من مثل أمي | الأم التي طال عطاؤها العالم | آمنة القواضي,https://www.youtube.com/watch?v=KRVSwL5MrwU,new_media_life,,,,
ما هي الطريقة التي تم استحداثها مؤخرًا لعلاج مرضى السكري؟ |  النيرد العربي,https://www.youtube.com/watch?v=ZQYSecayazg,new_media_life,,,,
من مثل أمي | الأم الكاتبة والرسامة  | نورة الحوسني,https://www.youtube.com/watch?v=Fgxqr33A5PE,new_media_life,,,,
من مثل أمي | أم العطاء | فاطمة الحمادي,https://www.youtube.com/watch?v=PqthfkYHT0U,new_media_life,,,,
كويلي | كيف حاول العلم إحياء الجثث بالكهرباء؟ | تجارب مريبة,https://www.youtube.com/watch?v=TM9-d2AF6Fk,new_media_life,,,,
من مثل أمي | أم الكُل | أم راشد الصريدي,https://www.youtube.com/watch?v=UxAo3s8ubgc,new_media_life,,,,
شاورما الفراخ | الدحيح,https://www.youtube.com/watch?v=Xkb7Xdos1dM,new_media_life,,,,
من مثل أمي | الأمُ المُتسابقة |  سهام الرشيدي,https://www.youtube.com/watch?v=Axn3PkiSUFQ,new_media_life,,,,
تعرف على ما يدور في ذهن القاتل في رواية الجريمة والعقاب | بوكافيين,https://www.youtube.com/watch?v=F38bfQUZ780,new_media_life,,,,
من مثل أمي |  أمُ المتفوقين | عفره معيوف,https://www.youtube.com/watch?v=PspDvEZsAF4,new_media_life,,,,
من مثل أمي | الأم السباقة للخير | الوالدة ثريا,https://www.youtube.com/watch?v=I4WWKmoqAQw,new_media_life,,,,
كيف تتخلص من الجثة | الدحيح,https://www.youtube.com/watch?v=arhrkprz0WQ,new_media_life,,,,
من مثل أمي | الأم التي انتصرت على المرض | عائشة بن حويرب,https://www.youtube.com/watch?v=EOt5TX5yQlg,new_media_life,,,,
من أين جاء الهيدفون؟ وكيف وصل إلينا؟ | النيرد العربي,https://www.youtube.com/watch?v=m-4dSy4qz-8,new_media_life,,,,
من مثل أمي | الأم وزوجة الشهيد | ثريا العدوي,https://www.youtube.com/watch?v=2ulbE8HsRSY,new_media_life,,,,
من مثل أمي | الأم المحتضنة | شادية خصيف,https://www.youtube.com/watch?v=zibtKLlr_00,new_media_life,,,,
كويلي | كم يبلغ وزن الروح؟ | تجارب مريبة,https://www.youtube.com/watch?v=DXAN99A9G6g,new_media_life,,,,
من مثل أمي,https://www.youtube.com/watch?v=vG25eT5M0BY,new_media_life,,,,
إنترفيو | الدحيح,https://www.youtube.com/watch?v=YnTEXW7RaYY,new_media_life,,,,
تعرف على الوصفة السحرية للحياة السعيدة مع الإيكيجاي | بوكافيين,https://www.youtube.com/watch?v=U2COjBCBKJ8,new_media_life,,,,
فن التشاؤم | الدحيح,https://www.youtube.com/watch?v=subByvOYARA,new_media_life,,,,
ماذا سيحصل إذا توقفت الأرض عن الدوران؟ | النيرد العربي,https://www.youtube.com/watch?v=hd6Y-udChBE,new_media_life,,,,
ماذا سيحدث لو عاش الأطفال في مستعمرة لوحدهم دون الأهل؟ | تجارب مريبة,https://www.youtube.com/watch?v=mdjF_2ZNHSM,new_media_life,,,,
الخنزير | الدحيح,https://www.youtube.com/watch?v=jkhwp2bFaR8,new_media_life,,,,
ما لا تعرفه عن الملح! | بوكافيين,https://www.youtube.com/watch?v=XIL-eWlzBZ4,new_media_life,,,,
فورمولا ١ | الدحيح,https://www.youtube.com/watch?v=9h3Ejj3vqHs,new_media_life,,,,
تحت ظلك | راشد الماجد,https://www.youtube.com/watch?v=fHsY0JzZWac,new_media_life,,,,
هل يمكننا تطبيق النظريات جميعها في عالمنا؟ |  النيرد العربي,https://www.youtube.com/watch?v=r5zL-uirYas,new_media_life,,,,
"هل سيتمكن العلم من علاج ""الموت"" في المستقبل؟ | تجارب مريبة",https://www.youtube.com/watch?v=ZIJ2KxmhX2w,new_media_life,,,,
Chat GPT | الدحيح,https://www.youtube.com/watch?v=j02OZRjf2d8,new_media_life,,,,
كيف تتخلص من الديون وتصبح أغنى شخص في العالم؟ |  بوكافيين,https://www.youtube.com/watch?v=-FpASWtXtWg,new_media_life,,,,
الموناليزا وحشة | الدحيح,https://www.youtube.com/watch?v=CByhaGnB9Co,new_media_life,,,,
ما علاقة النسبة الذهبية بالمثالية والجمال؟ | النيرد العربي,https://www.youtube.com/watch?v=xDzICpQ9X8o,new_media_life,,,,
ماذا تعني القوة الناعمة؟,https://www.youtube.com/watch?v=pLgTvc9bcEo,new_media_life,,,,
هل الشخص المجبر على تنفيذ أفعال شريرة يعتبر شريراً؟ | تجارب مريبة,https://www.youtube.com/watch?v=nmvRJ6jCqaQ,new_media_life,,,,
يوم قيامة النجم | الدحيح,https://www.youtube.com/watch?v=9RYlcU2sXTc,new_media_life,,,,
كيف درس غوستاف لوبون سيكولوجية الجماهير؟ | بوكافيين,https://www.youtube.com/watch?v=V2eUJ88_EnU,new_media_life,,,,
البحث عن السعادة | الدحيح,https://www.youtube.com/watch?v=XKnkiSJGjTk,new_media_life,,,,
أفضل عدسة في الكون لم يصنعها البشر | النيرد العربي,https://www.youtube.com/watch?v=-y6qIfRyJtc,new_media_life,,,,
قصة العملاق الإيرلندي وصاحب المعدة المثقوبة | تجارب مريبة | كويلي,https://www.youtube.com/watch?v=dhdK3o5ysW8,new_media_life,,,,
المغول | الدحيح,https://www.youtube.com/watch?v=zfBve7gvF2Y,new_media_life,,,,
سر الضوء الغامض الذي ظهر أثناء زلزال تركيا,https://www.youtube.com/watch?v=iId7hpwMz5M,new_media_life,,,,
هل تعامل الدنيا كقطعة بيتزا؟ | كوتش تسنيم,https://www.youtube.com/watch?v=a8TaZJUijnA,new_media_life,,,,
كيف دافع شارلي شابلن عن نفسه؟ | بوكافيين,https://www.youtube.com/watch?v=jmEDFN2fyNY,new_media_life,,,,
كيف تخدع الناس؟ | الدحيح,https://www.youtube.com/watch?v=W9ufeRcNJ-M,new_media_life,,,,
ما هو السر وراء ثبات الهياكل الانضغاطية؟ | النيرد العربي,https://www.youtube.com/watch?v=pouNqWJ7Suw,new_media_life,,,,
كويلي | هل يستطيع جميع البشر العيش في ظروف مثالية؟ | تجارب مريبة,https://www.youtube.com/watch?v=7wfNg2rinkQ,new_media_life,,,,
هانيبال | الدحيح,https://www.youtube.com/watch?v=L-AkMLZCiNs,new_media_life,,,,
يوم الحب أم النكد؟ | كوتش تسنيم,https://www.youtube.com/watch?v=CcbMWNsprlQ,new_media_life,,,,
كيف يمكن للأوهام أن تتلاعب بعقلك دون أن تشعر؟ | بوكافيين,https://www.youtube.com/watch?v=EqnInvLQ3IE,new_media_life,,,,
الكابوس | الدحيح,https://www.youtube.com/watch?v=UiOo-3iSon8,new_media_life,,,,
هل تخطط ناسا للصعود إلى القمر مرة أخرى؟ | النيرد العربي,https://www.youtube.com/watch?v=oyATmnojqtw,new_media_life,,,,
كويلي | هل تبقى الرؤوس المقطوعة واعية بعد الموت؟ | تجارب مريبة,https://www.youtube.com/watch?v=3eepk5a7gAY,new_media_life,,,,
Oppenheimer | الدحيح,https://www.youtube.com/watch?v=QpIHg8dhBEE,new_media_life,,,,
ما هي تجربة فيلادلفيا الغامضة؟ | تجارب مريبة,https://www.youtube.com/watch?v=lePrXXOjy-g,new_media_life,,,,
لا تأكل بالشوكة | الدحيح,https://www.youtube.com/watch?v=2Ny5xYj2BEk,new_media_life,,,,
ماذا يحصل للنجوم الكبيرة إذا انتهت طاقتها وسحقتها الجاذبية؟|  النيرد العربي,https://www.youtube.com/watch?v=vVgDQhl4xFw,new_media_life,,,,
كويلي | أُسطورة فيلادلفيا | تجارب مريبة,https://www.youtube.com/watch?v=_JAthn3-U9s,new_media_life,,,,
فيلم رعب | الدحيح,https://www.youtube.com/watch?v=HCSa0iwe4FM,new_media_life,,,,
عندما اجتمع العرب في دولة واحدة | شآبيب | بوكافيين,https://www.youtube.com/watch?v=owI9ung-T3w,new_media_life,,,,
أحلى برجر في العالم | الدحيح,https://www.youtube.com/watch?v=-krXlF9grZQ,new_media_life,,,,
هل سمعتم من قبل عن الثوران العظيم؟ | النيرد العربي,https://www.youtube.com/watch?v=be_JiN6mbNM,new_media_life,,,,
كويلي | أقسى تجربة علمية على توائم في التاريخ الحديث | تجارب مريبة,https://www.youtube.com/watch?v=cDNXAh2p18g,new_media_life,,,,
الفيل | الدحيح,https://www.youtube.com/watch?v=vHdFpIYvl88,new_media_life,,,,
عندما تستخدمك الشركات الكبرى كسلعة | بوكافيين,https://www.youtube.com/watch?v=OZhcNgsTbi8,new_media_life,,,,
الحشاشين | الدحيح,https://www.youtube.com/watch?v=nIUTsuHD4-4,new_media_life,,,,
كيف يمكننا السيطرة على الهواء ؟ | النيرد العربي,https://www.youtube.com/watch?v=8byKnq9u2mw,new_media_life,,,,
كويلي | ماذا ستفعل لو استيقظت ووجدت نفسك في مصحة نفسية؟ | تجارب مريبة,https://www.youtube.com/watch?v=BRCe10NBnOE,new_media_life,,,,
أخطر من النووي | الدحيح,https://www.youtube.com/watch?v=D-gdILNwf7I,new_media_life,,,,
هل نلت اليوم قسطًا كافيًا من النوم؟ | بوكافيين,https://www.youtube.com/watch?v=jRnBwscF9OU,new_media_life,,,,
تاريخ الرقص الشرقي | الدحيح,https://www.youtube.com/watch?v=DXEQoFp52U4,new_media_life,,,,
ما هي اللغة التي يتحدث بها الكون؟ | النيرد العربي,https://www.youtube.com/watch?v=CKIg-RUN5uw,new_media_life,,,,
كيف تتوقف عن كونك حساس بزيادة؟ | عطني دقيقة,https://www.youtube.com/watch?v=kNiBMUU_VgA,new_media_life,,,,
موسم جديد من برنامج الدحيح!,https://www.youtube.com/watch?v=4ja0ZcHwZ9o,new_media_life,,,,
كيف تحول الأوكسجين من مادة خيالية إلى عنصر كيميائي حقيقي؟ | النيرد العربي,https://www.youtube.com/watch?v=ICQMrEURLfM,new_media_life,,,,
ما مصلحة الشركات في جعلنا نتوتر؟ | عطني دقيقة,https://www.youtube.com/watch?v=fKJhjXaEK7g,new_media_life,,,,
كيف صنع البشر النجوم؟ | النيرد العربي,https://www.youtube.com/watch?v=6XvlQxpWRC0,new_media_life,,,,
لماذا نبالغ بفكرة العلاقات السامة |  عطني دقيقة,https://www.youtube.com/watch?v=ZxuhJiuWgF8,new_media_life,,,,
هكذا يصل إليك الإنترنت | النيرد العربي,https://www.youtube.com/watch?v=Rvkp_KTRERI,new_media_life,,,,
ما هو الرد المناسب على التنمر؟ | عطني دقيقة,https://www.youtube.com/watch?v=u7Q2K5-7Als,new_media_life,,,,
تحدي أقدام اللاعبين 👟 | جمال في المونديال,https://www.youtube.com/watch?v=q2ZsxhtY-Vw,new_media_life,,,,
فخورين بأسود الأطلس 🇲🇦 | جمال في المونديال,https://www.youtube.com/watch?v=SkUEKEe2Wao,new_media_life,,,,
ابن الجبل 🇦🇪,https://www.youtube.com/watch?v=08PEJKz7DoA,new_media_life,,,,
أطفال كرة القدم ⚽️ 👦  | جمال في المونديال,https://www.youtube.com/watch?v=_JR39Z64j0Y,new_media_life,,,,
مين بيفوز بكأس العالم؟ 🤔 | جمال في المونديال,https://www.youtube.com/watch?v=eTNGJCU2UNI,new_media_life,,,,
هل تعرف هذا اللاعب من عيونه؟ 👀 | جمال في المونديال,https://www.youtube.com/watch?v=QxV73v0sOXk,new_media_life,,,,
هكذا تكلم ستيفن هوكينج | النيرد العربي,https://www.youtube.com/watch?v=uO5SmdPjUoE,new_media_life,,,,
ماذا تفعل لو كنت تعاني من هوس التسوق؟ | عطني دقيقة,https://www.youtube.com/watch?v=rhaOEuVRyvY,new_media_life,,,,
رؤية الإمارات 2031  🇦🇪,https://www.youtube.com/watch?v=HC81AOtPkIk,new_media_life,,,,
ما هي الشيكات المرتجعة التي  يعاقب عليها القانون؟ | بالقانون,https://www.youtube.com/watch?v=C0VEqJDsouU,new_media_life,,,,
محمد هنيدي في كاس العالم؟! 😲  | جمال في المونديال,https://www.youtube.com/watch?v=v9m-LUYVdf0,new_media_life,,,,
لماذا بعض المواد يمكنها أن تصبح مغناطيساً؟ | النيرد العربي,https://www.youtube.com/watch?v=q3eD8spbQX0,new_media_life,,,,
لماذا كأس العالم 2022 هو الأخطر؟ 😲,https://www.youtube.com/watch?v=ugjjzUATSSM,new_media_life,,,,
لماذا الخزي من الجسد خطير جداً؟ | عطني دقيقة,https://www.youtube.com/watch?v=9LsclHEs7ew,new_media_life,,,,
كيف يمكن للإهمال والتقصير أن يؤدي للقتل الخطأ | بالقانون,https://www.youtube.com/watch?v=w6Ol0B3eHWo,new_media_life,,,,
مكتبة لا نهائية بها كل ما حدث وسيحدث؟! | النيرد العربي,https://www.youtube.com/watch?v=vTj6NYOkDNc,new_media_life,,,,
هل سبق وتصرفت بعكس رغبتك خوفاً من مخالفة الآخرين؟ | عطني دقيقة,https://www.youtube.com/watch?v=j8T7kXvvV8w,new_media_life,,,,
كيف تتجنب خسارة أموالك في مشروعك الخاص؟ | بالقانون,https://www.youtube.com/watch?v=kECU4t7JfDc,new_media_life,,,,
ما العلاقة بين البرجر ومبدأ التشابك الكمي؟ | النيرد العربي,https://www.youtube.com/watch?v=fsSlfLY12-k,new_media_life,,,,
أفضل أسرار للتفاوض | عطني دقيقة,https://www.youtube.com/watch?v=a9QK7cg7cDU,new_media_life,,,,
انتبه لما تسوي وكالة عامة !! | بالقانون,https://www.youtube.com/watch?v=e_fgrogVelc,new_media_life,,,,
ذهب.. ذهب في كل مكان بالكون! | النيرد العربي,https://www.youtube.com/watch?v=7qMQZ7oCfd8,new_media_life,,,,
لماذا عليك أن تخاف من الفشل؟ | عطني دقيقة,https://www.youtube.com/watch?v=9Fy36sCrSRs,new_media_life,,,,
كيف تتأكد من إذن التفتيش في الامارات | بالقانون,https://www.youtube.com/watch?v=xV7ziAXJvvA,new_media_life,,,,
ماذا تعرف عن فيزياء الأجسام الدوارة؟ | النيرد العربي,https://www.youtube.com/watch?v=amHPG3A9spA,new_media_life,,,,
ماذا يمكن أن نتعلم من السيكوباتيين؟ | عطني دقيقة,https://www.youtube.com/watch?v=cVhH3-2Fddo,new_media_life,,,,
احم نفسك من الاستغلال عند استئجار شقة مفروشة في الامارات | بالقانون,https://www.youtube.com/watch?v=7gyPjjRobzE,new_media_life,,,,
كيف يبدو صوت الديناصورات الحقيقي؟ | النيرد العربي,https://www.youtube.com/watch?v=ghCguwGeu7k,new_media_life,,,,
لماذا السعادة لا تساوي الشغف؟ | عطني دقيقة,https://www.youtube.com/watch?v=wEIO5_JnFaQ,new_media_life,,,,
ماذا يترتب على تزوير الوثائق في الإمارات؟ | بالقانون,https://www.youtube.com/watch?v=CxDTSNw76lU,new_media_life,,,,
هل سمعتم من قبل عن نظريتي الانفجار العظيم والكون الزومبي؟ | النيرد العربي,https://www.youtube.com/watch?v=JnJZCX0xHpk,new_media_life,,,,
كيف تقول لا بطرق ذكية؟ | عطني دقيقة,https://www.youtube.com/watch?v=ggClC_KJoL8,new_media_life,,,,
كيف تتعامل بذكاء مع مقاولي البناء؟ | بالقانون,https://www.youtube.com/watch?v=YiBzJGYclRo,new_media_life,,,,
معلومات سالك,https://www.youtube.com/watch?v=iP0uVSZ2oiQ,new_media_life,,,,
عوامل المونتاج يجب أن تخدم النتيجة النهائية في الفيديو | الخبير,https://www.youtube.com/watch?v=XSnbWowRjlQ,new_media_life,,,,
استخدِم الأنسب عند تصوير الفيديو | الخبير,https://www.youtube.com/watch?v=96o_X8Bj7DI,new_media_life,,,,
نقاط يجب الانتباه لها عند تصوير الفيديو | الخبير,https://www.youtube.com/watch?v=Pf34aXGJXOw,new_media_life,,,,
تعديل الصور بدون استخدام برامج | الخبير,https://www.youtube.com/watch?v=7qtdizeCteM,new_media_life,,,,
كيف نتغلب على ضعف المعدات وجودة الصور في الإضاءة المنخفضة؟ | الخبير,https://www.youtube.com/watch?v=Mp1VRpae69Y,new_media_life,,,,
كيف تأقلمت بطلة من الصرع مع مرضها وحققت نجاحات عدة؟ |  عطني دقيقة,https://www.youtube.com/watch?v=l-k2mMrRG5c,new_media_life,,,,
إجازة الحداد والإجازة المرضية في قانون العمل الإماراتي |  شو يقول القانون,https://www.youtube.com/watch?v=q8fVNppTC8U,new_media_life,,,,
هل تعتمد نتائج التصوير على أسعار المعدات وكثرتها؟ |  الخبير,https://www.youtube.com/watch?v=5a1YdXiS4Wo,new_media_life,,,,
كيف تحصل على ما تريد بأكثر الخدع إقناعًا؟ | عطني دقيقة,https://www.youtube.com/watch?v=Iw8jTPJGDWc,new_media_life,,,,
أسرع عملية إنقاذ في الإمارات!,https://www.youtube.com/watch?v=ZHmnIuwcdGs,new_media_life,,,,
إجازات تهمك إذا كنت موظف أو طالب في الإمارات |  شو يقول القانون,https://www.youtube.com/watch?v=5ZV9aDXcVt8,new_media_life,,,,
هل ترغب في احتراف التصوير |  الخبير,https://www.youtube.com/watch?v=aSl6S2FovEw,new_media_life,,,,
هل الأثرياء تعساء حقًا؟ وما هي صحة هذا القول؟ |  عطني دقيقة,https://www.youtube.com/watch?v=8hVMriaW0BQ,new_media_life,,,,
إجازة قانون العمل الإماراتي للأم والأب  | شو يقول القانون,https://www.youtube.com/watch?v=ye76zXZkMwg,new_media_life,,,,
ما هي قواعد التصوير الفنية الأساسية؟ |  الخبير,https://www.youtube.com/watch?v=c18eFdE_vMA,new_media_life,,,,
الحذر واجب! لكن دون المبالغة فيه! |  عطني دقيقة,https://www.youtube.com/watch?v=uQOQp5ajXw0,new_media_life,,,,
احذر أن تقوم بضغط زر النشر لهذا المحتوى! | شو يقول القانون,https://www.youtube.com/watch?v=mBjOU79hpgU,new_media_life,,,,
ماذا تعرف عن تصوير المنتجات؟ | الخبير,https://www.youtube.com/watch?v=aCbiSvpz-uk,new_media_life,,,,
ما حقيقة الشغف وهل هو فعلا موجود؟ | عطني دقيقة,https://www.youtube.com/watch?v=OxU6kpNkoFw,new_media_life,,,,
تعلّم فن تصوير الأشخاص | الخبير,https://www.youtube.com/watch?v=ZypyICpvQXY,new_media_life,,,,
الخبير | فن الفريم في التصوير,https://www.youtube.com/watch?v=tuJLtlhaAlk,new_media_life,,,,
تعلم أهم فنون الإضاءة للتصوير | الخبير,https://www.youtube.com/watch?v=GAWYyuV40CA,new_media_life,,,,
السلاح النووي والحبة السحرية | الجريدة,https://www.youtube.com/watch?v=2ezx5go_5vQ,new_media_life,,,,
ليش المحامي ضروي؟ | شو يقول القانون,https://www.youtube.com/watch?v=86VXkYdTBRg,new_media_life,,,,
فكر قبل ما تصور | الخبير,https://www.youtube.com/watch?v=SPIbpGTFp1U,new_media_life,,,,
لؤي ساهي - كيف تخسر متابعينك؟,https://www.youtube.com/watch?v=fcDQTRBkm8g,new_media_life,,,,
يوتوب تستضيف صانعي المحتوى في أكاديمية الإعلام الجديد,https://www.youtube.com/watch?v=VpTjWvgbsLo,new_media_life,,,,
موسم جديد من الدحيح,https://www.youtube.com/watch?v=moeKh8jCTdc,new_media_life,,,,
مرسال | الحلقة 15 | من تمام النعم,https://www.youtube.com/watch?v=VcppVALWJPo,new_media_life,,,,
مرسال | الحلقة الـ14 | لا تستعجل,https://www.youtube.com/watch?v=AR3OlSD9oqI,new_media_life,,,,
مرسال | الحلقة الـ13 | طالب الله,https://www.youtube.com/watch?v=OE9JP8YPto4,new_media_life,,,,
مرسال | الحلقة الـ12 | المنع والعطاء,https://www.youtube.com/watch?v=__KEGH82Fd4,new_media_life,,,,
التواضع | سيرة,https://www.youtube.com/watch?v=gsc498LmyKk,new_media_life,,,,
مرسال | الحلقة 11 | المطالب,https://www.youtube.com/watch?v=mCPHsWpCzJQ,new_media_life,,,,
مرسال | الحلقة العاشرة | العز,https://www.youtube.com/watch?v=ld1W9ls6vnM,new_media_life,,,,
السلام عليكم | سيرة,https://www.youtube.com/watch?v=RCUZway5UPs,new_media_life,,,,
مرسال | الحلقة التاسعة | البدايات,https://www.youtube.com/watch?v=RXFFrnvyhOA,new_media_life,,,,
مرسال | الحلقة الثامنة | أنت حر,https://www.youtube.com/watch?v=z4tKERDcZlw,new_media_life,,,,
مرسال | الحلقة السابعة | أعرف مقامك,https://www.youtube.com/watch?v=qXg_ML_7XEg,new_media_life,,,,
مرسال | الحلقة السادسة | الشهرة,https://www.youtube.com/watch?v=FAb8Jfl5mvI,new_media_life,,,,
نشيد يا نفس | مصطفى عاطف,https://www.youtube.com/watch?v=qfAz3SMC7nY,new_media_life,,,,
مرسال | الحلقة الخامسة | المبادرة,https://www.youtube.com/watch?v=s65kzHz50wQ,new_media_life,,,,
مرسال | الحلقة الرابعة | الإخلاص,https://www.youtube.com/watch?v=-gDVNdF3WdQ,new_media_life,,,,
مرسال | الحلقة الثالثة | الأنس بالله,https://www.youtube.com/watch?v=WeHPMEOdJ80,new_media_life,,,,
مرسال | الحلقة الثانية | فقدان,https://www.youtube.com/watch?v=iU4jNwuCiRE,new_media_life,,,,
مرسال | الحلقة الأولى | اطمئن,https://www.youtube.com/watch?v=zJnhM58GkQs,new_media_life,,,,
هل تعلم أن في الإمارات 750 مشروع بحاجة لوكيل ضريبي، قد يكون هذا الوكيل انت!,https://www.youtube.com/watch?v=oc-2RblT7_c,new_media_life,,,,
ماذا لاحظت في الفاتورة التي استلمتها ؟,https://www.youtube.com/watch?v=3nSbJIE9Eno,new_media_life,,,,
كيف أصبحت ضريبة القيمة المضافة مصدر مفيد للإقتصاد في دولة الإمارات العربية المتحدة؟,https://www.youtube.com/watch?v=ReYyAyc_hX4,new_media_life,,,,
من حلقة الملل من برنامج الدحيح,https://www.youtube.com/watch?v=QIxn0k_nF0Q,new_media_life,,,,
ما هي الإجابة الصح؟,https://www.youtube.com/watch?v=OXxzX06SUGI,new_media_life,,,,
تساؤلات فريد | من هو الشخص الذي أثر في حياتك للأفضل؟,https://www.youtube.com/watch?v=HnMS0J9nBuU,new_media_life,,,,
قصاصات | أحسن الأخلاق,https://www.youtube.com/watch?v=kpIdjM7Xrkk,new_media_life,,,,
يقولون | ماذا يقولون عن أقصى عمر للإنسان؟,https://www.youtube.com/watch?v=SdgDgcbp5UY,new_media_life,,,,
أصله عربي | العالم المصري أحمد زويل نوبل في الكيمياء,https://www.youtube.com/watch?v=ztachuixmxk,new_media_life,,,,
تساؤلات فريد | لماذا نتبع قرارات الآخرين؟,https://www.youtube.com/watch?v=hp4SFztvgTQ,new_media_life,,,,
يقولون  | المضادات الحيوية تُضعف مناعة الجسم,https://www.youtube.com/watch?v=PZ5CLiLeXSM,new_media_life,,,,
أصله عربي |  البروفيسور عدنان مجلي,https://www.youtube.com/watch?v=m6tb6_v6R9A,new_media_life,,,,
تساؤلات فريد | هل المال يضمن لك النجاح ؟,https://www.youtube.com/watch?v=FZEg4cwjcDA,new_media_life,,,,
قصاصات |  من يضحي للاخرين يكسب إحترام الكل,https://www.youtube.com/watch?v=ciewmBUASe4,new_media_life,,,,
يقولون |  الاضطرابات الشخصية,https://www.youtube.com/watch?v=4SUah3tPBHI,new_media_life,,,,
قصة أغنية - المعازيم محمد عبدو,https://www.youtube.com/watch?v=X9yTohD9g0A,new_media_life,,,,
أصله عربي | ابراهيم سمك,https://www.youtube.com/watch?v=xJ69wOPCZ8E,new_media_life,,,,
#أجمل_شتاء_في_العالم,https://www.youtube.com/watch?v=arqFYwpiDQA,new_media_life,,,,
تساؤلات فريد | هل تقدر تتخيل مدرسة بدون آيباد أو كمبيوتر؟,https://www.youtube.com/watch?v=5-Yy5XCjkdI,new_media_life,,,,
أصله عربي | البروفيسور مايكل إلياس دبغي,https://www.youtube.com/watch?v=f0HH2ca4m1g,new_media_life,,,,
قصاصات | الكسل يولد الفقر,https://www.youtube.com/watch?v=TA--vNvpXF8,new_media_life,,,,
الدحيح | تشارلي شابلن,https://www.youtube.com/watch?v=2GWf-doE-Gg,new_media_life,,,,
عطني الزبدة | ماذا لو؟ إجابات علمية جدية عن أسئلة افتراضية غير معقولة,https://www.youtube.com/watch?v=S8R0TzZdHeY,new_media_life,,,,
تساؤلات فريد | هل النجاح محصور على القلة؟,https://www.youtube.com/watch?v=ULa8omytwzI,new_media_life,,,,
الدحيح | الإيدز,https://www.youtube.com/watch?v=uuy4Qs873mE,new_media_life,,,,
أصله عربي | الشيخ  زايد بن سلطان آل نهيان,https://www.youtube.com/watch?v=AXrTb_J3d1U,new_media_life,,,,
قصة أغنية | حي بالشهامة - حسين الجسمي,https://www.youtube.com/watch?v=GIxJv1YlMWU,new_media_life,,,,
الدحيح | بنحب نحارب,https://www.youtube.com/watch?v=o0D338ZgGzA,new_media_life,,,,
يقولون | الضحك يطيل العمر؟,https://www.youtube.com/watch?v=9tLKgEry570,new_media_life,,,,
عطني الزبدة | ‫قوة اللحظات,https://www.youtube.com/watch?v=cr4N27JO0R4,new_media_life,,,,
الدحيح | الإنسان يمكنه الفوز على الفهد,https://www.youtube.com/watch?v=B6JdDNN0soU,new_media_life,,,,
أصله عربي | هاني شنيب,https://www.youtube.com/watch?v=uvXT2sispIA,new_media_life,,,,
قصة أغنية | أنا وليلى - كاظم الساهر,https://www.youtube.com/watch?v=JjVeUd1vqSE,new_media_life,,,,
تساؤلات فريد | هل تتغير نظرتك للسعادة عند الكبر؟,https://www.youtube.com/watch?v=Xbnx4OmxVL4,new_media_life,,,,
الدحيح | الفيروسات,https://www.youtube.com/watch?v=dbPotaUWC08,new_media_life,,,,
عطني الزبدة | الكل يكذب,https://www.youtube.com/watch?v=i8ngF5-k7Fk,new_media_life,,,,
الدحيح | وجع البنات,https://www.youtube.com/watch?v=V_SwWCz5-8E,new_media_life,,,,
أصله عربي | البروفيسور الفلسطيني منير نايفة,https://www.youtube.com/watch?v=mz5nmgldxpc,new_media_life,,,,
قصة أغنية | حزين - أحلام,https://www.youtube.com/watch?v=eq22hlGNxvU,new_media_life,,,,
تساؤلات فريد |  ما هو السبب بعدم الرضى عن قراراتنا؟,https://www.youtube.com/watch?v=WuYFL-Q6-Xs,new_media_life,,,,
قصاصات | قوّة الاتحاد,https://www.youtube.com/watch?v=UZju5Qhcldg,new_media_life,,,,
الدحيح | تاريخ الفلك,https://www.youtube.com/watch?v=ul2BmQM1XA4,new_media_life,,,,
عطني الزبدة | متى: الأسرار العلمية للتوقيت المثالي,https://www.youtube.com/watch?v=4V1G4vw8WAU,new_media_life,,,,
الدحيح | ركز في اللعب,https://www.youtube.com/watch?v=R6Z1a8tkX-U,new_media_life,,,,
أصله عربي | د.منجد المدرس,https://www.youtube.com/watch?v=e1Cp2yqmPTQ,new_media_life,,,,
الدحيح | نهاية الحرب الباردة,https://www.youtube.com/watch?v=YrDrtS4bnhI,new_media_life,,,,
عطني الزبدة | الإقتصاد كما أشرحه لإبنتي,https://www.youtube.com/watch?v=8vs3laLg_fI,new_media_life,,,,
الدحيح | الحرب الباردة,https://www.youtube.com/watch?v=xXvU3Dr554Y,new_media_life,,,,
أصله عربي |  إلياس زرهوني,https://www.youtube.com/watch?v=HEvdSyZWMeY,new_media_life,,,,
قصاصات | براءة الأطفال,https://www.youtube.com/watch?v=vROjqrWe20Q,new_media_life,,,,
الدحيح | فخر العرب,https://www.youtube.com/watch?v=0gxgHRda7Do,new_media_life,,,,
الدحيح | الكوانتم كمبيوتر,https://www.youtube.com/watch?v=XMrTrxP6ZnQ,new_media_life,,,,
أصله عربي | عدنان رمال,https://www.youtube.com/watch?v=Ia7WHJJEzEo,new_media_life,,,,
الدحيح | دولة المخدرات,https://www.youtube.com/watch?v=gJJDkVFQf8s,new_media_life,,,,
الدحيح | ماكدونالدز,https://www.youtube.com/watch?v=ch7nwiRd7UA,new_media_life,,,,
أصله عربي | محمد عطاالله,https://www.youtube.com/watch?v=c-JbOhaWf6s,new_media_life,,,,
"""قصاصات | ""فَإِنِّي قَرِيبٌ",https://www.youtube.com/watch?v=m1TXgxoz0iw,new_media_life,,,,
الدحيح | هندسة السيارات,https://www.youtube.com/watch?v=Za9EEd2bWlY,new_media_life,,,,
الدحيح | خناقات المتجوزين,https://www.youtube.com/watch?v=lR8SHxBFmC0,new_media_life,,,,
أصله عربي | البروفيسور محمد القماطي,https://www.youtube.com/watch?v=LZanf2EqJEs,new_media_life,,,,
الدحيح | محكمة الفيسبوك,https://www.youtube.com/watch?v=FXBdC9glLn8,new_media_life,,,,
الدحيح | أعظم تجربة في الفيزياء,https://www.youtube.com/watch?v=gPJhjnnBNAs,new_media_life,,,,
أصله عربي | عبد الحليم عمر,https://www.youtube.com/watch?v=OS4JK5RJizw,new_media_life,,,,
قصاصات | اليقين في الرزّاق,https://www.youtube.com/watch?v=W1Sojjlb5uc,new_media_life,,,,
الدحيح | الترجمة,https://www.youtube.com/watch?v=MYANNltgLbk,new_media_life,,,,
الدحيح | هندسة العمارة الطبية,https://www.youtube.com/watch?v=Y27q4vAvfy4,new_media_life,,,,
أصله عربي | حسن كامل الصباح,https://www.youtube.com/watch?v=yl0HsK_-cnM,new_media_life,,,,
تاريخ إكسبو,https://www.youtube.com/watch?v=Z-2lOJ-L8C8,new_media_life,,,,
الدحيح | سفاح الصعيد,https://www.youtube.com/watch?v=bVnoFtZH5iI,new_media_life,,,,
الدحيح | الشرابات,https://www.youtube.com/watch?v=QhmzdMoi96A,new_media_life,,,,
أصله عربي | زها حديد,https://www.youtube.com/watch?v=36pPbOyflqY,new_media_life,,,,
قصاصات | النوايا الطيبة لا تضيع,https://www.youtube.com/watch?v=7LpC-LWLSSk,new_media_life,,,,
الدحيح | الصداع النصفي,https://www.youtube.com/watch?v=gAgan7hxEOA,new_media_life,,,,
الدحيح | العلاج بالحرب,https://www.youtube.com/watch?v=kKWy6cO-Je0,new_media_life,,,,
أصله عربي | البروفيسور شكري شريف,https://www.youtube.com/watch?v=bgqqXVLtojM,new_media_life,,,,
الدحيح | آخر حلقة عن ميسي,https://www.youtube.com/watch?v=gekPW9EUfvg,new_media_life,,,,
الدحيح | تاريخ الكمبيوتر,https://www.youtube.com/watch?v=suhaKEbaf1w,new_media_life,,,,
أصله عربي | البروفيسور بشير حليمي,https://www.youtube.com/watch?v=E4Sy3PRHzTk,new_media_life,,,,
قصاصات | افعل خير تجده,https://www.youtube.com/watch?v=or45hlsoL1g,new_media_life,,,,
الدحيح | الكتاب,https://www.youtube.com/watch?v=DrJ6zNZaSLo,new_media_life,,,,
أهلاً بك في الإمارات العالمية المتحدة,https://www.youtube.com/watch?v=FRLxFcnnul8,new_media_life,,,,
مشاريع الخمسين | تدشين إقامات جديدة,https://www.youtube.com/watch?v=WgxRXxCL460,new_media_life,,,,
مشاريع الخمسين | وزارة شؤون مجلس الوزراء,https://www.youtube.com/watch?v=26dOrstiW74,new_media_life,,,,
مشاريع الخمسين | وزارة الدولة للذكاء الاصطناعي,https://www.youtube.com/watch?v=JfPKt6PVpF0,new_media_life,,,,
مشاريع الخمسين | وزارة دولة للتكنولوجيا المتقدمة,https://www.youtube.com/watch?v=SmEhvGkAZoY,new_media_life,,,,
مشاريع الخمسين | وزارة الاقتصاد,https://www.youtube.com/watch?v=5AoJHDV-8-Y,new_media_life,,,,
مشاريع الخمسين | وزارة الصناعة والتكنولوجيا المتقدمة,https://www.youtube.com/watch?v=9HKwBdwvvKM,new_media_life,,,,
ماذا أنجزت الأكاديمية في 365 يوم؟,https://www.youtube.com/watch?v=NUVgee6GMbc,new_media_life,,,,
مبادىْ الخمسين,https://www.youtube.com/watch?v=IKdkKPNTU78,new_media_life,,,,
الدحيح | جهاز كشف الكذب,https://www.youtube.com/watch?v=_XRzUhWF8ew,new_media_life,,,,
أصله عربي | الدكتور مجدي يعقوب,https://www.youtube.com/watch?v=sHtfGNV6ljs,new_media_life,,,,
الدحيح | أبل,https://www.youtube.com/watch?v=mEdQhWgVxe0,new_media_life,,,,
الدحيح | قصة الأرض,https://www.youtube.com/watch?v=UmIq5LtBMQs,new_media_life,,,,
أصله عربي | البروفيسور عادل محمود,https://www.youtube.com/watch?v=gqanHh-zeFo,new_media_life,,,,
قصاصات | هل المثابرة مفتاح النجاح؟,https://www.youtube.com/watch?v=7dHXkWTuyJc,new_media_life,,,,
الدحيح | الشرير الذي أنقذ العالم,https://www.youtube.com/watch?v=cR2oCAMFnns,new_media_life,,,,
الدحيح | أبوالهول,https://www.youtube.com/watch?v=PR7R3s8ZrWw,new_media_life,,,,
أصله عربي | الدكتورة غادة المطيري,https://www.youtube.com/watch?v=awaoWUPkUCU,new_media_life,,,,
الدحيح | جدار برلين,https://www.youtube.com/watch?v=3IZ36779aQc,new_media_life,,,,
الدحيح | الفئران,https://www.youtube.com/watch?v=2Fe7zm68kD4,new_media_life,,,,
أصله عربي | الدكتور خالد نشوان,https://www.youtube.com/watch?v=JYyuQdXt_J4,new_media_life,,,,
الدحيح | لماذا لا أحب النجاح,https://www.youtube.com/watch?v=qJXZRjFZnbE,new_media_life,,,,
الدحيح | جري الوحوش,https://www.youtube.com/watch?v=ZAvO6QJX8gI,new_media_life,,,,
أصله عربي | دكتور شريف الصفتي,https://www.youtube.com/watch?v=dkWbDmS9jv0,new_media_life,,,,
الدحيح | القلب,https://www.youtube.com/watch?v=H1hGOo0d1Vo,new_media_life,,,,
الدحيح | الأزاريطة,https://www.youtube.com/watch?v=OTnL5TpM_Bs,new_media_life,,,,
أصله عربي | دكتور عبد الله الربيعة,https://www.youtube.com/watch?v=_3sSN1Zrws0,new_media_life,,,,
الدحيح | محمد فوزي,https://www.youtube.com/watch?v=u2a6UKacaU4,new_media_life,,,,
الدحيح | ليه المصريين جامدين في الاسكواش؟,https://www.youtube.com/watch?v=zykcNlnztT4,new_media_life,,,,
أصله عربي | نور الدين مليكشي,https://www.youtube.com/watch?v=HvSdgZOUhS8,new_media_life,,,,
الدحيح | الترانزستور,https://www.youtube.com/watch?v=a8BN5ho9oik,new_media_life,,,,
الدحيح | أخطار الميك أب,https://www.youtube.com/watch?v=-1wq0KL5lvM,new_media_life,,,,
أصله عربي |  صالح الوكيل,https://www.youtube.com/watch?v=3B1R8bFyTa8,new_media_life,,,,
الدحيح | لانش بوكس,https://www.youtube.com/watch?v=7r0U5BbBHPs,new_media_life,,,,
الدحيح | عمليات التجميل,https://www.youtube.com/watch?v=YN16vJRqCGQ,new_media_life,,,,
أصله عربي | أحمد المهيري,https://www.youtube.com/watch?v=0Y8Z_hy8yMM,new_media_life,,,,
الدحيح | رحمة الموت,https://www.youtube.com/watch?v=wKi0ETe_zY8,new_media_life,,,,
الدحيح | الدورة الشهرية,https://www.youtube.com/watch?v=PIn-givpaE0,new_media_life,,,,
أصله عربي | حياة سندي,https://www.youtube.com/watch?v=6k49nxc0lVY,new_media_life,,,,
الدحيح | سمكة القرش,https://www.youtube.com/watch?v=cOch7WzE86o,new_media_life,,,,
الدحيح | الشيخوخة,https://www.youtube.com/watch?v=NW5DLCWdsbs,new_media_life,,,,
أصله عربي | حاتم زغلول,https://www.youtube.com/watch?v=efGf5qwj4gs,new_media_life,,,,
الدحيح | هل الارض مسطحة؟,https://www.youtube.com/watch?v=QPaI8xVWBjY,new_media_life,,,,
الدحيح | خمر الصالحين,https://www.youtube.com/watch?v=NNEhETUAPQQ,new_media_life,,,,
أصله عربي | هاني عازر,https://www.youtube.com/watch?v=ad8VqzvlJT0,new_media_life,,,,
الدحيح | أين ذهبت النساء؟,https://www.youtube.com/watch?v=x_fW3gRHp2M,new_media_life,,,,
الدحيح | الملل,https://www.youtube.com/watch?v=tLUqvthSY6s,new_media_life,,,,
أصله عربي | رشيد اليزمي,https://www.youtube.com/watch?v=hXMbckpgqFs,new_media_life,,,,
حديث البلد!!,https://www.youtube.com/watch?v=rXAKQ_b77EA,new_media_life,,,,
!!!ضريبة يوتيوب,https://www.youtube.com/watch?v=nQU37yJ2Qw8,new_media_life,,,,
The Emirates Success Stories - Majd Naji | أرض الفرص – مجد ناجي,https://www.youtube.com/watch?v=uSnV4M9MBa4,new_media_life,,,,
The Emirates Success Stories - Mina Al Sheikhly | أرض الفرص – مينا الشيخلي,https://www.youtube.com/watch?v=fDtBNkdyuxI,new_media_life,,,,
The Emirates Success Stories - Maya Ahmad | أرض الفرص – مايا أحمد,https://www.youtube.com/watch?v=ZKux1OEO2nM,new_media_life,,,,
هل يستطيع متحف دبي هذا التنبؤ بالمستقبل؟,https://www.youtube.com/watch?v=CpeMzCpeuxw,new_media_life,,,,
The Emirates Success Stories - Mohanad Alwadiya | أرض الفرص – مهنّد الوادية,https://www.youtube.com/watch?v=3EaNT3pYV80,new_media_life,,,,
جولة مغامرات في حتّا - شو الترتيب,https://www.youtube.com/watch?v=r2tq3fhk05M,new_media_life,,,,
أفعال مجنونة لشهرة السوشال ميديا - شسّالفة,https://www.youtube.com/watch?v=kqPo18D36X0,new_media_life,,,,
الحديقة الجيولوجية بالبحيص - شو الترتيب,https://www.youtube.com/watch?v=XupbZnxrbkw,new_media_life,,,,
سلامة الطفل عبر السوشال ميديا - شسّالفة,https://www.youtube.com/watch?v=Um004YJsG4E,new_media_life,,,,
Dubai Success Stories - دبي أرض الفرص,https://www.youtube.com/watch?v=9Lj0wc1Jim8,new_media_life,,,,
التنمّر الإلكتروني - شسّالفة,https://www.youtube.com/watch?v=CxMQIn-pg3o,new_media_life,,,,
شو آخرتها مع الفلاتر!؟؟ - شسّالفة,https://www.youtube.com/watch?v=4Vh6w9yVCWo,new_media_life,,,,
Let's Go - The Emirates,https://www.youtube.com/watch?v=G_cf-dPyeqg,new_media_life,,,,
لماذا ندمن السوشال ميديا؟ - شسّالفة,https://www.youtube.com/watch?v=CvEZVDEYSzQ,new_media_life,,,,
هذه هي الإمارات - #أجمل_شتاء_في_العالم,https://www.youtube.com/watch?v=jGet2d3Tc4E,new_media_life,,,,
اللياقة والرياضات - أجمل شتاء في العالم,https://www.youtube.com/watch?v=vAnMur3nv7w,new_media_life,,,,
المغامرات في الإمارات - أجمل شتاء في العالم,https://www.youtube.com/watch?v=E6pJ0Tnib8M,new_media_life,,,,
الطعام في الإمارات - أجمل شتاء في العالم,https://www.youtube.com/watch?v=ybrI_BWgzA8,new_media_life,,,,
أرقام مذهلة بعد تحديث واتساب الجديد - شسّالفة,https://www.youtube.com/watch?v=pgywKeA57UI,new_media_life,,,,
جمال خورفكّان - شو الترتيب,https://www.youtube.com/watch?v=oYvsLb2ZfoU,new_media_life,,,,
أجمل شتاء في العالم - إمارات العراقة والتسامح,https://www.youtube.com/watch?v=oDjOBg8t1Ec,new_media_life,,,,
كيف يكون التواصل الفعّال مع الجمهور؟ - شسّالفة 2,https://www.youtube.com/watch?v=RX3v0G9heXw,new_media_life,,,,
الإمارات 2020,https://www.youtube.com/watch?v=9w9Hx3qZaA0,new_media_life,,,,
قصة الطبق الطائر بالشارقة - شو الترتيب,https://www.youtube.com/watch?v=w5wzlbwuZwU,new_media_life,,,,
عالم بدون أوراق مالية! - اقتصاديّات,https://www.youtube.com/watch?v=KLJjQn4ag0c,new_media_life,,,,
قصص الأنبياء في حديقة؟؟ - شو الترتيب,https://www.youtube.com/watch?v=k8eNi9bpzSE,new_media_life,,,,
زوجة لا تغار؟؟ - حلو ومر,https://www.youtube.com/watch?v=kFYhG7pydag,new_media_life,,,,
تعديل قانون الكفيل بالإمارات - اقتصاديات 2,https://www.youtube.com/watch?v=kOIc5f2J0cE,new_media_life,,,,
حديقة المعجزات ميراكل جاردن - شو الترتيب,https://www.youtube.com/watch?v=SjCL6E-YNE0,new_media_life,,,,
نتيجة الترتيب للخروج مع أصدقاء - حلو ومر,https://www.youtube.com/watch?v=fhG-3aCe2kE,new_media_life,,,,
أهو أفضل وقت لشراء منزل جديد؟ - اقتصاديّات 2,https://www.youtube.com/watch?v=QriKjHZvHng,new_media_life,,,,
حصرياً أول نظرة على آثار في أم القيوين - شو الترتيب,https://www.youtube.com/watch?v=T0xPdQfS_Qg,new_media_life,,,,
Best of - كوووفي,https://www.youtube.com/watch?v=ihnpmPYMc1o,new_media_life,,,,
أقدّم على وظائف بس بدون فايدة - شسّالفة,https://www.youtube.com/watch?v=ZlZZhFn_CGs,new_media_life,,,,
"كيف تم كشف أمر عبدو والـ ""ماسك""؟ - حلو ومر",https://www.youtube.com/watch?v=VEPBl91LcTY,new_media_life,,,,
كيف يستفيد التجّار من العقود الآجلة؟ - اقتصاديّات,https://www.youtube.com/watch?v=aTC82iX2_kA,new_media_life,,,,
جولة في أسواق الشارقة القديمة - شو الترتيب,https://www.youtube.com/watch?v=SKhAK2aNxmk,new_media_life,,,,
ملايين يعيشون من القهوة - كوووفي,https://www.youtube.com/watch?v=0R6FGG9cMaM,new_media_life,,,,
أضاع الطريق! - حلو ومر,https://www.youtube.com/watch?v=jacV2EcWTEM,new_media_life,,,,
المشي على زجاج معلّق ببرواز دبي - شو الترتيب,https://www.youtube.com/watch?v=KuJ_eNsG2Tg,new_media_life,,,,
كيف تنزع الكافيين من القهوة؟ - كوووفي,https://www.youtube.com/watch?v=ZLdyV_BzmZc,new_media_life,,,,
نسي عيد زواجهما - حلو ومر,https://www.youtube.com/watch?v=H8MtPkymaHk,new_media_life,,,,
كيف تقاس صحة اقتصاد الدول - اقتصاديّات,https://www.youtube.com/watch?v=C27FLyvk8aI,new_media_life,,,,
ماذا يوجد على جزيرة النور؟ - شو الترتيب,https://www.youtube.com/watch?v=3rDs8bvEdss,new_media_life,,,,
هل هناك مبالغة بأسعار القهوة؟ - كوووفي,https://www.youtube.com/watch?v=77GCDUBIgpc,new_media_life,,,,
مريض ولكن - حلو ومر,https://www.youtube.com/watch?v=XQToEcvUqTQ,new_media_life,,,,
قريباً - حلُو ومُر,https://www.youtube.com/watch?v=oG2KrSf3IEk,new_media_life,,,,
Teaser - شو الترتيب,https://www.youtube.com/watch?v=nq5StJiNeI0,new_media_life,,,,
أرقام ماليّة هامة عليك معرفتها - اقتصاديّات,https://www.youtube.com/watch?v=_tfNZki9Xkk,new_media_life,,,,
كيف تتغير القهوة بعد معالجتها؟ - كوووفي,https://www.youtube.com/watch?v=XHwkLyY2Mdc,new_media_life,,,,
شسّالفة - Best of,https://www.youtube.com/watch?v=K2E9wQERtcU,new_media_life,,,,
كيف تكون متداول ناجح؟ - اقتصاديّات,https://www.youtube.com/watch?v=QD6Pz--TyXY,new_media_life,,,,
معلومات تجدها على أكياس القهوة - كوووفي,https://www.youtube.com/watch?v=er0FFynvceI,new_media_life,,,,
شسّالفة - Among Us سبب شهرة لعبة,https://www.youtube.com/watch?v=0TlLfNxihsE,new_media_life,,,,
خمسة ترليون دولار يومياً في سوق العملات - اقتصاديات,https://www.youtube.com/watch?v=wE2vV0pSkaQ,new_media_life,,,,
أساطير وخرافات عن القهوة - كوووفي,https://www.youtube.com/watch?v=zvpu4luG_QI,new_media_life,,,,
وجدت وظيفة على لينكد إن - شسّالفة,https://www.youtube.com/watch?v=Ef2KPoAg1Hw,new_media_life,,,,
التوظيف في القطاع الخاص - اقتصاديات,https://www.youtube.com/watch?v=DqRO-Q-q_t0,new_media_life,,,,
أنواع القهوة حول العالم - كوووفي,https://www.youtube.com/watch?v=P9uKNPhSfbc,new_media_life,,,,
"كيف تتعامل مع منصة ""لينكد إن"" - شسّالفة",https://www.youtube.com/watch?v=Eo4LG7ElVV4,new_media_life,,,,
دعم الحكومات للاقتصاد خلال أزمة كورونا - اقتصاديّات,https://www.youtube.com/watch?v=AnTyuZH04Vs,new_media_life,,,,
قصة القطيع الذي شرب القهوة - كوووفي,https://www.youtube.com/watch?v=A-0mtJE4mE4,new_media_life,,,,
كيف تزيد المشاهدات وتكسب المال - شسّالفة,https://www.youtube.com/watch?v=zSjeAtgniX0,new_media_life,,,,
بين وادي السيليكون وقرى الإمارات - ممكن نتعرّف,https://www.youtube.com/watch?v=unmNVQFTLmk,new_media_life,,,,
لا تسأل البنت عن عمرها أو...؟ - ممكن نتعرّف,https://www.youtube.com/watch?v=AeB0iEje480,new_media_life,,,,
فروق بسيطة تحسّن طعم القهوة - كوووفي,https://www.youtube.com/watch?v=OrV4HcoKGrA,new_media_life,,,,
أكبر خطأ تم ارتكابه على يوتيوب - شسّالفة,https://www.youtube.com/watch?v=J8YGwrHrr0M,new_media_life,,,,
الدرون والتصوير - ممكن نتعرّف,https://www.youtube.com/watch?v=Xm48lEX6HhA,new_media_life,,,,
محللة كرة قدم وأخرى عاشقة جيم بوي! - ممكن نتعرّف,https://www.youtube.com/watch?v=ZZfi4UWAj3Q,new_media_life,,,,
محتواك على يوتيوب تحت الأنظار - شسّالفة,https://www.youtube.com/watch?v=3yUxBsiG7S0,new_media_life,,,,
ملاكمة إماراتية تلقّن غيث درساً لن ينساه - ممكن نتعرّف,https://www.youtube.com/watch?v=lGFYnhg05RA,new_media_life,,,,
كيف تضمن نجاح مشاريعك - ممكن نتعرّف,https://www.youtube.com/watch?v=XCsDhzJ-nl0,new_media_life,,,,
كيف يرفع تيك توك نسب استماع الأغاني - شسّالفة,https://www.youtube.com/watch?v=P3pRYIvDg50,new_media_life,,,,
صوتها سيدهشك - ممكن نتعرّف,https://www.youtube.com/watch?v=gM8hXGkaBhw,new_media_life,,,,
تصريحات نارية بعد الزواج - ممكن نتعرّف,https://www.youtube.com/watch?v=PlkrTlJPzVk,new_media_life,,,,
هل سيتم حظر الموسيقى على تيك توك؟ - شسّالفة,https://www.youtube.com/watch?v=_8W4DMMtcq0,new_media_life,,,,
كيف تساعد ذاتك حين تساعد الآخرين - ممكن نتعرّف,https://www.youtube.com/watch?v=qIFsCrSyslQ,new_media_life,,,,
زيادة فرص نجاح استثمارك - ممكن نتعرّف,https://www.youtube.com/watch?v=uZpeUG52LDA,new_media_life,,,,
مشاهدات خيالية على تيك توك! كيف؟ - شسّالفة,https://www.youtube.com/watch?v=OP40J8VXhGk,new_media_life,,,,
إماراتي يتحدّث اليابانية - ممكن نتعرّف,https://www.youtube.com/watch?v=p9JK6V8YI-g,new_media_life,,,,
كن مؤثّراً محترفاً مع أكاديمية الإعلام الجديد,https://www.youtube.com/watch?v=-2V_JgxXWOs,new_media_life,,,,
محمد بن راشد يفتتح أكاديمية الإعلام الجديد,https://www.youtube.com/watch?v=YCYv4anbiDU,new_media_life,,,,
Innovating the Future: Ideas into Impact,https://www.youtube.com/watch?v=ZeZLVzRK-ic,museum_of_the_future متحف المستقبل,,,,
Designing the Future: Where Design Meets Identity,https://www.youtube.com/watch?v=P4ZBJtH53ZY,museum_of_the_future متحف المستقبل,,,,
Innovating the Future: Grounded in the Region,https://www.youtube.com/watch?v=sNel9ksqvJU,museum_of_the_future متحف المستقبل,,,,
"Experience tomorrow, today | Museum of the Future and SAP",https://www.youtube.com/watch?v=WxbQGXe9qK4,museum_of_the_future متحف المستقبل,,,,
"Front of Future: One Experience, Many Perspectives",https://www.youtube.com/watch?v=ZJGifhB3Un8,museum_of_the_future متحف المستقبل,,,,
Ramadan Stories at the Museum of the Future: A Journey to the Stars,https://www.youtube.com/watch?v=apwjadV79g4,museum_of_the_future متحف المستقبل,,,,
Ramadan Stories at the Museum of the Future: Protecting Life for the Future,https://www.youtube.com/watch?v=rfQT30avHyc,museum_of_the_future متحف المستقبل,,,,
Ramadan Stories at the Museum of the Future: The Inhabitants of Tomorrow,https://www.youtube.com/watch?v=pSYknxrAT9U,museum_of_the_future متحف المستقبل,,,,
Ramadan Stories at the Museum of the Future: Building the Future in Dubai,https://www.youtube.com/watch?v=h4Nil4NBNcc,museum_of_the_future متحف المستقبل,,,,
"Young Arab Media Leaders: Shaping Tomorrow, Together",https://www.youtube.com/watch?v=xNOesOzkzkc,museum_of_the_future متحف المستقبل,,,,
Front of Future: Shared Curiosity,https://www.youtube.com/watch?v=yeGXtv2Hknc,museum_of_the_future متحف المستقبل,,,,
Desert Futures | Museum of the Future and Emirates,https://www.youtube.com/watch?v=igO1QntWIjY,museum_of_the_future متحف المستقبل,,,,
"Young Arab Media Leaders: A Story of Growth, Support and Ambition",https://www.youtube.com/watch?v=bno0nmCDW5U,museum_of_the_future متحف المستقبل,,,,
Museum of the Future Masterclass: Waciny Laredj on the Art of Writing in Times of Transformation,https://www.youtube.com/watch?v=0KnWpVh0DRw,museum_of_the_future متحف المستقبل,,,,
Front of Future: Shaping Every Experience,https://www.youtube.com/watch?v=nV416YXKjOQ,museum_of_the_future متحف المستقبل,,,,
Young Arab Media Leaders: The Law’s Voice in Media,https://www.youtube.com/watch?v=WvrpdXdYC6M,museum_of_the_future متحف المستقبل,,,,
Young Arab Media Leaders: Words as the Drivers of Change,https://www.youtube.com/watch?v=JyQyZ9LkXYA,museum_of_the_future متحف المستقبل,,,,
"54 Years, United in our Journey",https://www.youtube.com/watch?v=WVR3su45mFE,museum_of_the_future متحف المستقبل,,,,
Front of Future: Journeys of Discovery,https://www.youtube.com/watch?v=Te5o36awM7g,museum_of_the_future متحف المستقبل,,,,
Ep. 10: Change Starts With Us | Docuseries: What Does the Future Hold? - Season 3,https://www.youtube.com/watch?v=YYaArJpmpLU,museum_of_the_future متحف المستقبل,,,,
"Urban Future Week: Building Smarter, More Resilient Cities",https://www.youtube.com/watch?v=gIHbPVg0SDY,museum_of_the_future متحف المستقبل,,,,
Museum of the Future Masterclass: Sahel Al Hiyari on Observations on Architecture,https://www.youtube.com/watch?v=Fh-0ZMIFVm4,museum_of_the_future متحف المستقبل,,,,
Front of Future: Stories from Tomorrow,https://www.youtube.com/watch?v=4HDvEjI0C-0,museum_of_the_future متحف المستقبل,,,,
"Museum of the Future Masterclass: Dia Al-Azzawi on Contemporary Arab Art, Tradition & Innovation.",https://www.youtube.com/watch?v=7B2EwVNHlv0,museum_of_the_future متحف المستقبل,,,,
Shaping the Future Together | Museum of the Future and Dubai Municipality,https://www.youtube.com/watch?v=A2C-WSI164Q,museum_of_the_future متحف المستقبل,,,,
Front of Future: Inspiring Interactions,https://www.youtube.com/watch?v=UMAS4XfwFs4,museum_of_the_future متحف المستقبل,,,,
Front of Future: Guest Encounters,https://www.youtube.com/watch?v=bP9UuNLM1DU,museum_of_the_future متحف المستقبل,,,,
Front of Future: People Behind the Experience,https://www.youtube.com/watch?v=In86Nmn0lIs,museum_of_the_future متحف المستقبل,,,,
"This Emirati Women’s Day, We Honour a Legacy of Strength and Pride",https://www.youtube.com/watch?v=dGUst5s3h_s,museum_of_the_future متحف المستقبل,,,,
الحلقة العاشرة من بودكاست أسئلة لا نهائية - بطاريات عملاقة… على القمر!,https://www.youtube.com/watch?v=MoUVpqi-8rU,museum_of_the_future متحف المستقبل,,,,
الحلقة التاسعة من بودكاست أسئلة لا نهائية - هل أذهب إلى الطبيب، أم المهندس؟,https://www.youtube.com/watch?v=0ER-4X1jpPA,museum_of_the_future متحف المستقبل,,,,
الحلقة الثامنة من بودكاست أسئلة لا نهائية: الانتقال اللحظي,https://www.youtube.com/watch?v=fWtwKryRxIc,museum_of_the_future متحف المستقبل,,,,
الحلقة السابعة من بودكاست أسئلة لا نهائية: شركة تعدين الكويكبات,https://www.youtube.com/watch?v=rjQK8nJOhu0,museum_of_the_future متحف المستقبل,,,,
النظرة المستقبلية توحّد الشعوب | Museum of the Future Chairman: A Future Vision Unites Nations,https://www.youtube.com/watch?v=Sl-BqNyZO_I,museum_of_the_future متحف المستقبل,,,,
الحلقة السادسة من بودكاست أسئلة لا نهائية: الاستحواذ على الشمس,https://www.youtube.com/watch?v=PVxIkRw3cFM,museum_of_the_future متحف المستقبل,,,,
الحلقة الخامسة من بودكاست أسئلة لا نهائية: بوابة، ثقب، أم آلة زمن؟,https://www.youtube.com/watch?v=FZJc-EaSAxQ,museum_of_the_future متحف المستقبل,,,,
Ep. 06: Justice for Our Planet | Docuseries: What Does the Future Hold? - Season 3,https://www.youtube.com/watch?v=zJHjjDYnwJ8,museum_of_the_future متحف المستقبل,,,,
Ep. 02: The Future Is a Skill | Docuseries: What Does the Future Hold? - Season 3,https://www.youtube.com/watch?v=sCiN6144OuA,museum_of_the_future متحف المستقبل,,,,
Season 3: What Does the Future Hold?,https://www.youtube.com/watch?v=xwtbz61y6Ik,museum_of_the_future متحف المستقبل,,,,
Ep. 08: Life in Outer Space | Docuseries: What Does the Future Hold? - Season 3,https://www.youtube.com/watch?v=_6R3m25izio,museum_of_the_future متحف المستقبل,,,,
Ep. 04: Images of Our Future | Docuseries: What Does the Future Hold? - Season 3,https://www.youtube.com/watch?v=bzYrQhbl4Hk,museum_of_the_future متحف المستقبل,,,,
Ep. 09: Using Data as Art | Docuseries: What Does the Future Hold? - Season 3,https://www.youtube.com/watch?v=WKl3_B15uvk,museum_of_the_future متحف المستقبل,,,,
Ep. 03: Coral Reefs at Risk | Docuseries: What Does the Future Hold? - Season 3,https://www.youtube.com/watch?v=Q37zoMAgkpg,museum_of_the_future متحف المستقبل,,,,
Ep. 07: How to Talk to Other Species | Docuseries: What Does the Future Hold? - Season 3,https://www.youtube.com/watch?v=A-buZjf-uFo,museum_of_the_future متحف المستقبل,,,,
Ep. 01: Safe A.I. for All | Docuseries: What Does the Future Hold? - Season 3,https://www.youtube.com/watch?v=aelO5Oi2LQ8,museum_of_the_future متحف المستقبل,,,,
Ep. 05: Live Smart with A.I. | Docuseries: What Does the Future Hold? - Season 3,https://www.youtube.com/watch?v=-lN4fsUPSUc,museum_of_the_future متحف المستقبل,,,,
الحلقة الرابعة من أسئلة لا نهائية: الإنسان ما بعد الإنسانية,https://www.youtube.com/watch?v=8rJuz5ib2vE,museum_of_the_future متحف المستقبل,,,,
الحلقة الثالثة من أسئلة لا نهائية: أجيال المعلومات,https://www.youtube.com/watch?v=Vy82SHNOSqg,museum_of_the_future متحف المستقبل,,,,
الحلقة الثانية من أسئلة لا نهائية: الأرض أجمل من بعيد,https://www.youtube.com/watch?v=A3GDUTgzTdg,museum_of_the_future متحف المستقبل,,,,
الحلقة الأولى من أسئلة لا نهائية: مستقبل المستقبل,https://www.youtube.com/watch?v=jtbl2VhuJI0,museum_of_the_future متحف المستقبل,,,,
Stories of Dubai: A Future Set to Sail,https://www.youtube.com/watch?v=09Klkuz5yO8,museum_of_the_future متحف المستقبل,,,,
The Future is now: Inside the Dubai’s most iconic building,https://www.youtube.com/watch?v=puhOKIjaI48,museum_of_the_future متحف المستقبل,,,,
POV: صباح العيد 2025,https://www.youtube.com/watch?v=BvKdpafqJJE,museum_of_the_future متحف المستقبل,,,,
Stories of Dubai: A Taste of Connection,https://www.youtube.com/watch?v=Q6uFso3IzJc,museum_of_the_future متحف المستقبل,,,,
Meet Dubai Creatives: The Magic of Cinema,https://www.youtube.com/watch?v=vc9pFRGdaRg,museum_of_the_future متحف المستقبل,,,,
Meet Dubai Creatives: A New Chapter in Storytelling,https://www.youtube.com/watch?v=KQmDxzykdwQ,museum_of_the_future متحف المستقبل,,,,
Meet Dubai Creatives: Shaping the Future of Food,https://www.youtube.com/watch?v=XTQ4k7kVfac,museum_of_the_future متحف المستقبل,,,,
Meet Dubai Creatives: Dubai's Viral Treat Lands in Texas,https://www.youtube.com/watch?v=VP7L7pQC36E,museum_of_the_future متحف المستقبل,,,,
Meet Dubai Creatives: Tradition and Innovation in Arabic Calligraphy,https://www.youtube.com/watch?v=YceJeqneGXo,museum_of_the_future متحف المستقبل,,,,
Stories of Dubai: The Evolution of Arabic Calligraphy,https://www.youtube.com/watch?v=qTJnSRFDY7A,museum_of_the_future متحف المستقبل,,,,
Stories of Dubai: A Living Ode to the City,https://www.youtube.com/watch?v=MxP0M1n1RB8,museum_of_the_future متحف المستقبل,,,,
دبي أرض الحالمين - الأغنية الرسمية,https://www.youtube.com/watch?v=6ReHNx4rARI,museum_of_the_future متحف المستقبل,,,,
Stories of Dubai: The City Through an Artist’s Eyes,https://www.youtube.com/watch?v=uySPQyftELE,museum_of_the_future متحف المستقبل,,,,
Eid Al Etihad 53,https://www.youtube.com/watch?v=D5MkF0KRU38,museum_of_the_future متحف المستقبل,,,,
"Stories of Dubai: With Every Melody, a Narrative Unfolds",https://www.youtube.com/watch?v=EWqmYdnNodA,museum_of_the_future متحف المستقبل,,,,
Aviation Future Week,https://www.youtube.com/watch?v=p39tnFpMc88,museum_of_the_future متحف المستقبل,,,,
"Emirati Women’s Day: Honouring the Past, Shaping the Future",https://www.youtube.com/watch?v=mUdDRyuip8Q,museum_of_the_future متحف المستقبل,,,,
Stories of Dubai: How Dubai’s Rich Culinary Heritage Blends with Global Flavours,https://www.youtube.com/watch?v=8UIzacOrCMM,museum_of_the_future متحف المستقبل,,,,
Tomorrow Today with Ahmad: Ameca,https://www.youtube.com/watch?v=gB-cQ2bLuXc,museum_of_the_future متحف المستقبل,,,,
The AI Revolution That’s Reinventing Engineering in Dubai,https://www.youtube.com/watch?v=MFgVeI7rRww,museum_of_the_future متحف المستقبل,,,,
Tomorrow Today with Ahmad: Sand Wall,https://www.youtube.com/watch?v=zeP1wS2Jq_o,museum_of_the_future متحف المستقبل,,,,
Stories of Dubai: The Art of Reimagining Cultural Identity,https://www.youtube.com/watch?v=1f_gPZGxKXw,museum_of_the_future متحف المستقبل,,,,
Tomorrow Today with Ahmad: Full Metallic Jacket (Silver Edition),https://www.youtube.com/watch?v=QqrgWHbQc54,museum_of_the_future متحف المستقبل,,,,
Tomorrow Today with Ahmad: Paro,https://www.youtube.com/watch?v=NFP_uf8vcIQ,museum_of_the_future متحف المستقبل,,,,
Saving Coral Reefs in Dubai,https://www.youtube.com/watch?v=h6i6h3Xr-W0,museum_of_the_future متحف المستقبل,,,,
Stories of Dubai: A Generational Journey Through Weaving,https://www.youtube.com/watch?v=OHVNy9w4m9c,museum_of_the_future متحف المستقبل,,,,
Tomorrow Today with Ahmad: Chairless Chair 2.0,https://www.youtube.com/watch?v=OgNRRF290Ds,museum_of_the_future متحف المستقبل,,,,
Welcome to the Museum of the Future,https://www.youtube.com/watch?v=lj0xUVEfcWw,museum_of_the_future متحف المستقبل,,,,
Tomorrow Today with Ahmad: Coconut Husk Structural Panel,https://www.youtube.com/watch?v=SmFN3hC3IQ8,museum_of_the_future متحف المستقبل,,,,
Are Vertical Farms the Future of Agriculture?,https://www.youtube.com/watch?v=qqlpiyx_3FE,museum_of_the_future متحف المستقبل,,,,
Ep. 02: Augmented Humanity | Docuseries: What Does the Future Hold? - Season 2,https://www.youtube.com/watch?v=uuaMBkd7QeU,museum_of_the_future متحف المستقبل,,,,
Ep. 04: The Art of Foresight | Docuseries: What Does the Future Hold?,https://www.youtube.com/watch?v=s-4VMkQivVo,museum_of_the_future متحف المستقبل,,,,
What Defines the Museum of the Future as a Museum?,https://www.youtube.com/watch?v=b8cmxX6rBWA,museum_of_the_future متحف المستقبل,,,,
ما هو 'متحف المستقبل'؟,https://www.youtube.com/watch?v=cLpkLqlDqzs,museum_of_the_future متحف المستقبل,,,,
The Future of Takeaways In Dubai,https://www.youtube.com/watch?v=qV07p9C0T_I,museum_of_the_future متحف المستقبل,,,,
Ep. 03: Our Changing World | Docuseries: What Does the Future Hold? - Season 2,https://www.youtube.com/watch?v=ia8Nz5DFm7E,museum_of_the_future متحف المستقبل,,,,
How Did This Animal Survive Extinction in Dubai?,https://www.youtube.com/watch?v=DxOwG4aMLyI,museum_of_the_future متحف المستقبل,,,,
Stories of Dubai: Past and Present Narratives | Ramadan Edition,https://www.youtube.com/watch?v=NvS_Vgvdb5s,museum_of_the_future متحف المستقبل,,,,
Ep. 01: The Age of AI | Docuseries: What Does the Future Hold ? - Season 2,https://www.youtube.com/watch?v=JJLb5bfoLGI,museum_of_the_future متحف المستقبل,,,,
Ep. 00: Astronauts | Docuseries: What Does The Future Hold? - Season 2,https://www.youtube.com/watch?v=TjI3z8T5fvg,museum_of_the_future متحف المستقبل,,,,
Stories of Dubai: Bridging Cultures Through Dubai’s Islamic Architecture | Ramadan Edition,https://www.youtube.com/watch?v=Mi337nM6nqE,museum_of_the_future متحف المستقبل,,,,
Season 2: What Does the Future Hold?,https://www.youtube.com/watch?v=LPEJdLKHUhY,museum_of_the_future متحف المستقبل,,,,
Stories of Dubai: Fostering Unity through Design | Ramadan Edition,https://www.youtube.com/watch?v=UFrU4c4WID4,museum_of_the_future متحف المستقبل,,,,
Stories of Dubai: Honouring the Traditions of the Past | Ramadan Edition,https://www.youtube.com/watch?v=4KwFL7IIU3c,museum_of_the_future متحف المستقبل,,,,
Stories of Dubai: Painting the City’s Cultural Landscape,https://www.youtube.com/watch?v=GdLuTisMo0E,museum_of_the_future متحف المستقبل,,,,
Stories of Dubai: The Influence of Dubai's Architectural Past on Modern Design,https://www.youtube.com/watch?v=3a0UrYm_1kA,museum_of_the_future متحف المستقبل,,,,
Stories of Dubai: How the City Shapes an Artist’s Perspective,https://www.youtube.com/watch?v=PIJDunRQwEE,museum_of_the_future متحف المستقبل,,,,
Happy 52nd UAE National Day,https://www.youtube.com/watch?v=b0vMjrhg9O4,museum_of_the_future متحف المستقبل,,,,
Ep15: Policy and Regulation — Governing Our Future Together | Docuseries: What Does The Future Hold?,https://www.youtube.com/watch?v=6qCZsccWres,museum_of_the_future متحف المستقبل,,,,
Ep14:  Preparing the Next Generation of Futurists |  | Docuseries: What Does The Future Hold?,https://www.youtube.com/watch?v=DYS4xb666Ls,museum_of_the_future متحف المستقبل,,,,
Ep13: The Future of Futurism — Creativity is Crucial | Docuseries: What Does The Future Hold?,https://www.youtube.com/watch?v=tKoxRtj0rFk,museum_of_the_future متحف المستقبل,,,,
Ep. 12: Foresight — How to See Into the Future | Docuseries: What Does The Future Hold?,https://www.youtube.com/watch?v=qCDhDhT-HEI,museum_of_the_future متحف المستقبل,,,,
"Ep11: Data: Identity, Governance, Privacy | Docuseries: What Does The Future Hold?",https://www.youtube.com/watch?v=RUmI0M0upm0,museum_of_the_future متحف المستقبل,,,,
Ep10: Living Virtually — Metaverse vs Multiverse | Docuseries: What Does The Future Hold?,https://www.youtube.com/watch?v=85fno45i3v0,museum_of_the_future متحف المستقبل,,,,
Climate Future Week,https://www.youtube.com/watch?v=56oYmgboq_Q,museum_of_the_future متحف المستقبل,,,,
Get Ready for Climate Future Week at the Museum of the Future,https://www.youtube.com/watch?v=B2HOaVYds8U,museum_of_the_future متحف المستقبل,,,,
Dr. Ayesha Alkhoori: Converting Carbon Dioxide for a Greener Future - Climate Future Week,https://www.youtube.com/watch?v=6371p4xe0w4,museum_of_the_future متحف المستقبل,,,,
Peter Ahn: Pioneering Green Gastronomy - Climate Future Week,https://www.youtube.com/watch?v=NSWqcU7JefE,museum_of_the_future متحف المستقبل,,,,
Abdullatif Al Banna: Reimagining Sustainable Agriculture - Climate Future Week,https://www.youtube.com/watch?v=ZAPJ6EgtKMQ,museum_of_the_future متحف المستقبل,,,,
Arthur Huang: Repurposing Local Resources - Climate Future Week 2023,https://www.youtube.com/watch?v=OgQkHmJNTYM,museum_of_the_future متحف المستقبل,,,,
Ep9: Space Law — Order in the Universe | Docuseries: What Does The Future Hold?,https://www.youtube.com/watch?v=hkyRckC_Ipc,museum_of_the_future متحف المستقبل,,,,
6 Questions with Sultan Al Neyadi,https://www.youtube.com/watch?v=wS7NgksLFBc,museum_of_the_future متحف المستقبل,,,,
Ep8: Beyond Earth — Humans as an Interplanetary Species | Docuseries: What Does The Future Hold,https://www.youtube.com/watch?v=ZD2jPlxYoJE,museum_of_the_future متحف المستقبل,,,,
Sultan Al-Neyadi ascends to OSS hope at the Museum of the Future,https://www.youtube.com/watch?v=hKluYxp1L6s,museum_of_the_future متحف المستقبل,,,,
Inspiring Futures: Emirati Women's Day at the Museum of the Future,https://www.youtube.com/watch?v=IYb0Q0h-zPk,museum_of_the_future متحف المستقبل,,,,
Future Talks at the Museum of the Future - Idris & Sabrina Elba,https://www.youtube.com/watch?v=D1C9jGKMqKE,museum_of_the_future متحف المستقبل,,,,
Ep7 : How the World Will End: The Most Likely Scenarios | Docuseries: What Does The Future Hold?,https://www.youtube.com/watch?v=9nmqBAwnK78,museum_of_the_future متحف المستقبل,,,,
"Creating ""Bob the Barista"" - Behind the Scenes at the Museum of the Future",https://www.youtube.com/watch?v=b25txLrsquM,museum_of_the_future متحف المستقبل,,,,
Future Talks at the Museum of the Future - Hazza Al Mansoori & Susan Kilrain,https://www.youtube.com/watch?v=bzKoRD68XUs,museum_of_the_future متحف المستقبل,,,,
AMECA Joins the Guest Relations Team at The Museum of the Future,https://www.youtube.com/watch?v=wIgMjaTSAbI,museum_of_the_future متحف المستقبل,,,,
"Meet ""Aya"" - Behind the Scenes at the Museum of the future",https://www.youtube.com/watch?v=ZgnB9VwJkIw,museum_of_the_future متحف المستقبل,,,,
Ep6: Energy: How do we keep the Lights on? | Docuseries: What Does The Future Hold?,https://www.youtube.com/watch?v=ilp42wtzWpI,museum_of_the_future متحف المستقبل,,,,
Launching OSS Hope - Behind the Scenes at the Museum of the Future,https://www.youtube.com/watch?v=CB5kYvIWYYU,museum_of_the_future متحف المستقبل,,,,
Ep5: Urban Life in the City of the Future | Docuseries: What Does the Future Hold?,https://www.youtube.com/watch?v=uPM3vksV_Sc,museum_of_the_future متحف المستقبل,,,,
Ep4:  Artificial Intelligence: Humans and Robots | Docuseries: What Does the Future Hold?,https://www.youtube.com/watch?v=6RJIAxiU7GE,museum_of_the_future متحف المستقبل,,,,
Ep3: The Death of Death: How to Live Forever? | Docuseries: What Does the Future Hold?,https://www.youtube.com/watch?v=PtpnDSCEMhI,museum_of_the_future متحف المستقبل,,,,
Ep2: What Does it Mean to be Human? | Docuseries: What Does the Future Hold?,https://www.youtube.com/watch?v=4uLBG8kwGDw,museum_of_the_future متحف المستقبل,,,,
Ep1: The Future of Humanity by Dr. Michio Kaku  | Docuseries: What Does the Future Hold?,https://www.youtube.com/watch?v=3ZP6d67oi8g,museum_of_the_future متحف المستقبل,,,,
What Does The Future Hold? سلسلة وثائقية: ماذا يحمل لنا المستقبل؟ - إعلان,https://www.youtube.com/watch?v=G_vebeHS1JY,museum_of_the_future متحف المستقبل,,,,
دبي تبني المستقبل - الأغنية الرسمية,https://www.youtube.com/watch?v=mWy4985cik0,museum_of_the_future متحف المستقبل,,,,
"Happy 51st National Day, UAE.",https://www.youtube.com/watch?v=HLgUg-t752g,museum_of_the_future متحف المستقبل,,,,
El Da7ee7 | Ismail Yasin,https://www.youtube.com/watch?v=SYecJWaOYV4,museum_of_the_future متحف المستقبل,,,,
الدحيح | قصة فورد,https://www.youtube.com/watch?v=PSYv1-fbOM4,museum_of_the_future متحف المستقبل,,,,
الدحيح | التدخين,https://www.youtube.com/watch?v=HAw90AwUL_4,museum_of_the_future متحف المستقبل,,,,
الدحيح | السيميترية,https://www.youtube.com/watch?v=9yPfaRDQucg,museum_of_the_future متحف المستقبل,,,,
الدحيح | قصر الحمراء,https://www.youtube.com/watch?v=0EI92GH6A7Q,museum_of_the_future متحف المستقبل,,,,
الدحيح | تاريخ المطبخ,https://www.youtube.com/watch?v=3KEEVb0yLps,museum_of_the_future متحف المستقبل,,,,
الدحيح | العمى,https://www.youtube.com/watch?v=chd_EV5C3Xw,museum_of_the_future متحف المستقبل,,,,
Dubai: The City of Future - Drone Delivery,https://www.youtube.com/watch?v=elm7vgS2W6A,museum_of_the_future متحف المستقبل,,,,
الدحيح | الخلية العصبية جدًا,https://www.youtube.com/watch?v=qM6jPrMPTKk,museum_of_the_future متحف المستقبل,,,,
الدحيح | عيال كبار,https://www.youtube.com/watch?v=3XZCGd8V8QY,museum_of_the_future متحف المستقبل,,,,
الدحيح | بنزيما,https://www.youtube.com/watch?v=TfGS3PfxR20,museum_of_the_future متحف المستقبل,,,,
الدحيح | الليل,https://www.youtube.com/watch?v=Tv81q3MeI_U,museum_of_the_future متحف المستقبل,,,,
الدحيح | علم الوراثة,https://www.youtube.com/watch?v=DVryY-MqMSM,museum_of_the_future متحف المستقبل,,,,
الدحيح | المول,https://www.youtube.com/watch?v=yQhTMS7ngbI,museum_of_the_future متحف المستقبل,,,,
منتدى دبي للمستقبل,https://www.youtube.com/watch?v=Hgog64nkvxs,museum_of_the_future متحف المستقبل,,,,
!الدحيح | كمبيوترات حية,https://www.youtube.com/watch?v=SR1qcN00cGY,museum_of_the_future متحف المستقبل,,,,
El Da7ee7 | The Pearl,https://www.youtube.com/watch?v=u6iwYpMTzIU,museum_of_the_future متحف المستقبل,,,,
الدحيح | 3+2+1,https://www.youtube.com/watch?v=4DqkQdkhFKo,museum_of_the_future متحف المستقبل,,,,
الدحيح | الطاعون الأسود,https://www.youtube.com/watch?v=dL4CayiU8Y8,museum_of_the_future متحف المستقبل,,,,
الدحيح | الطيران,https://www.youtube.com/watch?v=Hkqwf9J_qJM,museum_of_the_future متحف المستقبل,,,,
El Da7ee7 | The Doppelgänger,https://www.youtube.com/watch?v=VVH4xx0Pl9o,museum_of_the_future متحف المستقبل,,,,
الدحيح | الملحمة العربية,https://www.youtube.com/watch?v=BNZz0zhjpZk,museum_of_the_future متحف المستقبل,,,,
الدحيح | حرب البسوس,https://www.youtube.com/watch?v=qpvFXPhzzFU,museum_of_the_future متحف المستقبل,,,,
الدحيح | الأزمة العالمية 2008,https://www.youtube.com/watch?v=7FW3H0W4FM0,museum_of_the_future متحف المستقبل,,,,
الدحيح | البحث عن عدو,https://www.youtube.com/watch?v=nxXgkVUAhTM,museum_of_the_future متحف المستقبل,,,,
الدحيح | كومباوند الفئران,https://www.youtube.com/watch?v=hyjsxH9PAOk,museum_of_the_future متحف المستقبل,,,,
الدحيح | الصدمة,https://www.youtube.com/watch?v=yfAV4fekQhw,museum_of_the_future متحف المستقبل,,,,
الدحيح | الثعبان,https://www.youtube.com/watch?v=IMiwSjv0BDE,museum_of_the_future متحف المستقبل,,,,
الدحيح | كيف تصنع قنبلة نووية؟,https://www.youtube.com/watch?v=hzODOOurR1g,museum_of_the_future متحف المستقبل,,,,
أهمية النحل في نظامنا البيئي,https://www.youtube.com/watch?v=bjbGZ0crVTA,museum_of_the_future متحف المستقبل,,,,
الدحيح | تاريخ الإنترنت,https://www.youtube.com/watch?v=3N8vu5DdLbE,museum_of_the_future متحف المستقبل,,,,
مستقبل الطاقة في متحف المستقبل,https://www.youtube.com/watch?v=kaj8iMWKcxQ,museum_of_the_future متحف المستقبل,,,,
الدحيح | اكتشاف مقبرة توت,https://www.youtube.com/watch?v=Ju3OdGrhpTY,museum_of_the_future متحف المستقبل,,,,
Celebrating #WorldCalligraphyDay,https://www.youtube.com/watch?v=3MuWS-_wFB4,museum_of_the_future متحف المستقبل,,,,
الدحيح | الكربون,https://www.youtube.com/watch?v=kEFLjuYARwU,museum_of_the_future متحف المستقبل,,,,
الدحيح | الحصان,https://www.youtube.com/watch?v=AXuALfza8zM,museum_of_the_future متحف المستقبل,,,,
الدحيح | الثقب الدودي,https://www.youtube.com/watch?v=a380m0dGE0Q,museum_of_the_future متحف المستقبل,,,,
الدحيح | الصرصار,https://www.youtube.com/watch?v=1gRzl1Gcg7w,museum_of_the_future متحف المستقبل,,,,
الدحيح | الاستثمار,https://www.youtube.com/watch?v=REvCUomHCR8,museum_of_the_future متحف المستقبل,,,,
الدحيح | الاكتئاب,https://www.youtube.com/watch?v=VtGGjIhTANM,museum_of_the_future متحف المستقبل,,,,
الدحيح | هيموفيليا,https://www.youtube.com/watch?v=h-rWUeEE3F4,museum_of_the_future متحف المستقبل,,,,
الدحيح | الكون عنده كم سنة؟,https://www.youtube.com/watch?v=nHD0742s6GA,museum_of_the_future متحف المستقبل,,,,
الدحيح | أيتام رومانيا,https://www.youtube.com/watch?v=CYI7DTBEiQ8,museum_of_the_future متحف المستقبل,,,,
الدحيح | كيف تكتب حلقة الدحيح؟,https://www.youtube.com/watch?v=sKOH3NtEnRo,museum_of_the_future متحف المستقبل,,,,
The Museum of the Future celebrating Eid متحف المستقبل يحتفل بعيد الأضحى المبارك,https://www.youtube.com/watch?v=oxfyqu1qrgY,museum_of_the_future متحف المستقبل,,,,
Meet the Museum of the Future team,https://www.youtube.com/watch?v=e48kzHor-vU,museum_of_the_future متحف المستقبل,,,,
قم بزيارة أجمل مبنى على وجه الأرض,https://www.youtube.com/watch?v=q9u2DCNuiwI,museum_of_the_future متحف المستقبل,,,,
Come experience the most Beautiful Building on Earth,https://www.youtube.com/watch?v=SGBL0bz-jkk,museum_of_the_future متحف المستقبل,,,,
الدحيح | الدجاجة,https://www.youtube.com/watch?v=VgZwTACxjL8,museum_of_the_future متحف المستقبل,,,,
الدحيح | علم الشخصية,https://www.youtube.com/watch?v=XPPWZlViqS4,museum_of_the_future متحف المستقبل,,,,
الدحيح | الجيش السويسري,https://www.youtube.com/watch?v=ZD-k56SO3WQ,museum_of_the_future متحف المستقبل,,,,
El Da7ee7 | The Influence of Movies and Songs,https://www.youtube.com/watch?v=ro_Vwk_LTHc,museum_of_the_future متحف المستقبل,,,,
الدحيح | 50 ساعة في اليوم,https://www.youtube.com/watch?v=VLJpKr9SreY,museum_of_the_future متحف المستقبل,,,,
Celebrating Wellness,https://www.youtube.com/watch?v=BY1a1uTeMvg,museum_of_the_future متحف المستقبل,,,,
El Da7ee7 | This Is Not Black,https://www.youtube.com/watch?v=Ou-ahyVWue0,museum_of_the_future متحف المستقبل,,,,
Your family's destination this summer!,https://www.youtube.com/watch?v=-13vJJXEOHc,museum_of_the_future متحف المستقبل,,,,
الدحيح | محطة الفضاء الدولية,https://www.youtube.com/watch?v=URTjXCcwo4Y,museum_of_the_future متحف المستقبل,,,,
الدحيح | بيل جيتس الشرير,https://www.youtube.com/watch?v=6KB8n3Q8MEY,museum_of_the_future متحف المستقبل,,,,
Together towards a better future,https://www.youtube.com/watch?v=VqMr_R780HI,museum_of_the_future متحف المستقبل,,,,
Where sustainability and creativity come together,https://www.youtube.com/watch?v=nDSPeU2VoxM,museum_of_the_future متحف المستقبل,,,,
الدحيح | الكرة العنصرية,https://www.youtube.com/watch?v=RhPZWz1_E8Q,museum_of_the_future متحف المستقبل,,,,
الدحيح | الضاد,https://www.youtube.com/watch?v=BYLLXnSZqIU,museum_of_the_future متحف المستقبل,,,,
الدحيح | بناء الأهرامات,https://www.youtube.com/watch?v=Gi0D5vHzimE,museum_of_the_future متحف المستقبل,,,,
الدحيح | نايكي,https://www.youtube.com/watch?v=HvWiDKNVEEo,museum_of_the_future متحف المستقبل,,,,
الدحيح | يمكننا صناعة الماس,https://www.youtube.com/watch?v=d_NbsKDXHis,museum_of_the_future متحف المستقبل,,,,
Meet Maitha AlMazroei,https://www.youtube.com/watch?v=68VxdsGeiEY,museum_of_the_future متحف المستقبل,,,,
Meet Ahmad AlShirawi,https://www.youtube.com/watch?v=Ajix5Mij7M0,museum_of_the_future متحف المستقبل,,,,
Meet Maitha AlMehairi,https://www.youtube.com/watch?v=xZ-JTiaiN3Y,museum_of_the_future متحف المستقبل,,,,
Meet Hamdan AlMemari,https://www.youtube.com/watch?v=M9vHsYywkXg,museum_of_the_future متحف المستقبل,,,,
Discover the Orrery at OSS Hope,https://www.youtube.com/watch?v=NjrrtxbooN4,museum_of_the_future متحف المستقبل,,,,
Celebrating International Women's Day,https://www.youtube.com/watch?v=Tj-luXXobrQ,museum_of_the_future متحف المستقبل,,,,
عزف فرقة الأوركسترا العربية الفيلهارمونية للنشيد الوطني خلال افتتاح متحف المستقبل,https://www.youtube.com/watch?v=WzlLTTzkAdc,museum_of_the_future متحف المستقبل,,,,
Think next time you blink,https://www.youtube.com/watch?v=gLOesHtj6yU,museum_of_the_future متحف المستقبل,,,,
متحف المستقبل .. جمال يتخطى حدود الواقع,https://www.youtube.com/watch?v=wJBBJzo-lk4,museum_of_the_future متحف المستقبل,,,,
متحف المستقبل .. تحفة معمارية تحمل لغتنا العربية,https://www.youtube.com/watch?v=OLWGV7PYOsI,museum_of_the_future متحف المستقبل,,,,
متحف المستقبل .. المتحف الأكثر تجدداً في العالم,https://www.youtube.com/watch?v=vGWNFbcHgKo,museum_of_the_future متحف المستقبل,,,,
Unfolding The Most Beautiful Building on Earth.,https://www.youtube.com/watch?v=IxDdeTF8Xeo,museum_of_the_future متحف المستقبل,,,,
Invitation from the Future,https://www.youtube.com/watch?v=JKtKqpe3_dM,museum_of_the_future متحف المستقبل,,,,
دعوة من المستقبل,https://www.youtube.com/watch?v=zUFhhIkLYyI,museum_of_the_future متحف المستقبل,,,,
